foodId,foodName,latinName,foodGroupId,uri,calories.quantity,calories.unit,energy.quantity,energy.unit,ediblePart.percent,alcohol,beta_carotene,c12:0_(lauric_acid),c14:0_(myristic_acid),c16:0_(palmitic_acid),c16:1_sum_(palmitoleic_acid),c18:0_(stearic_acid),c18:1_sum_(oleic_acid),c18:2n_6_(linoleic_acid),c18:3n_3_(alpha_linolenic_acid),c20:3n_3_(eicosatrienoic_acid),c20:3n_6_(dihomo_gamma_linolenic_acid_dgla),c20:4n_3_(eicosatetraenoic_acid),c20:4n_6_(arachidonic_acid),c20:5n_3_(eicosapentaenoic_acid_epa),c22:5n_3_(docosapentaenoic_acid_dpa),c22:6n_3_(docosahexaenoic_acid_dha),calcium_(ca),carbohydrate,cholesterol,copper_(cu),dietary_fibre,fat,iodine_(i),iron_(fe),magnesium_(mg),monounsaturated_fatty_acids,niacin_equivalents,omega_3,omega_6,phosphorus_(p),polyunsaturated_fatty_acids,potassium_(k),protein,retinol,salt_(nacl),saturated_fatty_acids,selenium_(se),sodium_(na),starch,sugar_added,sugar_free,sugar_total,trans_fatty_acids,vitamin_a_(rae),vitamin_a_(re),vitamin_b12_(cobalamin),vitamin_b1_(thiamin),vitamin_b2_(riboflavin),vitamin_b3_(niacin),vitamin_b6_(pyridoxine),vitamin_b9_(folate),vitamin_c_(askorbic_acid),vitamin_d,vitamin_e,water,zinc_(zn)
6.178,"Adzuki beans, uncooked",Vigna angularis (Willd.) Ohwi & H. Ohashi var. angularis,12,https://www.matvaretabellen.no/en/adzuki-beans-uncooked/,310.0,kcal,1312.4,kJ,100.0,0.0,12.0,0.0,0.0,0.12,0.0,0.03,0.05,0.11,0.0,0.0,0.0,0.0,0.0,0.0,0.0,0.0,66.0,50.2,0.0,1.09,13.0,0.5,,5.0,127.0,0.1,5.9,0.0,0.11,381.0,0.1,1254.0,19.9,0.0,0.0,0.2,3.0,5.0,47.2,0.0,0.0,3.0,0.0,1.0,2.0,0.0,0.46,0.22,2.6,0.35,622.0,0.0,0.0,,17.0,5.0
9.179,Agave syrup,,7.1,https://www.matvaretabellen.no/en/agave-syrup/,285.0,kcal,1211.9,kJ,100.0,0.0,0.0,0.0,0.0,0.0,0.0,0.0,0.0,0.0,0.0,0.0,0.0,0.0,0.0,0.0,0.0,0.0,74.0,70.2,0.0,0.24,0.0,0.5,0.0,0.3,34.0,0.0,0.0,0.0,0.0,2.0,0.0,220.0,0.0,0.0,0.0,0.3,1.0,4.0,0.0,70.2,70.2,70.2,0.0,0.0,0.0,0.0,0.0,0.01,0.0,0.0,0.0,0.0,0.0,0.0,29.0,0.1
8.254,Aioli,,8.3,https://www.matvaretabellen.no/en/aioli/,728.0,kcal,2996.188862745098,kJ,100.0,0.0,2.0,0.0,0.01,6.22,0.17,2.42,29.18,32.74,3.4,0.0,0.01,0.0,0.09,0.0,0.0,0.04,25.0,0.5,143.0,0.03,0.1,79.4,11.0,1.0,4.0,29.6,0.7,3.52,32.7,90.0,36.7,38.0,3.0,75.0,0.6,9.2,8.0,228.0,0.3,0.0,0.1,0.1,0.0,75.0,75.0,0.9,0.04,0.08,0.01,0.06,25.0,2.0,1.4,25.7,17.0,0.7
6.79,"Ajvar, sweet pepper sauce, home-made",,10.6,https://www.matvaretabellen.no/en/ajvar-sweet-pepper-sauce-home-made/,53.0,kcal,222.0,kJ,100.0,0.0,442.0,0.0,0.0,0.25,0.02,0.06,1.25,0.25,0.07,0.0,0.0,0.0,0.0,0.0,0.0,0.0,12.0,5.5,0.0,0.07,4.0,1.9,2.0,0.5,17.0,1.3,0.8,0.07,0.25,34.0,0.2,291.0,1.3,0.0,1.1,0.3,0.0,428.0,0.5,0.5,0.6,5.0,0.0,37.0,73.0,0.0,0.05,0.06,0.6,0.2,44.0,77.0,0.0,1.0,87.0,0.2
4.341,"Alaska pollock, raw","Theragra chalcogramma (Pallas, 1874)",4.1.2,https://www.matvaretabellen.no/en/alaska-pollock-raw/,72.0,kcal,305.0,kJ,,0.0,0.0,0.0,0.01,0.09,0.01,0.03,0.05,0.02,0.0,0.0,0.0,0.0,0.01,0.09,0.01,0.16,12.0,0.0,49.0,0.03,0.0,0.7,56.0,0.2,30.0,0.2,5.6,0.26,0.03,120.0,0.2,216.0,16.4,0.0,0.2,0.1,27.0,68.0,0.0,0.0,0.0,0.0,0.0,0.0,0.0,2.0,0.03,0.09,2.6,0.04,5.0,0.0,0.0,0.6,83.0,0.4
6.114,"Alfalfa seeds, sprouted, raw",Medicago sativa L. ssp. sativa,6.2,https://www.matvaretabellen.no/en/alfalfa-seeds-sprouted-raw/,27.0,kcal,112.0,kJ,100.0,0.0,96.0,0.0,0.0,0.06,0.0,0.01,0.06,0.23,0.18,0.0,0.0,0.0,0.0,0.0,0.0,0.0,32.0,0.3,0.0,0.16,2.0,0.7,0.3,1.0,27.0,0.1,1.2,0.18,0.23,70.0,0.4,79.0,4.0,0.0,0.0,0.1,1.0,6.0,0.0,0.0,0.0,0.3,0.0,8.0,16.0,0.0,0.04,0.06,0.5,0.03,36.0,2.0,0.0,0.0,93.0,0.9
13.098,Almond based beverage,,9.5,https://www.matvaretabellen.no/en/almond-based-beverage/,26.0,kcal,109.0,kJ,100.0,0.0,0.0,0.0,0.0,0.08,0.01,0.02,0.79,0.3,0.0,0.0,0.0,0.0,0.0,0.0,0.0,0.0,,3.5,0.0,0.02,0.2,1.3,0.1,0.1,6.0,0.8,0.1,0.0,0.3,67.0,0.3,17.0,0.0,0.0,0.1,0.1,0.0,49.0,0.4,2.3,2.3,3.1,0.0,0.0,0.0,0.0,0.0,0.0,0.09,0.0,0.4,0.0,0.0,0.0,95.0,0.0
13.099,"Almond based beverage, unsweetened, with calcium and vitamins (vit B2, vit B12, vit E, vit D)",,9.5,https://www.matvaretabellen.no/en/almond-based-beverage-unsweetened-with-calcium-and-vitamins-vit-b2-vit-b12-vit-e-vit-d/,13.0,kcal,52.0,kJ,100.0,0.0,0.0,0.0,0.0,0.1,0.01,0.03,0.95,0.28,0.0,0.0,0.0,0.0,0.0,0.0,0.0,0.0,150.0,0.1,0.0,,0.0,1.4,0.2,0.1,9.0,1.0,0.0,0.0,0.28,75.0,0.3,16.0,0.0,0.0,0.1,0.1,0.0,48.0,0.0,0.0,0.0,0.1,0.0,0.0,0.0,0.3,0.0,0.24,0.0,0.01,2.0,0.0,0.7,2.9,99.0,0.1
5.42,Almond flour,Amygdalus communis L.,5.1,https://www.matvaretabellen.no/en/almond-flour/,603.0,kcal,2492.41,kJ,100.0,0.0,3.0,0.0,0.0,3.3,0.25,0.76,32.95,13.1,0.0,0.0,0.0,0.0,0.0,0.0,0.0,0.0,270.0,4.0,0.0,0.92,10.0,53.1,0.0,3.6,280.0,33.4,6.8,,13.1,520.0,13.1,670.0,22.4,0.0,0.0,4.2,0.0,8.0,0.0,0.0,0.0,4.0,0.0,0.0,0.0,0.0,0.21,0.78,3.1,0.11,34.0,0.0,0.0,25.5,11.0,3.0
6.68,"Almond spread, home-made",,14.3,https://www.matvaretabellen.no/en/almond-spread-home-made/,581.0,kcal,2399.642679076479,kJ,100.0,0.0,0.0,0.0,0.0,3.08,0.22,0.82,29.96,10.92,0.0,0.0,0.0,0.0,0.0,0.0,0.0,0.0,255.0,6.9,0.0,0.97,10.0,50.1,0.6,3.4,251.0,30.2,5.2,0.0,10.92,457.0,10.9,719.0,20.4,0.0,2.9,3.9,2.0,1140.0,0.1,0.4,0.4,6.8,0.0,0.0,0.0,0.0,0.13,0.9,1.8,0.13,73.0,1.0,0.0,22.4,12.0,3.2
6.107,Almonds,Amygdalus communis L.,14.2,https://www.matvaretabellen.no/en/almonds/,601.0,kcal,2485.1,kJ,100.0,0.0,0.0,0.0,0.0,3.2,0.23,0.85,31.17,11.36,0.0,0.0,0.0,0.0,0.0,0.0,0.0,0.0,260.0,6.6,0.0,1.0,11.0,52.1,0.0,3.4,260.0,31.4,5.4,0.0,11.36,475.0,11.4,745.0,21.2,0.0,0.0,4.1,2.0,1.0,0.0,0.0,0.0,6.6,0.0,0.0,0.0,0.0,0.14,0.94,1.9,0.13,76.0,1.0,0.0,23.4,10.0,3.3
6.555,"Almonds, without peel",Amygdalus communis L.,14.2,https://www.matvaretabellen.no/en/almonds-without-peel/,600.0,kcal,2481.44,kJ,100.0,0.0,4.0,0.0,0.0,3.27,0.24,0.67,33.11,12.37,0.0,0.0,0.0,0.0,0.0,0.0,0.0,0.0,236.0,5.6,0.0,1.03,10.0,52.5,2.0,3.3,268.0,33.4,7.1,0.0,12.37,481.0,12.4,659.0,21.4,0.0,0.0,4.0,3.0,19.0,1.0,0.0,0.0,4.6,0.0,0.0,0.0,0.0,0.19,0.41,3.5,0.12,49.0,0.0,0.0,23.8,11.0,3.0
5.388,"Amaranth, uncooked",Amaranthaceae,5.2,https://www.matvaretabellen.no/en/amaranth-uncooked/,367.0,kcal,1546.86,kJ,100.0,0.0,1.0,0.0,0.01,1.15,0.0,0.22,1.67,2.74,0.04,0.0,0.0,0.0,0.0,0.0,0.0,0.0,159.0,59.0,0.0,0.53,7.0,7.0,,7.6,248.0,1.7,3.2,0.04,2.74,557.0,2.8,508.0,13.6,0.0,0.0,1.5,19.0,4.0,57.3,0.0,0.0,1.7,0.0,0.0,0.0,0.0,0.12,0.2,0.9,0.59,82.0,4.0,0.0,1.2,14.0,2.9
13.142,"Americano, coffee",,9.1,https://www.matvaretabellen.no/en/americano-coffee/,6.0,kcal,25.0,kJ,100.0,0.0,0.0,0.0,0.0,0.0,0.0,0.0,0.0,0.0,0.0,0.0,0.0,0.0,0.0,0.0,0.0,0.0,2.0,1.3,0.0,0.0,0.0,0.0,0.8,0.0,9.0,0.0,0.0,0.0,0.0,0.0,0.0,0.0,0.2,0.0,0.0,0.0,0.0,0.0,1.2,0.0,0.0,0.0,0.0,0.0,0.0,0.0,0.0,0.0,0.0,0.0,0.0,0.0,0.0,0.0,99.0,0.0
4.075,"Anchovies, canned","Engraulis encrasicolus (Linnaeus, 1758)",4.4,https://www.matvaretabellen.no/en/anchovies-canned/,216.0,kcal,903.0,kJ,100.0,0.0,0.0,0.0,0.55,1.79,0.46,0.38,2.45,2.34,0.06,0.01,0.01,0.05,0.04,0.61,0.07,0.92,99.0,12.1,90.0,0.16,0.0,13.1,16.0,1.3,13.0,5.5,4.5,1.95,2.38,141.0,3.4,145.0,12.5,54.0,6.9,3.0,20.0,2750.0,0.0,12.0,12.0,12.1,0.0,54.0,54.0,10.0,0.02,0.16,2.2,0.45,5.0,0.0,0.2,0.6,62.0,1.8
4.086,"Anchovy fillets, canned","Clupea harengus Linnaeus, 1758",4.4,https://www.matvaretabellen.no/en/anchovy-fillets-canned/,203.0,kcal,851.0,kJ,100.0,0.0,32.0,0.46,0.51,1.29,0.29,0.29,2.26,1.51,0.08,0.01,0.01,0.03,0.02,0.36,0.04,0.55,100.0,19.9,54.0,0.12,1.0,10.0,10.0,1.7,20.0,4.1,3.0,1.21,1.53,93.0,2.2,149.0,8.0,32.0,6.5,2.8,12.0,2590.0,0.5,19.1,19.1,19.4,0.0,35.0,37.0,6.0,0.02,0.14,1.5,0.3,9.0,2.0,0.1,0.8,61.0,1.2
4.25,"Angler fish, fillet, simmered","Lophius piscatorius Linnaeus, 1758",4.1.2,https://www.matvaretabellen.no/en/angler-fish-fillet-simmered/,80.0,kcal,341.0,kJ,100.0,0.0,0.0,0.0,0.0,0.02,0.0,0.0,0.02,0.0,0.0,0.0,0.0,0.0,0.0,0.01,0.0,0.03,8.0,0.0,42.0,0.0,0.0,0.2,21.0,0.0,27.0,0.0,8.2,0.05,0.0,227.0,0.0,428.0,19.8,120.0,0.3,0.0,45.0,116.0,0.0,0.0,0.0,0.0,0.0,120.0,120.0,1.1,0.03,0.07,2.3,0.27,14.0,0.0,1.5,0.8,80.0,0.5
4.211,"Angler fish, raw","Lophius piscatorius Linnaeus, 1758",4.1.2,https://www.matvaretabellen.no/en/angler-fish-raw/,64.0,kcal,272.0,kJ,34.0,0.0,0.0,0.0,0.0,0.01,0.0,0.0,0.01,0.0,0.0,0.0,0.0,0.0,0.0,0.01,0.0,0.02,5.0,0.0,25.0,0.0,0.0,0.1,14.0,0.0,19.0,0.0,4.9,0.03,0.0,160.0,0.0,342.0,15.8,80.0,0.2,0.0,30.0,82.0,0.0,0.0,0.0,0.0,0.0,80.0,80.0,0.8,0.03,0.06,2.0,0.23,12.0,0.0,1.0,0.5,84.0,0.3
6.195,Anise seeds,Pimpinella anisum L.,16,https://www.matvaretabellen.no/en/anise-seeds/,385.0,kcal,1606.95,kJ,100.0,0.0,192.0,0.0,0.0,0.0,0.0,0.0,9.78,3.15,0.0,0.0,0.0,0.0,0.0,0.0,0.0,0.0,646.0,35.5,0.0,0.91,15.0,15.9,,37.0,170.0,9.8,6.0,0.0,3.15,440.0,3.2,1441.0,17.6,0.0,0.0,0.6,5.0,16.0,,0.0,0.0,0.0,0.0,16.0,32.0,0.0,0.34,0.29,3.1,0.65,10.0,21.0,0.0,,17.0,5.3
6.804,Apple jam,,13.3,https://www.matvaretabellen.no/en/apple-jam/,179.0,kcal,762.0,kJ,100.0,0.0,5.0,0.0,0.0,0.0,0.0,0.0,0.0,0.0,0.0,0.0,0.0,0.0,0.0,0.0,0.0,0.0,1.0,44.4,0.0,0.01,0.9,0.0,0.8,0.0,2.0,0.0,0.1,0.0,0.0,2.0,0.0,23.0,0.0,0.0,0.0,0.0,0.0,0.0,0.2,40.0,40.0,44.2,0.0,0.0,0.0,0.0,0.0,0.0,0.07,0.02,0.8,2.0,0.0,0.2,55.0,0.0
6.802,"Apple jam, with less sugar",,13.3,https://www.matvaretabellen.no/en/apple-jam-with-less-sugar/,109.0,kcal,463.0,kJ,100.0,0.0,8.0,0.0,0.0,0.0,0.0,0.0,0.0,0.0,0.0,0.0,0.0,0.0,0.0,0.0,0.0,0.0,2.0,26.6,0.0,0.02,1.0,0.0,1.0,0.1,2.0,0.0,0.2,0.0,0.0,4.0,0.0,34.0,0.0,0.0,0.0,0.0,0.0,0.0,0.2,20.0,20.0,26.3,0.0,1.0,1.0,0.0,0.0,0.0,0.1,0.03,1.0,2.0,0.0,0.2,72.0,0.0
6.803,"Apple jam, without added sugar",,13.3,https://www.matvaretabellen.no/en/apple-jam-without-added-sugar/,39.0,kcal,164.0,kJ,100.0,0.0,13.0,0.0,0.0,0.0,0.0,0.0,0.0,0.0,0.0,0.0,0.0,0.0,0.0,0.0,0.0,0.0,2.0,8.8,0.0,0.02,2.0,0.0,2.0,0.1,3.0,0.0,0.2,0.0,0.0,5.0,0.0,50.0,0.0,0.0,0.0,0.0,0.0,0.0,0.3,0.0,0.0,8.4,0.0,1.0,2.0,0.0,0.01,0.0,0.2,0.04,3.0,4.0,0.0,0.3,89.0,0.0
6.571,Apple juice,Malus domestica Borkh.,9.2,https://www.matvaretabellen.no/en/apple-juice/,42.0,kcal,180.0,kJ,100.0,0.0,0.0,0.0,0.0,0.02,0.0,0.0,0.01,0.03,0.01,0.0,0.0,0.0,0.0,0.0,0.0,0.0,7.0,10.2,0.0,0.01,0.3,0.1,0.7,0.4,5.0,0.0,0.1,0.01,0.03,7.0,0.0,119.0,0.0,0.0,0.0,0.0,0.0,3.0,0.0,0.0,10.2,10.2,0.0,0.0,0.0,0.0,0.02,0.2,0.1,0.03,1.0,1.0,0.0,0.0,89.0,0.0
6.62,"Apple, Granny Smith, Golden Delicious, raw",Malus domestica Borkh.,13.2,https://www.matvaretabellen.no/en/apple-granny-smith-golden-delicious-raw/,41.0,kcal,171.0,kJ,90.0,0.0,34.0,0.0,0.0,0.0,0.0,0.0,0.0,0.0,0.0,0.0,0.0,0.0,0.0,0.0,0.0,0.0,4.0,8.8,0.0,0.05,3.0,0.1,2.0,0.1,4.0,0.0,0.1,0.0,0.0,8.0,0.0,62.0,0.0,0.0,0.0,0.0,0.0,0.0,0.0,0.0,0.0,8.8,0.0,3.0,5.0,0.0,0.01,0.0,0.1,0.04,3.0,0.0,0.0,0.3,89.0,0.0
6.621,"Apple, Ingrid Marie, raw",Malus domestica Borkh.,13.2,https://www.matvaretabellen.no/en/apple-ingrid-marie-raw/,48.0,kcal,201.0,kJ,91.0,0.0,16.0,0.0,0.0,0.0,0.0,0.0,0.0,0.0,0.0,0.0,0.0,0.0,0.0,0.0,0.0,0.0,2.0,10.7,0.0,0.03,2.0,0.1,2.0,0.1,4.0,0.0,0.1,0.0,0.0,6.0,0.0,68.0,0.0,0.0,0.0,0.0,0.0,0.0,0.4,0.0,0.0,10.3,0.0,1.0,2.0,0.0,0.01,0.01,0.1,0.05,2.0,5.0,0.0,0.4,87.0,0.0
6.529,"Apple, Norwegian, raw",Malus domestica Borkh.,13.2,https://www.matvaretabellen.no/en/apple-norwegian-raw/,49.0,kcal,206.0,kJ,91.0,0.0,16.0,0.0,0.0,0.0,0.0,0.0,0.0,0.0,0.0,0.0,0.0,0.0,0.0,0.0,0.0,0.0,3.0,11.0,0.0,0.03,2.0,0.1,2.0,0.1,4.0,0.0,0.3,0.0,0.0,6.0,0.0,63.0,0.0,0.0,0.0,0.0,0.0,0.0,0.4,0.0,0.0,10.6,0.0,1.0,2.0,0.0,0.01,0.01,0.2,0.05,3.0,5.0,0.0,0.4,87.0,0.0
6.848,"Apple, Pink lady, raw",Malus domestica Borkh.,13.2,https://www.matvaretabellen.no/en/apple-pink-lady-raw/,55.0,kcal,232.0,kJ,90.0,0.0,32.0,0.0,0.0,0.0,0.0,0.0,0.0,0.0,0.0,0.0,0.0,0.0,0.0,0.0,0.0,0.0,3.0,12.3,0.0,0.03,3.0,0.0,0.0,0.1,3.0,0.0,0.0,0.0,0.0,8.0,0.0,110.0,0.0,0.0,0.0,0.0,0.0,0.0,0.0,0.0,0.0,12.3,0.0,3.0,5.0,0.0,0.0,0.0,0.0,0.06,0.0,2.0,0.0,0.0,85.0,0.0
6.622,"Apple, Rød Aroma, raw",Malus domestica Borkh.,13.2,https://www.matvaretabellen.no/en/apple-rod-aroma-raw/,50.0,kcal,210.0,kJ,91.0,0.0,16.0,0.0,0.0,0.0,0.0,0.0,0.0,0.0,0.0,0.0,0.0,0.0,0.0,0.0,0.0,0.0,3.0,11.2,0.0,0.03,2.0,0.1,2.0,0.1,4.0,0.0,0.2,0.0,0.0,6.0,0.0,58.0,0.0,0.0,0.0,0.0,0.0,0.0,0.4,0.0,0.0,10.8,0.0,1.0,2.0,0.0,0.01,0.0,0.2,0.04,5.0,5.0,0.0,0.3,87.0,0.0
6.757,"Apple, imported, raw",Malus domestica Borkh.,13.2,https://www.matvaretabellen.no/en/apple-imported-raw/,48.0,kcal,202.0,kJ,90.0,0.0,33.0,0.0,0.0,0.0,0.0,0.0,0.0,0.0,0.0,0.0,0.0,0.0,0.0,0.0,0.0,0.0,3.0,10.6,0.0,0.04,3.0,0.0,1.0,0.1,3.0,0.0,0.1,0.0,0.0,8.0,0.0,86.0,0.0,0.0,0.0,0.0,0.0,0.0,0.0,0.0,0.0,10.6,0.0,3.0,5.0,0.0,0.01,0.0,0.09,0.05,1.0,1.0,0.0,0.1,87.0,0.0
6.758,"Apple, unspecified, raw",Malus domestica Borkh.,13.2,https://www.matvaretabellen.no/en/apple-unspecified-raw/,46.0,kcal,194.0,kJ,90.0,0.0,30.0,0.0,0.0,0.0,0.0,0.0,0.0,0.0,0.0,0.0,0.0,0.0,0.0,0.0,0.0,0.0,3.0,10.1,0.0,0.04,3.0,0.0,1.0,0.1,3.0,0.0,0.2,0.0,0.0,7.0,0.0,82.0,0.0,0.0,0.0,0.0,0.0,0.0,0.1,0.0,0.0,10.0,0.0,3.0,5.0,0.0,0.01,0.0,0.1,0.05,2.0,2.0,0.0,0.2,87.0,0.0
6.53,"Apples, canned",Malus domestica Borkh.,13.3,https://www.matvaretabellen.no/en/apples-canned/,69.0,kcal,291.0,kJ,100.0,0.0,30.0,0.0,0.0,0.08,0.0,0.01,0.02,0.15,0.03,0.0,0.0,0.0,0.0,0.0,0.0,0.0,4.0,15.0,0.0,0.02,2.0,0.5,0.1,0.2,2.0,0.0,0.0,0.03,0.15,5.0,0.2,112.0,0.2,0.0,0.0,0.1,0.0,4.0,0.0,9.3,9.3,15.0,0.0,3.0,5.0,0.0,0.09,0.01,0.0,0.03,1.0,0.0,0.0,0.1,83.0,0.0
6.531,"Apples, dried",Malus domestica Borkh.,13.3,https://www.matvaretabellen.no/en/apples-dried/,272.0,kcal,1151.8,kJ,100.0,0.0,91.0,0.0,0.0,0.12,0.0,0.02,0.03,0.21,0.04,0.0,0.0,0.0,0.0,0.0,0.0,0.0,16.0,60.1,0.0,0.11,10.0,0.5,8.0,0.5,16.0,0.0,1.2,0.04,0.21,43.0,0.3,540.0,2.0,0.0,0.0,0.1,0.0,16.0,0.0,0.0,0.0,60.1,0.0,8.0,15.0,0.0,0.0,0.16,0.9,0.13,0.0,0.0,0.0,1.5,28.0,0.5
6.792,Apricot jam,,13.3,https://www.matvaretabellen.no/en/apricot-jam/,175.0,kcal,743.0,kJ,100.0,0.0,694.0,0.0,0.0,0.0,0.0,0.0,0.02,0.01,0.0,0.0,0.0,0.0,0.0,0.0,0.0,0.0,6.0,42.6,0.0,0.04,0.8,0.2,0.0,0.1,4.0,0.1,0.2,0.0,0.01,8.0,0.0,97.0,0.3,0.0,0.0,0.0,0.0,0.0,0.0,40.0,40.0,42.6,0.0,58.0,115.0,0.0,0.0,0.01,0.1,0.03,0.0,2.0,0.0,0.3,56.0,0.1
6.522,"Apricots, canned, in syrup",Prunus armeniaca L.,13.3,https://www.matvaretabellen.no/en/apricots-canned-in-syrup/,70.0,kcal,297.0,kJ,100.0,0.0,789.0,0.0,0.0,0.01,0.0,0.0,0.07,0.03,0.0,0.0,0.0,0.0,0.0,0.0,0.0,0.0,11.0,16.1,0.0,0.08,2.0,0.1,2.0,0.4,8.0,0.0,0.4,0.0,0.03,13.0,0.0,138.0,0.5,0.0,0.0,0.0,0.0,4.0,0.0,13.7,13.7,16.1,0.0,66.0,131.0,0.0,0.02,0.02,0.3,0.05,2.0,3.0,0.0,0.6,82.0,0.1
6.523,"Apricots, dried",Prunus armeniaca L.,13.3,https://www.matvaretabellen.no/en/apricots-dried/,207.0,kcal,874.0,kJ,100.0,0.0,0.0,0.0,0.0,0.01,0.0,0.0,0.01,0.01,0.01,0.0,0.0,0.0,0.0,0.0,0.0,0.0,82.0,44.5,0.0,0.34,8.0,0.0,0.0,1.5,43.0,0.0,3.2,0.01,0.01,87.0,0.0,1300.0,3.0,0.0,0.0,0.0,0.0,0.0,6.4,0.0,0.0,38.2,0.0,0.0,0.0,0.0,0.02,0.04,2.7,0.1,23.0,2.0,0.0,3.4,44.0,0.4
6.521,"Apricots, raw",Prunus armeniaca L.,13.2,https://www.matvaretabellen.no/en/apricots-raw/,37.0,kcal,157.0,kJ,93.0,0.0,2040.0,0.0,0.0,0.01,0.0,0.0,0.04,0.02,0.0,0.0,0.0,0.0,0.0,0.0,0.0,0.0,16.0,6.6,0.0,0.11,2.0,0.4,0.0,0.3,9.0,0.2,0.4,0.0,0.02,20.0,0.1,268.0,0.8,0.0,0.0,0.0,0.0,1.0,0.0,0.0,0.0,6.6,0.0,170.0,340.0,0.0,0.0,0.02,0.3,0.07,0.0,5.0,0.0,0.8,90.0,0.1
6.011,"Artichoke, globe, raw",Cynara scolymus L.,6.2,https://www.matvaretabellen.no/en/artichoke-globe-raw/,28.0,kcal,117.0,kJ,43.0,0.0,90.0,0.0,0.0,0.03,0.0,0.0,0.01,0.05,0.02,0.0,0.0,0.0,0.0,0.0,0.0,0.0,41.0,1.3,0.0,0.09,5.0,0.2,0.5,0.7,22.0,0.0,1.8,0.02,0.05,38.0,0.1,360.0,2.8,0.0,0.1,0.1,0.0,27.0,0.0,0.0,0.0,1.3,0.0,8.0,15.0,0.0,0.06,0.05,1.3,0.03,68.0,2.0,0.0,0.2,91.0,0.5
6.014,"Asparagus, canned, drained",Asparagus officinalis L.,6.6,https://www.matvaretabellen.no/en/asparagus-canned-drained/,24.0,kcal,100.0,kJ,100.0,0.0,493.0,0.0,0.0,0.13,0.0,0.01,0.02,0.27,0.02,0.0,0.0,0.0,0.0,0.0,0.0,0.0,16.0,1.6,0.0,0.1,2.0,0.6,0.7,0.4,10.0,0.0,1.4,0.02,0.27,43.0,0.3,172.0,2.1,0.0,0.7,0.1,0.0,287.0,0.5,0.0,0.0,1.1,0.0,41.0,82.0,0.0,0.06,0.1,1.0,0.11,96.0,18.0,0.0,1.2,94.0,0.4
6.012,"Asparagus, raw",Asparagus officinalis L.,6.2,https://www.matvaretabellen.no/en/asparagus-raw/,22.0,kcal,93.0,kJ,53.0,0.0,440.0,0.0,0.0,0.04,0.0,0.0,0.0,0.04,0.01,0.0,0.0,0.0,0.0,0.0,0.0,0.0,24.0,2.0,0.0,0.06,2.0,0.1,0.2,2.1,14.0,0.0,1.4,0.01,0.04,52.0,0.1,202.0,2.2,0.0,0.0,0.0,1.0,2.0,0.1,0.0,0.0,1.9,0.0,37.0,73.0,0.0,0.14,0.14,1.0,0.09,52.0,6.0,0.0,1.1,94.0,0.5
6.015,"Aubergine, raw",Solanum melongena L.,6.2,https://www.matvaretabellen.no/en/aubergine-raw/,26.0,kcal,108.0,kJ,81.0,0.0,31.0,0.0,0.0,0.02,0.0,0.01,0.01,0.04,0.01,0.0,0.0,0.0,0.0,0.0,0.0,0.0,11.0,2.5,0.0,0.05,6.0,0.1,0.0,0.2,14.0,0.0,0.6,0.01,0.04,25.0,0.0,218.0,0.9,0.0,0.0,0.0,0.0,1.0,0.0,0.0,0.0,2.5,0.0,3.0,5.0,0.0,0.0,0.03,0.4,0.05,6.0,0.0,0.0,0.0,91.0,0.1
6.791,"Avocado and chick pea puree, Plantego",,10.6,https://www.matvaretabellen.no/en/avocado-and-chick-pea-puree-plantego/,168.0,kcal,696.0,kJ,100.0,0.0,25.0,0.0,0.0,1.54,0.43,0.12,8.25,2.34,0.43,0.0,0.0,0.0,0.0,0.0,0.0,0.0,34.0,5.1,0.0,0.25,3.0,14.0,0.3,0.9,28.0,8.0,1.7,0.44,2.36,70.0,3.0,348.0,4.0,0.0,0.2,2.0,2.0,73.0,4.1,0.0,0.0,1.0,0.0,2.0,4.0,0.0,0.05,0.09,1.0,0.19,27.0,9.0,0.0,2.7,74.0,0.9
6.258,"Avocado, frozen",Persea americana Mill.,6.2,https://www.matvaretabellen.no/en/avocado-frozen/,127.0,kcal,520.0,kJ,100.0,0.0,0.0,0.0,0.0,1.78,0.6,0.04,7.77,1.44,0.09,0.01,0.01,0.0,0.0,0.0,0.0,0.0,14.0,0.1,0.0,0.17,5.0,12.4,0.0,0.3,21.0,8.4,1.7,0.15,1.5,42.0,1.6,450.0,1.5,0.0,0.2,2.1,0.0,85.0,0.0,0.0,0.0,0.1,0.0,0.0,0.0,0.0,0.05,0.1,1.4,0.1,45.0,65.0,0.0,2.3,82.0,0.6
6.524,"Avocado, raw",Persea americana Mill.,6.2,https://www.matvaretabellen.no/en/avocado-raw/,191.0,kcal,787.0,kJ,74.0,0.0,48.0,0.0,0.0,2.82,0.95,0.07,12.34,2.28,0.15,0.01,0.01,0.0,0.0,0.0,0.0,0.0,19.0,0.4,0.0,0.25,3.0,19.6,0.6,0.5,27.0,12.7,2.4,0.16,2.31,57.0,2.6,583.0,1.8,0.0,0.0,3.4,0.0,7.0,0.0,0.0,0.0,0.4,0.0,4.0,8.0,0.0,0.09,0.09,2.1,0.3,31.0,1.0,0.0,2.2,75.0,0.6
6.218,"Baby carrot, baby corn, French beans, frozen",,6.6,https://www.matvaretabellen.no/en/baby-carrot-baby-corn-french-beans-frozen/,27.0,kcal,112.0,kJ,100.0,0.0,2844.0,0.0,0.0,0.04,0.0,0.0,0.04,0.09,0.03,0.0,0.0,0.0,0.0,0.0,0.0,0.0,35.0,3.0,0.0,0.06,2.0,0.3,1.0,0.8,11.0,0.0,0.6,0.02,0.09,23.0,0.1,223.0,1.8,0.0,0.2,0.0,0.0,69.0,0.5,0.0,0.0,2.4,0.0,237.0,474.0,0.0,0.03,0.05,0.4,0.05,24.0,10.0,0.0,0.2,93.0,0.2
6.148,"Baby corn, canned",Zea  mays L.,6.6,https://www.matvaretabellen.no/en/baby-corn-canned/,26.0,kcal,110.0,kJ,100.0,0.0,140.0,0.0,0.0,0.05,0.0,0.0,0.11,0.17,0.01,0.0,0.0,0.0,0.0,0.0,0.0,0.0,8.0,2.0,0.0,0.0,2.0,0.4,1.0,1.2,0.0,0.1,0.4,0.01,0.17,0.0,0.2,180.0,2.9,0.0,0.3,0.0,0.0,120.0,0.6,0.0,0.0,1.4,0.0,12.0,23.0,0.0,0.02,0.04,0.1,0.0,0.0,14.0,0.0,0.0,93.0,0.0
11.055,"Baby food, Sinlac special porridge, powder, Nestlé",,11,https://www.matvaretabellen.no/en/baby-food-sinlac-special-porridge-powder-nestle/,380.0,kcal,1603.4933333333338,kJ,100.0,0.0,0.0,0.0,0.31,1.78,0.01,0.29,3.15,1.85,0.17,0.0,0.0,0.0,0.0,0.0,0.0,0.0,530.0,59.6,1.0,0.5,3.0,9.1,32.0,12.0,73.0,3.2,5.5,0.17,1.85,317.0,2.0,350.0,13.6,343.0,0.3,3.3,4.0,117.0,43.1,0.0,,16.5,0.1,343.0,343.0,0.4,0.85,0.61,3.2,0.44,66.0,65.0,5.0,3.0,15.0,6.1
11.056,"Baby food, Sinlac special porridge, prepared, Nestlé",,11,https://www.matvaretabellen.no/en/baby-food-sinlac-special-porridge-prepared-nestle/,88.0,kcal,370.0,kJ,100.0,0.0,0.0,0.0,0.07,0.41,0.0,0.07,0.73,0.43,0.04,0.0,0.0,0.0,0.0,0.0,0.0,0.0,122.0,13.8,0.0,0.12,0.6,2.1,7.0,2.8,17.0,0.7,1.3,0.04,0.43,73.0,0.5,81.0,3.1,79.0,0.1,0.8,1.0,27.0,9.9,0.0,,3.8,0.0,79.0,79.0,0.1,0.2,0.14,0.7,0.1,15.0,15.0,1.2,0.7,80.0,1.4
11.091,"Baby food, in jars, beef and potatoes, from 12 months",,11,https://www.matvaretabellen.no/en/baby-food-in-jars-beef-and-potatoes-from-12-months/,72.0,kcal,302.0,kJ,100.0,0.0,808.0,0.0,0.03,0.39,0.05,0.22,1.5,0.45,0.16,0.0,0.0,0.0,0.0,0.0,0.0,0.0,14.0,7.8,5.0,0.06,2.0,3.1,2.0,0.6,17.0,1.6,1.7,0.16,0.45,46.0,0.6,241.0,2.6,1.0,0.3,0.7,1.0,106.0,5.6,0.0,0.0,2.1,0.0,69.0,135.0,0.2,0.04,0.03,1.0,0.11,11.0,7.0,0.0,0.8,85.0,0.5
11.081,"Baby food, in jars, beef stroganoff with pasta, from 15 months",,11,https://www.matvaretabellen.no/en/baby-food-in-jars-beef-stroganoff-with-pasta-from-15-months/,71.0,kcal,300.0,kJ,100.0,0.0,747.0,0.0,0.03,0.38,0.05,0.22,1.11,0.53,0.09,0.0,0.0,0.0,0.0,0.0,0.0,0.0,12.0,8.4,5.0,0.07,1.0,2.6,0.4,0.7,13.0,1.2,1.5,0.09,0.53,46.0,0.6,138.0,2.9,1.0,0.2,0.7,2.0,98.0,6.6,0.0,0.0,1.8,0.0,64.0,125.0,0.2,0.08,0.03,0.9,0.08,7.0,2.0,0.0,0.9,85.0,0.6
11.084,"Baby food, in jars, carrot and potatoes, from 4 months",,11,https://www.matvaretabellen.no/en/baby-food-in-jars-carrot-and-potatoes-from-4-months/,39.0,kcal,164.0,kJ,100.0,0.0,2233.0,0.0,0.0,0.07,0.0,0.03,0.75,0.36,0.1,0.0,0.0,0.0,0.0,0.0,0.0,0.0,14.0,5.7,0.0,0.03,1.0,1.4,0.4,0.2,8.0,0.8,0.6,0.1,0.36,19.0,0.5,110.0,0.4,0.0,0.0,0.1,0.0,5.0,3.4,0.0,0.0,2.3,0.0,186.0,372.0,0.0,0.02,0.01,0.4,0.05,8.0,2.0,0.0,0.6,91.0,0.1
11.094,"Baby food, in jars, carrot, from 4 months",,11,https://www.matvaretabellen.no/en/baby-food-in-jars-carrot-from-4-months/,22.0,kcal,92.0,kJ,100.0,0.0,4901.0,0.0,0.0,0.0,0.0,0.0,0.0,0.0,0.0,0.0,0.0,0.0,0.0,0.0,0.0,0.0,27.0,4.6,0.0,0.03,2.0,0.0,0.6,0.2,6.0,0.0,0.4,0.0,0.0,20.0,0.0,100.0,0.0,0.0,0.0,0.0,0.0,9.0,0.0,0.0,0.0,4.6,0.0,408.0,816.0,0.0,0.02,0.02,0.3,0.06,13.0,0.0,0.0,0.4,94.0,0.1
11.085,"Baby food, in jars, chicken meat balls and pasta, from 12 months",,11,https://www.matvaretabellen.no/en/baby-food-in-jars-chicken-meat-balls-and-pasta-from-12-months/,70.0,kcal,292.0,kJ,100.0,0.0,106.0,0.01,0.01,0.23,0.02,0.08,0.95,0.51,0.1,0.0,0.0,0.0,0.01,0.0,0.0,0.0,10.0,8.6,5.0,0.07,1.0,2.1,0.4,0.6,15.0,1.0,1.8,0.11,0.48,57.0,0.6,136.0,3.3,3.0,0.1,0.3,2.0,59.0,6.9,0.0,0.0,1.7,0.0,12.0,20.0,0.0,0.09,0.04,1.2,0.1,12.0,7.0,0.0,0.7,85.0,0.4
11.088,"Baby food, in jars, couscous and beef, from 12 months",,11,https://www.matvaretabellen.no/en/baby-food-in-jars-couscous-and-beef-from-12-months/,77.0,kcal,324.0,kJ,100.0,0.0,860.0,0.0,0.03,0.42,0.06,0.24,1.34,0.45,0.12,0.0,0.0,0.0,0.0,0.0,0.0,0.0,15.0,8.8,6.0,0.07,1.0,2.9,0.5,0.7,14.0,1.5,1.4,0.12,0.46,48.0,0.6,152.0,3.3,1.0,0.2,0.7,1.0,64.0,6.9,0.0,0.0,1.9,0.0,73.0,144.0,0.3,0.08,0.04,0.8,0.07,9.0,3.0,0.0,0.8,84.0,0.7
11.087,"Baby food, in jars, couscous and salmon, from 15 months",,11,https://www.matvaretabellen.no/en/baby-food-in-jars-couscous-and-salmon-from-15-months/,68.0,kcal,287.0,kJ,100.0,0.0,1077.0,0.0,0.02,0.17,0.03,0.05,0.98,0.53,0.13,0.0,0.0,0.01,0.01,0.03,0.01,0.05,12.0,8.5,7.0,0.05,1.0,2.3,0.8,0.3,12.0,1.1,1.5,0.25,0.55,45.0,0.8,113.0,2.9,2.0,0.2,0.3,2.0,87.0,6.4,0.0,0.0,2.1,0.0,92.0,181.0,0.4,0.04,0.03,0.9,0.08,7.0,1.0,0.5,0.6,85.0,0.2
11.083,"Baby food, in jars, meat balls and potatoes, from 12 months",,11,https://www.matvaretabellen.no/en/baby-food-in-jars-meat-balls-and-potatoes-from-12-months/,65.0,kcal,270.0,kJ,100.0,0.0,951.0,0.01,0.05,0.45,0.06,0.26,1.23,0.35,0.11,0.0,0.0,0.0,0.0,0.0,0.0,0.0,17.0,6.7,6.0,0.05,1.0,2.8,0.7,0.5,13.0,1.4,1.5,0.11,0.36,40.0,0.5,167.0,2.6,4.0,0.1,0.8,1.0,39.0,4.7,0.0,0.0,2.0,0.0,83.0,162.0,0.3,0.03,0.03,0.9,0.08,11.0,3.0,0.0,0.5,87.0,0.6
11.077,"Baby food, in jars, meat balls in brown sauce, from 8 months",,11,https://www.matvaretabellen.no/en/baby-food-in-jars-meat-balls-in-brown-sauce-from-8-months/,66.0,kcal,276.0,kJ,100.0,0.0,605.0,0.0,0.05,0.37,0.05,0.21,1.33,0.37,0.13,0.0,0.0,0.0,0.0,0.0,0.0,0.0,12.0,7.3,5.0,0.06,1.0,2.7,0.6,0.5,15.0,1.5,1.6,0.14,0.37,40.0,0.5,202.0,2.4,1.0,0.1,0.7,1.0,48.0,6.1,0.0,0.0,1.2,0.0,52.0,101.0,0.2,0.03,0.03,0.9,0.09,10.0,4.0,0.0,0.5,86.0,0.5
11.092,"Baby food, in jars, potatoes and broccoli, from 4 months",,11,https://www.matvaretabellen.no/en/baby-food-in-jars-potatoes-and-broccoli-from-4-months/,74.0,kcal,313.0,kJ,100.0,0.0,20.0,0.0,0.0,0.1,0.0,0.03,1.0,0.36,0.14,0.0,0.0,0.0,0.0,0.0,0.0,0.0,9.0,12.5,0.0,0.05,0.8,1.8,0.5,0.3,12.0,1.0,1.0,0.14,0.37,31.0,0.5,153.0,1.6,0.0,0.0,0.1,0.0,3.0,11.8,0.0,0.0,0.7,0.0,2.0,3.0,0.0,0.02,0.02,0.5,0.09,12.0,5.0,0.0,0.5,83.0,0.3
11.086,"Baby food, in jars, spaghetti bolognese, from 15 months",,11,https://www.matvaretabellen.no/en/baby-food-in-jars-spaghetti-bolognese-from-15-months/,74.0,kcal,309.0,kJ,100.0,0.0,608.0,0.01,0.04,0.43,0.04,0.24,1.31,0.48,0.13,0.0,0.0,0.0,0.0,0.0,0.0,0.0,11.0,8.7,6.0,0.06,1.0,2.8,0.5,0.7,12.0,1.4,1.5,0.13,0.48,42.0,0.6,121.0,2.8,3.0,0.2,0.6,2.0,97.0,6.9,0.0,0.0,1.7,0.0,53.0,104.0,0.2,0.08,0.03,0.8,0.07,7.0,6.0,0.0,0.8,85.0,0.6
11.093,"Baby food, in jars, vegetable risotto and turkey, from 12 months",,11,https://www.matvaretabellen.no/en/baby-food-in-jars-vegetable-risotto-and-turkey-from-12-months/,63.0,kcal,263.0,kJ,100.0,0.0,1148.0,0.0,0.0,0.15,0.01,0.05,1.34,0.5,0.17,0.0,0.0,0.0,0.0,0.0,0.0,0.0,7.0,7.4,6.0,0.02,0.7,2.4,1.0,0.1,7.0,1.4,1.4,0.18,0.51,30.0,0.7,64.0,2.4,0.0,0.2,0.2,1.0,83.0,6.0,0.0,0.0,1.5,0.0,96.0,191.0,0.1,0.02,0.02,0.7,0.07,9.0,0.0,0.0,0.6,87.0,0.3
11.08,"Baby food, in jars, vegetarian, from 6 months",,11,https://www.matvaretabellen.no/en/baby-food-in-jars-vegetarian-from-6-months/,55.0,kcal,229.0,kJ,100.0,0.0,813.0,0.0,0.0,0.19,0.02,0.05,1.11,0.14,0.02,0.0,0.0,0.0,0.0,0.0,0.0,0.0,26.0,6.4,0.0,0.09,3.0,1.7,0.0,0.6,12.0,1.1,0.8,0.02,0.14,38.0,0.2,199.0,1.8,0.0,0.0,0.3,2.0,1.0,3.4,0.0,0.0,3.1,0.0,68.0,135.0,0.0,0.02,0.03,0.4,0.08,19.0,3.0,0.0,0.8,87.0,0.3
11.089,"Baby food, in jars, wholemeal pasta with vegetables, from 12 months",,11,https://www.matvaretabellen.no/en/baby-food-in-jars-wholemeal-pasta-with-vegetables-from-12-months/,77.0,kcal,324.0,kJ,100.0,0.0,79.0,0.0,0.0,0.17,0.01,0.05,1.28,0.54,0.17,0.0,0.0,0.0,0.0,0.0,0.0,0.0,23.0,10.8,0.0,0.1,2.0,2.5,0.7,0.4,17.0,1.2,1.2,0.17,0.55,54.0,0.8,135.0,2.0,0.0,0.1,0.2,1.0,42.0,8.1,0.0,0.0,2.7,0.0,7.0,13.0,0.0,0.03,0.03,0.7,0.07,17.0,10.0,0.0,0.8,83.0,0.4
11.049,"Baby food, oatmeal porridge with banana and mango, from 8 months, powder, Nestlé",,11,https://www.matvaretabellen.no/en/baby-food-oatmeal-porridge-with-banana-and-mango-from-8-months-powder-nestle/,397.0,kcal,1672.9,kJ,100.0,0.0,57.0,0.0,0.06,1.98,0.02,0.26,4.48,1.92,0.36,0.0,0.0,0.0,0.0,0.0,0.0,0.0,557.0,58.6,5.0,0.22,5.0,9.9,45.0,10.0,89.0,4.6,6.4,0.36,1.92,437.0,2.3,777.0,16.0,240.0,0.3,2.4,5.0,110.0,32.5,0.0,,26.1,0.1,245.0,249.0,1.0,0.94,0.64,3.7,0.47,70.0,49.0,4.0,3.2,11.0,2.7
11.05,"Baby food, oatmeal porridge with banana and mango, from 8 months, prepared, Nestlé",,11,https://www.matvaretabellen.no/en/baby-food-oatmeal-porridge-with-banana-and-mango-from-8-months-prepared-nestle/,92.0,kcal,386.0,kJ,100.0,0.0,13.0,0.0,0.01,0.46,0.01,0.06,1.03,0.44,0.08,0.0,0.0,0.0,0.0,0.0,0.0,0.0,129.0,13.5,1.0,0.05,1.0,2.3,10.0,2.3,21.0,1.1,1.5,0.08,0.44,101.0,0.5,179.0,3.7,55.0,0.1,0.6,1.0,25.0,7.5,0.0,,6.0,0.0,56.0,57.0,0.2,0.22,0.15,0.9,0.11,16.0,11.0,0.9,0.7,79.0,0.6
11.047,"Baby food, oatmeal porridge, from 6 months, powder, Nestlé",,11,https://www.matvaretabellen.no/en/baby-food-oatmeal-porridge-from-6-months-powder-nestle/,417.0,kcal,1755.5566666666662,kJ,100.0,0.0,0.0,0.0,0.06,2.25,0.03,0.3,5.19,2.22,0.41,0.0,0.0,0.0,0.0,0.0,0.0,0.0,593.0,58.1,5.0,0.21,5.0,11.4,44.0,11.0,86.0,5.3,8.1,0.41,2.22,467.0,2.6,670.0,18.0,270.0,0.3,2.7,5.0,117.0,37.5,0.0,,20.6,0.1,270.0,270.0,1.1,1.1,0.67,5.1,0.56,44.0,46.0,6.0,3.2,8.0,3.0
11.048,"Baby food, oatmeal porridge, from 6 months, prepared, Nestlé",,11,https://www.matvaretabellen.no/en/baby-food-oatmeal-porridge-from-6-months-prepared-nestle/,96.0,kcal,405.0,kJ,100.0,0.0,0.0,0.0,0.01,0.52,0.01,0.07,1.2,0.51,0.09,0.0,0.0,0.0,0.0,0.0,0.0,0.0,137.0,13.4,1.0,0.05,1.0,2.6,10.0,2.5,20.0,1.2,1.9,0.1,0.51,108.0,0.6,155.0,4.2,62.0,0.1,0.6,1.0,27.0,8.7,0.0,,4.8,0.0,62.0,62.0,0.3,0.25,0.15,1.2,0.13,10.0,11.0,1.4,0.7,79.0,0.7
11.061,"Baby food, porridge with apple and pear, from 12 months, powder, Småfolk",,11,https://www.matvaretabellen.no/en/baby-food-porridge-with-apple-and-pear-from-12-months-powder-smafolk/,456.0,kcal,1910.26,kJ,100.0,0.0,0.0,0.0,0.12,4.46,0.03,0.64,7.32,3.71,0.41,0.0,0.0,0.0,0.0,0.0,0.0,0.0,663.0,53.2,6.0,0.21,8.0,18.2,52.0,12.0,84.0,7.4,6.2,0.42,3.71,453.0,4.1,863.0,16.0,380.0,0.4,5.4,4.0,157.0,25.9,0.0,,27.3,0.1,380.0,380.0,1.5,0.54,0.92,3.5,0.47,65.0,92.0,9.0,6.5,5.0,4.5
11.053,"Baby food, wholemeal porridge with exotic fruits and muesli, from 12 months, powder, Nestlé",,11,https://www.matvaretabellen.no/en/baby-food-wholemeal-porridge-with-exotic-fruits-and-muesli-from-12-months-powder-nestle/,390.0,kcal,1645.636666666666,kJ,100.0,0.0,66.0,0.0,0.05,1.88,0.02,0.26,4.25,1.52,0.34,0.0,0.0,0.0,0.0,0.0,0.0,0.0,550.0,60.1,5.0,0.15,4.0,9.2,52.0,11.0,62.0,4.3,7.3,0.34,1.52,353.0,1.9,663.0,14.8,237.0,0.3,2.3,4.0,117.0,38.0,0.0,,22.1,0.1,242.0,248.0,1.0,0.83,0.68,4.8,0.31,42.0,46.0,9.0,2.9,12.0,2.5
11.054,"Baby food, wholemeal porridge with exotic fruits and muesli, from 12 months, prepared, Nestlé",,11,https://www.matvaretabellen.no/en/baby-food-wholemeal-porridge-with-exotic-fruits-and-muesli-from-12-months-prepared-nestle/,90.0,kcal,380.0,kJ,100.0,0.0,15.0,0.0,0.01,0.43,0.0,0.06,0.98,0.35,0.08,0.0,0.0,0.0,0.0,0.0,0.0,0.0,127.0,13.9,1.0,0.03,0.9,2.1,12.0,2.5,14.0,1.0,1.7,0.08,0.35,81.0,0.4,153.0,3.4,55.0,0.1,0.5,1.0,27.0,8.8,0.0,,5.1,0.0,56.0,57.0,0.2,0.19,0.16,1.1,0.07,10.0,11.0,2.1,0.7,80.0,0.6
5.454,"Bagels, home-made",,5.5.1,https://www.matvaretabellen.no/en/bagels-home-made/,293.0,kcal,1233.9112612161846,kJ,100.0,0.0,20.0,0.12,0.41,1.68,0.13,0.58,1.91,2.09,0.07,0.0,0.0,0.0,0.01,0.0,0.0,0.01,63.0,42.6,31.0,0.21,4.0,8.5,4.0,1.4,45.0,2.1,3.0,0.07,2.07,145.0,2.2,177.0,9.8,40.0,1.2,3.3,4.0,486.0,41.0,1.2,1.2,1.6,0.1,42.0,43.0,0.1,0.24,0.09,1.3,0.1,34.0,1.0,0.7,0.8,35.0,1.2
12.009,"Bakers yeast, active, dry",,10.7,https://www.matvaretabellen.no/en/bakers-yeast-active-dry/,341.0,kcal,1426.3,kJ,100.0,0.0,0.0,0.0,0.0,0.74,1.97,0.26,1.95,0.03,0.0,0.0,0.0,0.0,0.0,0.0,0.0,0.0,30.0,14.3,0.0,5.0,27.0,7.6,10.0,2.2,54.0,4.3,46.9,0.0,0.03,637.0,0.0,955.0,40.4,0.0,0.1,1.0,3.0,51.0,14.3,0.0,0.0,0.0,0.0,0.0,0.0,0.0,10.99,4.0,40.2,1.5,2340.0,0.0,0.0,0.0,11.0,7.9
12.007,"Bakers yeast, compressed",,10.7,https://www.matvaretabellen.no/en/bakers-yeast-compressed/,107.0,kcal,448.0,kJ,100.0,0.0,0.0,0.0,0.0,0.17,0.45,0.06,0.44,0.01,0.0,0.0,0.0,0.0,0.0,0.0,0.0,0.0,19.0,10.0,0.0,0.15,8.0,1.9,1.0,3.3,40.0,1.1,13.7,0.0,0.01,336.0,0.0,601.0,8.4,0.0,0.1,0.2,8.0,30.0,10.0,0.0,0.0,0.0,0.0,0.0,0.0,0.0,1.88,1.13,12.3,0.43,785.0,0.0,0.0,0.0,72.0,10.0
12.018,Baking powder,,10.7,https://www.matvaretabellen.no/en/baking-powder/,172.0,kcal,731.0,kJ,100.0,0.0,0.0,0.0,0.0,0.0,0.0,0.0,0.0,0.0,0.0,0.0,0.0,0.0,0.0,0.0,0.0,0.0,1130.0,37.8,0.0,0.0,0.0,0.0,,0.0,9.0,0.0,0.9,0.0,0.0,8430.0,0.0,49.0,5.2,0.0,29.5,0.0,0.0,11800.0,37.8,0.0,0.0,0.0,0.0,0.0,0.0,0.0,0.0,0.0,0.0,0.0,0.0,0.0,0.0,0.0,57.0,2.8
10.133,Baking soda,,10.7,https://www.matvaretabellen.no/en/baking-soda/,0.0,kcal,0.0,kJ,100.0,0.0,0.0,0.0,0.0,0.0,0.0,0.0,0.0,0.0,0.0,0.0,0.0,0.0,0.0,0.0,0.0,0.0,0.0,0.0,0.0,0.0,0.0,0.0,,0.0,0.0,0.0,0.0,0.0,0.0,0.0,0.0,0.0,0.0,0.0,68.4,0.0,0.0,27360.0,0.0,0.0,0.0,0.0,0.0,0.0,0.0,0.0,0.0,0.0,0.0,0.0,0.0,0.0,0.0,0.0,100.0,0.0
10.129,Balsamic vinegar,,10.11,https://www.matvaretabellen.no/en/balsamic-vinegar/,62.0,kcal,263.0,kJ,100.0,0.0,0.0,0.0,0.0,0.0,0.0,0.0,0.0,0.0,0.0,0.0,0.0,0.0,0.0,0.0,0.0,0.0,27.0,15.0,0.0,0.03,0.0,0.0,,0.7,12.0,0.0,0.1,0.0,0.0,19.0,0.0,112.0,0.5,0.0,0.1,0.0,,23.0,0.0,0.0,0.0,15.0,0.0,0.0,0.0,0.0,0.0,0.0,0.0,0.0,0.0,0.0,0.0,0.0,85.0,0.1
6.119,"Bamboo shoots, canned",Bambusa spp.,6.6,https://www.matvaretabellen.no/en/bamboo-shoots-canned/,14.0,kcal,58.0,kJ,100.0,0.0,10.0,0.0,0.0,0.05,0.0,0.01,0.01,0.11,0.02,0.0,0.0,0.0,0.0,0.0,0.0,0.0,13.0,0.7,0.0,0.19,2.0,0.2,0.5,0.4,3.0,0.0,0.8,0.02,0.11,39.0,0.1,530.0,1.5,0.0,0.0,0.1,1.0,4.0,0.0,0.0,0.0,0.7,0.0,1.0,1.0,0.0,0.09,0.06,0.5,0.14,3.0,0.0,0.0,0.6,96.0,1.1
6.225,"Banana, dried, banana chips",,13.3,https://www.matvaretabellen.no/en/banana-dried-banana-chips/,499.0,kcal,2081.34,kJ,100.0,0.0,214.0,13.3,5.48,2.75,0.0,0.83,1.86,0.46,0.0,0.0,0.0,0.0,0.0,0.0,0.0,0.0,19.0,50.3,,0.15,5.0,31.0,0.0,0.7,80.0,1.9,1.4,0.0,0.46,71.0,0.5,560.0,2.1,0.0,0.0,25.9,2.0,0.0,36.3,5.5,5.5,14.0,,18.0,35.0,0.0,0.14,0.02,1.0,0.44,24.0,2.0,0.0,0.2,11.0,0.5
6.525,"Banana, raw",Musa ˣparadisiaca L.,13.2,https://www.matvaretabellen.no/en/banana-raw/,88.0,kcal,374.0,kJ,66.0,0.0,53.0,0.0,0.0,0.07,0.01,0.01,0.03,0.03,0.0,0.0,0.0,0.0,0.0,0.0,0.0,0.0,7.0,19.7,0.0,0.11,2.0,0.2,0.0,0.3,28.0,0.0,0.8,0.0,0.03,26.0,0.0,348.0,1.1,0.0,0.0,0.1,0.0,0.0,4.3,0.0,0.0,15.4,0.0,4.0,8.0,0.0,0.04,0.01,0.6,0.31,38.0,11.0,0.0,0.3,77.0,0.2
5.002,Barley flour,Hordeum vulgare L.,5.1,https://www.matvaretabellen.no/en/barley-flour/,334.0,kcal,1413.965,kJ,100.0,0.0,0.0,0.0,0.0,0.35,0.0,0.0,0.2,0.91,0.1,0.0,0.0,0.0,0.0,0.0,0.0,0.0,27.0,65.6,0.0,0.29,10.0,2.0,0.0,1.8,61.0,0.2,4.3,0.1,0.91,210.0,1.0,288.0,8.7,0.0,0.0,0.4,0.0,0.0,64.9,0.0,0.0,0.7,0.0,0.0,0.0,0.0,0.3,0.07,2.8,0.22,29.0,0.0,0.0,0.5,14.0,1.3
5.447,"Barley, cooked",Hordeum vulgare L.,5.2,https://www.matvaretabellen.no/en/barley-cooked/,103.0,kcal,438.0,kJ,100.0,0.0,0.0,0.0,0.0,0.06,0.0,0.0,0.04,0.15,0.02,0.0,0.0,0.0,0.0,0.0,0.0,0.0,8.0,20.7,0.0,0.2,3.0,0.3,0.2,0.7,22.0,0.0,2.4,0.02,0.15,90.0,0.2,66.0,2.7,0.0,0.0,0.1,1.0,1.0,20.4,0.0,0.0,0.3,0.0,0.0,0.0,0.0,0.02,0.02,1.4,0.06,5.0,0.0,0.0,0.2,73.0,0.4
5.001,"Barley, uncooked",Hordeum vulgare L.,5.2,https://www.matvaretabellen.no/en/barley-uncooked/,327.0,kcal,1384.13,kJ,100.0,0.0,0.0,0.0,0.01,0.21,0.0,0.01,0.12,0.51,0.06,0.0,0.0,0.0,0.0,0.0,0.0,0.0,23.0,65.4,0.0,0.61,11.0,1.1,0.5,2.2,66.0,0.1,7.1,0.06,0.51,285.0,0.5,290.0,8.6,0.0,0.0,0.2,3.0,2.0,64.5,0.0,0.0,0.9,0.0,0.0,0.0,0.0,0.13,0.11,5.7,0.33,20.0,0.0,0.0,0.7,14.0,1.3
6.151,"Basil, dried",Ocimum basilicum L.,16,https://www.matvaretabellen.no/en/basil-dried/,244.0,kcal,1012.85,kJ,100.0,0.0,378.0,0.0,0.05,1.04,0.17,1.08,1.07,0.2,0.3,0.0,0.0,0.0,0.0,0.0,0.0,0.0,2240.0,10.0,0.0,2.1,38.0,4.1,6.0,89.8,711.0,1.2,8.7,0.3,0.2,274.0,0.5,26.0,23.0,0.0,0.2,2.2,3.0,76.0,8.3,0.0,0.0,1.7,0.0,32.0,63.0,0.0,0.08,1.2,4.9,1.34,310.0,1.0,0.0,10.7,25.0,7.1
6.111,"Basil, fresh",Ocimum basilicum L.,16,https://www.matvaretabellen.no/en/basil-fresh/,23.0,kcal,97.0,kJ,64.0,0.0,3142.0,0.0,0.0,0.04,0.0,0.01,0.09,0.07,0.32,0.0,0.0,0.0,0.0,0.0,0.0,0.0,177.0,0.4,0.0,0.39,2.0,0.6,0.7,3.2,64.0,0.1,1.4,0.32,0.07,56.0,0.4,295.0,3.2,0.0,0.0,0.0,0.0,4.0,0.0,0.0,0.0,0.4,0.0,262.0,523.0,0.0,0.03,0.08,0.9,0.16,68.0,18.0,0.0,0.8,94.0,0.8
6.177,"Bay leaf, dried",,16,https://www.matvaretabellen.no/en/bay-leaf-dried/,353.0,kcal,1476.6,kJ,100.0,0.0,3710.0,0.53,0.21,1.27,0.14,0.16,1.5,1.24,1.05,0.0,0.0,0.0,0.0,0.0,0.0,0.0,830.0,48.6,0.0,0.42,26.0,8.4,,43.0,120.0,1.6,3.3,1.05,1.24,110.0,2.3,530.0,7.6,0.0,0.1,2.3,3.0,23.0,0.0,0.0,0.0,48.6,0.0,309.0,618.0,0.0,0.01,0.42,2.0,1.74,0.0,0.0,0.0,,9.0,3.7
6.132,"Beans, black, canned",Phaseolus L.,12,https://www.matvaretabellen.no/en/beans-black-canned/,70.0,kcal,293.0,kJ,100.0,0.0,0.0,0.0,0.0,0.25,0.0,0.01,0.09,0.24,0.2,0.0,0.0,0.0,0.0,0.0,0.0,0.0,71.0,4.3,0.0,0.24,9.0,1.0,0.0,2.0,41.0,0.1,1.7,0.2,0.24,110.0,0.5,265.0,6.6,0.0,0.4,0.2,0.0,160.0,3.4,0.0,0.0,0.9,0.0,0.0,0.0,0.0,0.1,0.1,0.3,0.0,12.0,0.0,0.0,0.0,79.0,0.9
6.735,"Beans, brown, cooked ",Phaseolus L.,12,https://www.matvaretabellen.no/en/beans-brown-cooked/,126.0,kcal,531.0,kJ,100.0,0.0,8.0,0.0,0.0,0.08,0.0,0.01,0.05,0.13,0.21,0.0,0.0,0.0,0.0,0.0,0.0,0.0,48.0,17.7,0.0,0.15,7.0,0.6,3.0,1.8,46.0,0.0,2.4,0.21,0.13,158.0,0.3,325.0,9.0,0.0,0.0,0.1,1.0,8.0,15.8,0.0,0.0,1.8,0.0,1.0,1.0,0.0,0.15,0.06,0.6,0.09,82.0,0.0,0.0,0.1,66.0,0.8
6.023,"Beans, brown, uncooked",Phaseolus L.,12,https://www.matvaretabellen.no/en/beans-brown-uncooked/,313.0,kcal,1318.9,kJ,100.0,0.0,18.0,0.0,0.0,0.2,0.0,0.03,0.12,0.33,0.52,0.0,0.0,0.0,0.0,0.0,0.0,0.0,135.0,44.6,0.0,0.5,16.0,1.5,7.0,5.0,131.0,0.1,5.9,0.52,0.33,420.0,0.9,1040.0,22.0,0.0,0.1,0.2,2.0,25.0,40.0,0.0,0.0,4.6,0.0,2.0,3.0,0.0,0.55,0.2,2.2,0.3,394.0,0.0,0.0,0.3,16.0,2.0
6.741,"Beans, green, French, frozen",Phaseolus L.,12,https://www.matvaretabellen.no/en/beans-green-french-frozen/,25.0,kcal,105.0,kJ,100.0,0.0,338.0,0.0,0.0,0.04,0.0,0.01,0.01,0.04,0.07,0.0,0.0,0.0,0.0,0.0,0.0,0.0,71.0,1.8,0.0,0.07,4.0,0.4,0.0,0.9,27.0,0.0,0.7,0.07,0.04,45.0,0.1,290.0,1.9,0.0,0.0,0.1,0.0,3.0,1.1,0.0,0.0,0.7,0.0,28.0,56.0,0.0,0.06,0.07,0.4,0.06,48.0,12.0,0.0,0.3,92.0,0.3
6.098,"Beans, green, French, raw",Phaseolus L.,12,https://www.matvaretabellen.no/en/beans-green-french-raw/,27.0,kcal,114.0,kJ,100.0,0.0,110.0,0.0,0.0,0.02,0.0,0.0,0.0,0.02,0.03,0.0,0.0,0.0,0.0,0.0,0.0,0.0,51.0,3.4,0.0,0.07,3.0,0.1,1.0,1.2,26.0,0.0,1.0,0.03,0.02,40.0,0.1,284.0,1.7,0.0,0.0,0.0,1.0,0.0,1.0,0.0,0.0,2.4,0.0,9.0,18.0,0.0,0.05,0.06,0.7,0.1,57.0,7.0,0.0,0.1,92.0,0.4
6.846,"Beans, in chili sauce, canned",,12,https://www.matvaretabellen.no/en/beans-in-chili-sauce-canned/,62.0,kcal,260.0,kJ,100.0,0.0,70.0,0.0,0.01,0.2,0.02,0.08,0.12,0.37,0.11,0.0,0.0,0.0,0.0,0.0,0.0,0.0,41.0,5.7,0.0,0.19,7.0,0.9,0.0,1.5,32.0,0.2,1.3,0.12,0.36,94.0,0.6,305.0,4.5,0.0,0.9,0.1,1.0,360.0,5.2,0.5,0.5,0.5,0.0,6.0,11.0,0.0,0.1,0.1,0.5,0.1,14.0,0.0,0.0,0.5,82.0,0.6
6.089,"Beans, mung, uncooked",Vigna radiata (L.) R.Wilczek,12,https://www.matvaretabellen.no/en/beans-mung-uncooked/,295.0,kcal,1247.8,kJ,100.0,0.0,24.0,0.0,0.0,0.25,0.0,0.07,0.16,0.36,0.03,0.0,0.0,0.0,0.0,0.0,0.0,0.0,89.0,42.4,0.0,0.47,10.0,1.1,7.0,6.0,150.0,0.1,6.1,0.03,0.36,360.0,0.5,1250.0,23.9,0.0,0.0,0.3,16.0,12.0,40.9,0.0,0.0,1.5,0.0,2.0,4.0,0.0,0.36,0.26,2.1,0.38,140.0,0.0,0.0,0.5,23.0,2.7
6.133,"Beans, red (kidney), canned",Phaseolus L.,12,https://www.matvaretabellen.no/en/beans-red-kidney-canned/,73.0,kcal,307.0,kJ,100.0,0.0,0.0,0.0,0.01,0.18,0.02,0.08,0.03,0.18,0.11,0.0,0.0,0.0,0.0,0.0,0.0,0.0,46.0,6.7,0.0,0.23,8.0,0.7,0.0,1.5,32.0,0.1,1.9,0.11,0.18,97.0,0.4,255.0,6.1,0.0,0.4,0.1,2.0,170.0,5.7,0.0,0.0,1.0,0.0,0.0,0.0,0.0,0.1,0.4,0.4,0.0,16.0,7.0,0.0,0.0,79.0,0.8
6.09,"Beans, red (kidney), uncooked",Phaseolus L.,12,https://www.matvaretabellen.no/en/beans-red-kidney-uncooked/,238.0,kcal,995.0,kJ,100.0,0.0,4.0,0.0,0.0,0.18,0.0,0.02,0.11,0.31,0.48,0.0,0.0,0.0,0.0,0.0,0.0,0.0,102.0,22.1,0.0,0.74,31.0,1.4,0.0,5.2,139.0,0.1,5.6,0.48,0.31,430.0,0.8,1290.0,19.0,0.0,0.0,0.2,2.0,0.0,18.7,0.0,0.0,3.4,0.0,0.0,0.0,0.0,0.26,0.13,1.9,0.33,93.0,0.0,0.0,0.1,27.0,2.4
6.252,"Beans, red, kidney, cooked",Phaseolus L.,12,https://www.matvaretabellen.no/en/beans-red-kidney-cooked/,116.0,kcal,485.0,kJ,100.0,0.0,2.0,0.0,0.0,0.09,0.0,0.01,0.05,0.15,0.23,0.0,0.0,0.0,0.0,0.0,0.0,0.0,43.0,10.5,0.0,0.26,15.0,0.7,0.0,2.2,59.0,0.0,2.8,0.23,0.15,194.0,0.4,484.0,9.3,0.0,0.0,0.1,1.0,0.0,8.9,0.0,0.0,1.6,0.0,0.0,0.0,0.0,0.08,0.05,0.6,0.12,23.0,0.0,0.0,0.0,64.0,1.1
6.083,"Beans, soya, uncooked",Glycine max (L.) Merr.,12,https://www.matvaretabellen.no/en/beans-soya-uncooked/,384.0,kcal,1599.2,kJ,100.0,0.0,12.0,0.0,0.04,1.7,0.04,0.57,3.49,7.98,1.07,0.0,0.0,0.0,0.0,0.0,0.0,0.0,240.0,10.3,0.0,1.55,16.0,18.6,7.0,9.7,250.0,3.5,8.2,1.07,7.98,650.0,9.1,1730.0,35.9,0.0,0.0,2.3,14.0,5.0,4.8,0.0,0.0,5.5,0.0,1.0,2.0,0.0,0.61,0.27,2.2,0.38,370.0,0.0,0.0,0.9,20.0,4.3
6.251,"Beans, white, cooked",Phaseolus L.,12,https://www.matvaretabellen.no/en/beans-white-cooked/,118.0,kcal,492.0,kJ,100.0,0.0,0.0,0.0,0.0,0.1,0.0,0.01,0.04,0.1,0.08,0.0,0.0,0.0,0.0,0.0,0.0,0.0,69.0,9.8,0.0,0.25,17.0,0.4,0.0,2.3,68.0,0.0,2.7,0.08,0.1,185.0,0.2,545.0,10.3,0.0,0.0,0.1,1.0,0.0,8.3,0.0,0.0,1.5,0.0,0.0,0.0,0.0,0.1,0.06,0.5,0.14,22.0,0.0,0.0,0.0,63.0,1.0
6.024,"Beans, white, in tomato sauce, canned",,12,https://www.matvaretabellen.no/en/beans-white-in-tomato-sauce-canned/,63.0,kcal,265.0,kJ,100.0,0.0,44.0,0.0,0.0,0.14,0.0,0.04,0.6,0.39,0.08,0.0,0.0,0.0,0.0,0.0,0.0,0.0,41.0,6.0,0.0,0.15,6.0,1.4,0.0,1.3,28.0,0.6,1.2,0.08,0.39,78.0,0.5,245.0,3.7,0.0,0.6,0.2,1.0,225.0,2.4,0.8,0.8,3.6,0.0,4.0,7.0,0.0,0.1,0.1,0.3,0.1,11.0,1.0,0.0,0.2,83.0,0.5
6.134,"Beans, white, large, canned",Phaseolus L.,12,https://www.matvaretabellen.no/en/beans-white-large-canned/,98.0,kcal,412.0,kJ,100.0,0.0,0.0,0.0,0.0,0.22,0.0,0.01,0.08,0.21,0.18,0.0,0.0,0.0,0.0,0.0,0.0,0.0,44.0,12.4,0.0,,7.0,0.8,0.6,1.3,34.0,0.1,1.6,0.18,0.21,91.0,0.5,320.0,6.9,0.0,0.6,0.1,0.0,240.0,11.7,0.0,0.0,0.7,0.0,0.0,0.0,0.0,0.04,0.04,0.4,0.11,22.0,0.0,0.0,0.0,73.0,0.5
6.084,"Beans, white, uncooked",Phaseolus L.,12,https://www.matvaretabellen.no/en/beans-white-uncooked/,242.0,kcal,1009.46,kJ,100.0,0.0,0.0,0.0,0.0,0.21,0.0,0.01,0.07,0.2,0.17,0.0,0.0,0.0,0.0,0.0,0.0,0.0,162.0,20.5,0.0,0.73,34.0,0.9,0.0,5.5,161.0,0.1,5.4,0.17,0.2,410.0,0.4,1453.0,21.0,0.0,0.0,0.2,2.0,0.0,17.4,0.0,0.0,3.1,0.0,0.0,0.0,0.0,0.32,0.16,1.5,0.41,88.0,0.0,0.0,0.0,24.0,2.2
3.442,"Beef patties, First Price",,3.5,https://www.matvaretabellen.no/en/beef-patties-first-price/,209.0,kcal,868.0,kJ,100.0,0.0,0.0,0.0,0.23,2.77,0.37,1.65,6.02,1.23,0.27,0.0,0.0,0.0,0.05,0.0,0.02,0.0,19.0,6.3,55.0,0.05,1.0,14.1,3.0,1.1,14.0,6.5,5.6,0.29,1.31,140.0,1.7,240.0,13.6,12.0,1.7,4.8,7.0,690.0,5.4,0.0,0.0,0.9,,12.0,12.0,0.9,0.09,0.13,3.1,0.1,6.0,1.0,0.0,0.5,65.0,2.1
3.439,"Beef patties, Gilde",,3.5,https://www.matvaretabellen.no/en/beef-patties-gilde/,128.0,kcal,533.0,kJ,100.0,0.0,0.0,0.0,0.27,2.18,0.4,1.43,3.63,0.14,0.05,0.0,0.0,0.0,0.02,0.0,0.01,0.0,35.0,2.8,35.0,0.04,1.0,7.5,5.0,1.2,16.0,4.2,4.9,0.06,0.16,140.0,0.3,280.0,11.7,7.0,1.8,4.0,4.0,720.0,1.1,0.0,0.0,1.7,,7.0,7.0,1.5,0.04,0.14,2.8,0.11,5.0,1.0,0.0,0.3,77.0,2.3
3.44,"Beef patties, Prima",,3.5,https://www.matvaretabellen.no/en/beef-patties-prima/,198.0,kcal,824.0,kJ,100.0,0.0,0.0,0.0,0.2,2.9,0.35,1.59,6.46,1.66,0.28,0.0,0.0,0.0,0.07,0.0,0.02,0.0,17.0,5.0,33.0,0.05,1.0,14.3,1.0,0.7,14.0,6.9,5.2,0.3,1.77,140.0,2.1,220.0,11.8,4.0,1.8,4.8,9.0,720.0,3.7,0.0,0.0,1.3,,4.0,4.0,0.7,0.25,0.13,3.0,0.14,6.0,0.0,0.0,0.4,68.0,1.7
3.441,"Beef patties, X-tra",,3.5,https://www.matvaretabellen.no/en/beef-patties-x-tra/,248.0,kcal,1028.0,kJ,100.0,0.0,0.0,0.0,0.29,3.7,0.5,2.01,8.5,2.03,0.37,0.0,0.0,0.0,0.08,0.0,0.03,0.0,15.0,6.0,42.0,0.06,0.0,19.1,4.0,1.5,16.0,9.1,5.3,0.42,2.16,150.0,2.7,220.0,12.9,6.0,2.1,6.3,8.0,850.0,5.5,0.0,0.0,0.5,,6.0,6.0,1.1,0.49,0.1,2.9,0.13,6.0,0.0,0.0,0.9,62.0,1.9
3.137,"Beef patties, industrially made",,3.5,https://www.matvaretabellen.no/en/beef-patties-industrially-made/,195.0,kcal,812.0,kJ,100.0,0.0,0.0,0.0,0.25,2.88,0.4,1.67,6.15,1.26,0.24,0.0,0.0,0.0,0.06,0.0,0.02,0.0,22.0,5.0,41.0,0.05,0.7,13.8,3.0,1.1,15.0,6.5,5.2,0.27,1.35,143.0,1.7,240.0,12.5,7.0,1.9,4.8,7.0,745.0,3.9,0.0,0.0,1.1,,7.0,7.0,1.0,0.22,0.13,3.0,0.12,6.0,1.0,0.0,0.5,68.0,2.0
3.136,"Beef patties, raw",,3.5,https://www.matvaretabellen.no/en/beef-patties-raw/,198.0,kcal,823.0,kJ,100.0,0.0,0.0,0.0,0.35,3.32,0.43,2.45,4.64,0.26,0.09,0.0,0.01,0.0,0.04,0.01,0.02,0.0,50.0,4.4,37.0,0.05,0.1,14.0,4.0,1.2,19.0,5.4,5.5,0.16,0.31,110.0,0.5,214.0,13.6,6.0,1.3,6.7,5.0,502.0,2.7,0.0,0.0,1.6,0.4,6.0,6.0,0.6,0.04,0.09,2.9,0.13,5.0,0.0,0.2,0.3,68.0,2.9
3.28,"Beef, boiled","Bos taurus Linnaeus, 1758",3.3,https://www.matvaretabellen.no/en/beef-boiled/,159.0,kcal,668.0,kJ,100.0,0.0,5.0,0.0,0.13,1.18,0.21,0.8,1.69,0.11,0.04,0.0,0.0,0.0,0.02,0.0,0.01,0.0,5.0,0.0,73.0,0.1,0.0,5.1,3.0,2.9,18.0,2.1,13.3,0.04,0.12,153.0,0.2,248.0,28.3,4.0,0.1,2.4,10.0,28.0,0.0,0.0,0.0,0.0,0.2,4.0,4.0,1.1,0.02,0.05,3.8,0.11,7.0,0.0,0.1,0.3,67.0,5.4
3.057,"Beef, chuck roll, raw","Bos taurus Linnaeus, 1758",3.3,https://www.matvaretabellen.no/en/beef-chuck-roll-raw/,173.0,kcal,724.0,kJ,100.0,0.0,12.0,0.0,0.28,2.33,0.45,1.55,3.51,0.15,0.06,0.0,0.0,0.0,0.01,0.0,0.02,0.0,5.0,0.0,63.0,0.06,0.0,10.0,2.0,2.6,20.0,4.3,7.5,0.1,0.2,155.0,0.3,330.0,20.8,7.0,0.1,4.6,3.0,56.0,0.0,0.0,0.0,0.0,0.3,8.0,9.0,2.2,0.03,0.05,3.7,0.16,6.0,0.0,0.2,0.4,69.0,7.0
3.221,"Beef, clod (shoulder), for roast, without bone, raw","Bos taurus Linnaeus, 1758",3.3,https://www.matvaretabellen.no/en/beef-clod-shoulder-for-roast-without-bone-raw/,141.0,kcal,590.0,kJ,100.0,0.0,6.0,0.0,0.17,1.43,0.39,0.66,2.33,0.13,0.04,0.0,0.01,0.0,0.02,0.0,0.01,0.0,4.0,0.0,56.0,0.08,0.0,6.3,2.0,2.4,23.0,3.0,8.4,0.05,0.13,165.0,0.2,360.0,21.0,4.0,0.1,2.5,8.0,49.0,0.0,0.0,0.0,0.0,0.2,5.0,5.0,1.7,0.03,0.04,4.5,0.1,7.0,0.0,0.1,0.3,73.0,3.9
3.056,"Beef, inside round, topside, raw","Bos taurus Linnaeus, 1758",3.3,https://www.matvaretabellen.no/en/beef-inside-round-topside-raw/,114.0,kcal,480.0,kJ,100.0,0.0,3.0,0.0,0.06,0.58,0.11,0.31,0.91,0.08,0.02,0.0,0.01,0.0,0.02,0.0,0.01,0.0,4.0,0.0,51.0,0.06,0.0,2.5,2.0,1.7,21.0,1.1,9.8,0.0,0.1,160.0,0.2,340.0,22.8,2.0,0.1,1.0,6.0,40.0,0.0,0.0,0.0,0.0,0.1,2.0,2.0,1.5,0.04,0.05,5.6,0.2,9.0,0.0,0.0,0.3,75.0,3.4
3.476,"Beef, meat, raw","Bos taurus Linnaeus, 1758",3.3,https://www.matvaretabellen.no/en/beef-meat-raw/,131.0,kcal,549.0,kJ,100.0,0.0,4.0,0.0,0.12,1.1,0.19,0.74,1.58,0.1,0.04,0.0,0.0,0.0,0.02,0.0,0.01,0.0,4.0,0.0,51.0,0.07,0.0,4.7,2.0,2.1,21.0,2.0,9.3,0.04,0.11,165.0,0.2,347.0,22.0,3.0,0.1,2.2,7.0,44.0,0.0,0.0,0.0,0.0,0.2,4.0,3.0,1.2,0.03,0.04,5.3,0.2,7.0,0.0,0.1,0.3,73.0,3.8
3.397,"Beef, minced meat, 13 % fat, without salt and water, raw","Bos taurus Linnaeus, 1758",3.8,https://www.matvaretabellen.no/en/beef-minced-meat-13-fat-without-salt-and-water-raw/,197.0,kcal,819.0,kJ,100.0,0.0,67.0,0.01,0.38,3.5,0.59,2.31,4.95,0.25,0.06,0.0,0.02,0.0,0.04,0.02,0.02,0.0,7.0,0.0,66.0,0.0,0.0,13.2,2.0,2.1,18.0,6.3,7.8,0.09,0.3,151.0,0.6,287.0,19.4,17.0,0.2,6.4,8.0,67.0,0.0,0.0,0.0,0.0,0.1,22.0,28.0,2.9,0.05,0.13,4.2,0.3,4.0,0.0,0.2,0.4,67.0,4.7
3.127,"Beef, minced meat, 14 % fat, with salt and water, raw","Bos taurus Linnaeus, 1758",3.8,https://www.matvaretabellen.no/en/beef-minced-meat-14-fat-with-salt-and-water-raw/,195.0,kcal,814.0,kJ,100.0,0.0,62.0,0.01,0.39,3.61,0.58,2.39,5.1,0.26,0.07,0.0,0.02,0.0,0.04,0.02,0.02,0.0,6.0,0.0,62.0,0.0,0.0,13.7,2.0,1.9,17.0,6.4,7.2,0.1,0.32,141.0,0.6,267.0,17.9,16.0,1.1,6.7,7.0,451.0,0.0,0.0,0.0,0.0,0.1,21.0,26.0,2.7,0.05,0.12,3.9,0.28,4.0,0.0,0.2,0.4,68.0,4.4
3.126,"Beef, minced meat, 4,5 % fat, raw","Bos taurus Linnaeus, 1758",3.8,https://www.matvaretabellen.no/en/beef-minced-meat-4-5-fat-raw/,123.0,kcal,518.0,kJ,100.0,0.0,7.0,0.0,0.12,0.99,0.2,0.59,1.65,0.11,0.03,0.0,0.0,0.0,0.02,0.0,0.01,0.0,3.0,0.0,54.0,0.09,0.0,4.5,2.0,2.2,22.0,2.0,8.4,0.1,0.1,165.0,0.2,350.0,20.7,5.0,0.1,1.9,8.0,53.0,0.0,0.0,0.0,0.0,0.1,5.0,6.0,1.8,0.03,0.04,4.6,0.1,6.0,0.0,0.1,0.4,75.0,5.1
3.138,"Beef, minced meat, fried without fat","Bos taurus Linnaeus, 1758",3.8,https://www.matvaretabellen.no/en/beef-minced-meat-fried-without-fat/,238.0,kcal,994.0,kJ,100.0,0.0,69.0,0.02,0.56,5.16,0.65,3.42,5.69,0.29,0.08,0.0,0.02,0.0,0.05,0.02,0.03,0.0,9.0,0.0,89.0,0.0,0.0,15.3,2.0,2.6,21.0,7.1,10.3,0.11,0.35,171.0,0.7,294.0,25.1,18.0,1.4,7.4,11.0,547.0,0.0,0.0,0.0,0.0,0.1,23.0,29.0,2.9,0.05,0.16,4.5,0.27,4.0,0.0,0.2,0.5,60.0,6.1
3.139,"Beef, minced meat, max 6 % fat, fried without fat","Bos taurus Linnaeus, 1758",3.8,https://www.matvaretabellen.no/en/beef-minced-meat-max-6-fat-fried-without-fat/,158.0,kcal,665.0,kJ,100.0,0.0,7.0,0.0,0.13,1.08,0.22,0.64,1.8,0.12,0.04,0.0,0.0,0.0,0.02,0.0,0.01,0.0,4.0,0.0,78.0,0.12,0.0,4.9,3.0,3.1,27.0,2.2,12.2,0.11,0.11,210.0,0.2,370.0,28.5,4.0,0.2,2.1,12.0,65.0,0.0,0.0,0.0,0.0,0.1,5.0,5.0,2.0,0.02,0.05,5.3,0.08,8.0,0.0,0.1,0.3,67.0,7.4
3.054,"Beef, rib-eye steak, raw","Bos taurus Linnaeus, 1758",3.3,https://www.matvaretabellen.no/en/beef-rib-eye-steak-raw/,186.0,kcal,776.0,kJ,100.0,0.0,0.0,0.0,0.29,2.6,0.41,2.11,3.66,0.18,0.08,0.0,0.0,0.0,0.01,0.0,0.01,0.0,5.0,0.0,54.0,0.07,0.0,11.5,2.0,2.0,19.0,4.5,8.7,0.09,0.18,155.0,0.3,305.0,20.6,6.0,0.1,5.6,8.0,40.0,0.0,0.0,0.0,0.0,0.4,6.0,6.0,0.9,0.02,0.07,4.9,0.2,6.0,0.0,0.2,0.3,68.0,5.0
3.268,"Beef, rib-eye steak, roasted without fat","Bos taurus Linnaeus, 1758",3.3,https://www.matvaretabellen.no/en/beef-rib-eye-steak-roasted-without-fat/,202.0,kcal,847.0,kJ,100.0,0.0,0.0,0.0,0.28,2.53,0.4,2.05,3.56,0.17,0.08,0.0,0.0,0.0,0.01,0.0,0.01,0.0,6.0,0.0,69.0,0.09,0.0,11.2,2.0,2.5,20.0,4.4,11.3,0.09,0.17,177.0,0.3,289.0,25.4,5.0,0.1,5.5,11.0,44.0,0.0,0.0,0.0,0.0,0.4,5.0,5.0,0.9,0.02,0.08,5.1,0.14,7.0,0.0,0.1,0.2,63.0,6.5
3.219,"Beef, roast of nuckle, raw","Bos taurus Linnaeus, 1758",3.3,https://www.matvaretabellen.no/en/beef-roast-of-nuckle-raw/,118.0,kcal,496.0,kJ,100.0,0.0,4.0,0.0,0.09,0.81,0.14,0.46,1.16,0.08,0.03,0.0,0.01,0.0,0.02,0.0,0.01,0.0,4.0,0.0,54.0,0.08,0.0,3.3,2.0,2.8,23.0,1.4,8.1,0.0,0.1,175.0,0.2,390.0,22.0,3.0,0.1,1.5,3.0,48.0,0.0,0.0,0.0,0.0,0.1,3.0,3.0,1.1,0.03,0.05,4.1,0.2,11.0,0.0,0.1,0.3,75.0,4.3
3.281,"Beef, roastbeef, lightly roasted without fat","Bos taurus Linnaeus, 1758",3.3,https://www.matvaretabellen.no/en/beef-roastbeef-lightly-roasted-without-fat/,159.0,kcal,668.0,kJ,100.0,0.0,4.0,0.0,0.17,1.39,0.38,0.64,2.27,0.12,0.04,0.0,0.01,0.0,0.02,0.0,0.01,0.0,5.0,0.0,72.0,0.11,0.0,6.1,2.0,3.0,25.0,2.9,10.8,0.05,0.13,182.0,0.2,281.0,25.9,3.0,0.1,2.4,10.0,54.0,0.0,0.0,0.0,0.0,0.2,3.0,3.0,1.6,0.02,0.04,4.7,0.06,7.0,0.0,0.1,0.2,68.0,5.1
3.161,"Beef, rolled",,3.5,https://www.matvaretabellen.no/en/beef-rolled/,163.0,kcal,682.0,kJ,100.0,0.0,7.0,0.01,0.14,1.89,0.25,0.97,3.62,0.81,0.09,0.01,0.0,0.0,0.03,0.0,0.02,0.0,11.0,0.2,57.0,0.06,0.3,8.8,2.0,2.0,15.0,3.9,9.6,0.09,0.89,118.0,1.0,176.0,20.7,3.0,1.9,3.2,8.0,760.0,0.1,0.0,0.0,0.1,0.1,4.0,4.0,0.9,0.02,0.05,3.1,0.09,7.0,0.0,0.1,0.5,70.0,3.4
3.066,"Beef, striploin, raw","Bos taurus Linnaeus, 1758",3.3,https://www.matvaretabellen.no/en/beef-striploin-raw/,118.0,kcal,497.0,kJ,100.0,0.0,5.0,0.0,0.08,0.74,0.15,0.38,1.07,0.07,0.03,0.0,0.01,0.0,0.02,0.0,0.01,0.0,5.0,0.0,49.0,0.07,0.0,3.1,2.0,2.3,22.0,1.4,9.9,0.04,0.07,160.0,0.1,355.0,22.5,3.0,0.1,1.4,6.0,48.0,0.0,0.0,0.0,0.0,0.1,3.0,3.0,0.9,0.03,0.03,5.8,0.2,6.0,0.0,0.0,0.2,74.0,3.7
3.271,"Beef, striploin, roasted without fat","Bos taurus Linnaeus, 1758",3.3,https://www.matvaretabellen.no/en/beef-striploin-roasted-without-fat/,138.0,kcal,583.0,kJ,100.0,0.0,3.0,0.0,0.06,0.58,0.11,0.31,0.91,0.08,0.02,0.0,0.01,0.0,0.02,0.0,0.01,0.0,4.0,0.0,68.0,0.08,0.0,2.5,2.0,2.2,24.0,1.1,13.0,0.0,0.1,188.0,0.2,331.0,28.9,2.0,0.1,1.0,8.0,45.0,0.0,0.0,0.0,0.0,0.1,2.0,2.0,1.5,0.03,0.06,6.0,0.14,10.0,0.0,0.0,0.2,69.0,4.5
3.058,"Beef, tenderloin, raw","Bos taurus Linnaeus, 1758",3.3,https://www.matvaretabellen.no/en/beef-tenderloin-raw/,134.0,kcal,563.0,kJ,100.0,0.0,6.0,0.0,0.14,1.24,0.22,0.84,1.61,0.1,0.05,0.0,0.01,0.01,0.02,0.0,0.01,0.0,3.0,0.0,55.0,0.09,0.0,5.2,2.0,1.8,23.0,2.0,9.5,0.1,0.1,180.0,0.2,370.0,21.8,3.0,0.1,2.5,3.0,44.0,0.0,0.0,0.0,0.0,0.2,4.0,4.0,1.5,0.04,0.05,5.5,0.2,6.0,0.0,0.1,0.4,73.0,1.8
3.064,"Beef, top sirloin butt, raw","Bos taurus Linnaeus, 1758",3.3,https://www.matvaretabellen.no/en/beef-top-sirloin-butt-raw/,112.0,kcal,474.0,kJ,100.0,0.0,5.0,0.0,0.07,0.64,0.1,0.45,0.96,0.09,0.02,0.0,0.01,0.0,0.02,0.0,0.01,0.0,5.0,0.0,50.0,0.09,0.0,2.8,2.0,2.1,24.0,1.1,8.8,0.0,0.1,180.0,0.2,365.0,21.8,3.0,0.1,1.3,12.0,42.0,0.0,0.0,0.0,0.0,0.1,3.0,3.0,1.3,0.04,0.04,4.8,0.2,8.0,0.0,0.0,0.4,75.0,3.6
3.345,"Beef, trimmed fat, raw","Bos taurus Linnaeus, 1758",3.3,https://www.matvaretabellen.no/en/beef-trimmed-fat-raw/,732.0,kcal,3011.0,kJ,100.0,0.0,0.0,0.0,2.0,19.8,2.19,13.56,27.64,1.73,0.48,0.0,0.1,0.0,0.35,0.09,0.2,0.0,2.0,0.0,69.0,0.02,0.0,80.0,0.0,0.9,6.0,31.2,1.7,1.12,2.19,58.0,3.4,132.0,3.0,25.0,0.0,37.4,5.0,19.0,0.0,0.0,0.0,0.0,1.2,25.0,25.0,0.7,0.01,0.02,1.1,0.11,1.0,0.0,0.6,1.3,17.0,1.0
13.024,"Beer, 4,7 vol-% alcohol, Pilsner",,9.3,https://www.matvaretabellen.no/en/beer-4-7-vol-alcohol-pilsner/,41.0,kcal,170.0,kJ,100.0,3.8,0.0,0.0,0.0,0.0,0.0,0.0,0.0,0.0,0.0,0.0,0.0,0.0,0.0,0.0,0.0,0.0,7.0,3.2,0.0,0.01,0.0,0.0,0.0,0.0,8.0,0.0,0.4,0.0,0.0,9.0,0.0,30.0,0.4,0.0,0.0,0.0,0.0,6.0,2.8,0.0,0.0,0.4,0.0,0.0,0.0,0.0,0.0,0.03,0.3,0.04,3.0,0.0,0.0,0.0,93.0,0.0
13.023,"Beer, 5,7 vol-% alcohol, Gulløl",,9.3,https://www.matvaretabellen.no/en/beer-5-7-vol-alcohol-gullol/,59.0,kcal,246.0,kJ,100.0,4.6,0.0,0.0,0.0,0.0,0.0,0.0,0.0,0.0,0.0,0.0,0.0,0.0,0.0,0.0,0.0,0.0,5.0,6.1,0.0,0.01,0.0,0.0,0.0,0.0,8.0,0.0,0.7,0.0,0.0,22.0,0.0,42.0,0.5,0.0,0.0,0.0,0.0,4.0,3.0,0.0,0.0,3.1,0.0,0.0,0.0,0.0,0.01,0.02,0.6,0.05,3.0,0.0,0.0,0.0,89.0,0.0
13.051,"Beer, dark, 4,5-4,7 vol-% alcohol, Bayer and Christmas beers",,9.3,https://www.matvaretabellen.no/en/beer-dark-4-5-4-7-vol-alcohol-bayer-and-christmas-beers/,42.0,kcal,177.0,kJ,100.0,3.7,0.0,0.0,0.0,0.0,0.0,0.0,0.0,0.0,0.0,0.0,0.0,0.0,0.0,0.0,0.0,0.0,3.0,4.1,0.0,0.01,0.0,0.0,0.0,0.0,8.0,0.0,0.4,0.0,0.0,20.0,0.0,40.0,0.0,0.0,0.0,0.0,0.0,2.0,3.6,0.0,0.0,0.5,0.0,0.0,0.0,0.0,0.04,0.03,0.4,0.02,5.0,0.0,0.0,0.0,92.0,0.0
13.05,"Beer, light beer, low carbohydrate",,9.3,https://www.matvaretabellen.no/en/beer-light-beer-low-carbohydrate/,32.0,kcal,133.0,kJ,100.0,3.8,0.0,0.0,0.0,0.0,0.0,0.0,0.0,0.0,0.0,0.0,0.0,0.0,0.0,0.0,0.0,0.0,7.0,1.0,0.0,0.01,0.0,0.0,0.0,0.0,8.0,0.0,0.4,0.0,0.0,9.0,0.0,30.0,0.4,0.0,0.0,0.0,0.0,6.0,0.0,0.0,0.0,1.0,0.0,0.0,0.0,0.0,0.0,0.03,0.3,0.04,3.0,0.0,0.0,0.0,95.0,0.0
13.022,"Beer, light, 2,5 vol-% alcohol, Lettøl",,9.3,https://www.matvaretabellen.no/en/beer-light-2-5-vol-alcohol-lettol/,25.0,kcal,104.0,kJ,100.0,2.0,0.0,0.0,0.0,0.0,0.0,0.0,0.0,0.0,0.0,0.0,0.0,0.0,0.0,0.0,0.0,0.0,6.0,2.5,0.0,0.01,0.0,0.0,0.0,0.0,8.0,0.0,0.7,0.0,0.0,15.0,0.0,30.0,0.2,0.0,0.0,0.0,0.0,2.0,2.3,0.0,0.0,0.2,0.0,0.0,0.0,0.0,0.0,0.03,0.7,0.04,3.0,0.0,0.0,0.0,95.0,0.0
13.049,"Beer, malt, dark, bock beer 6,5 vol-% alcohol",,9.3,https://www.matvaretabellen.no/en/beer-malt-dark-bock-beer-6-5-vol-alcohol/,63.0,kcal,265.0,kJ,100.0,5.2,0.0,0.0,0.0,0.0,0.0,0.0,0.0,0.0,0.0,0.0,0.0,0.0,0.0,0.0,0.0,0.0,5.0,6.0,0.0,0.01,0.0,0.0,0.0,0.0,8.0,0.0,0.7,0.0,0.0,22.0,0.0,42.0,0.7,0.0,0.0,,0.0,4.0,3.0,0.0,0.0,3.0,0.0,0.0,0.0,0.0,0.01,0.02,0.6,0.05,3.0,0.0,0.0,0.0,88.0,0.0
13.025,"Beer, malt, non-alcoholic",,9.3,https://www.matvaretabellen.no/en/beer-malt-non-alcoholic/,38.0,kcal,162.0,kJ,100.0,0.0,0.0,0.0,0.0,0.0,0.0,0.0,0.0,0.0,0.0,0.0,0.0,0.0,0.0,0.0,0.0,0.0,3.0,9.1,0.0,0.01,0.0,0.0,0.0,0.0,8.0,0.0,0.5,0.0,0.0,20.0,0.0,40.0,0.4,0.0,0.0,0.0,0.0,2.0,3.4,0.0,0.0,5.7,0.0,0.0,0.0,0.0,0.04,0.03,0.4,0.02,5.0,0.0,0.0,0.0,91.0,0.0
13.026,"Beer, non-alcoholic",,9.3,https://www.matvaretabellen.no/en/beer-non-alcoholic/,24.0,kcal,103.0,kJ,100.0,0.4,0.0,0.0,0.0,0.0,0.0,0.0,0.0,0.0,0.0,0.0,0.0,0.0,0.0,0.0,0.0,0.0,3.0,5.0,0.0,0.0,0.0,0.0,0.0,0.0,7.0,0.0,0.7,0.0,0.0,19.0,0.0,30.0,0.4,0.0,0.0,0.0,0.0,2.0,2.5,0.0,0.0,2.5,0.0,0.0,0.0,0.0,0.0,0.02,0.6,0.03,5.0,0.0,0.0,0.0,94.0,0.0
6.057,"Beetroot, Norwegian, raw",Beta vulgaris L. var. vulgaris,6.2,https://www.matvaretabellen.no/en/beetroot-norwegian-raw/,49.0,kcal,206.0,kJ,86.0,0.0,0.0,0.0,0.0,0.03,0.0,0.0,0.03,0.06,0.01,0.0,0.0,0.0,0.0,0.0,0.0,0.0,16.0,8.9,0.0,0.07,3.0,0.2,0.4,0.9,25.0,0.0,0.5,0.01,0.06,34.0,0.1,411.0,1.6,0.0,0.1,0.1,0.0,32.0,0.1,0.0,0.0,8.8,0.0,0.0,0.0,0.0,0.02,0.01,0.2,0.04,68.0,2.0,0.0,0.1,87.0,0.4
6.221,"Beetroot, cooked",Beta vulgaris L. var. vulgaris,6.2,https://www.matvaretabellen.no/en/beetroot-cooked/,53.0,kcal,224.0,kJ,100.0,0.0,0.0,0.0,0.0,0.03,0.0,0.0,0.03,0.06,0.01,0.0,0.0,0.0,0.0,0.0,0.0,0.0,18.0,9.7,0.0,0.08,3.0,0.2,0.5,0.8,18.0,0.0,0.6,0.01,0.06,37.0,0.2,223.0,1.7,0.0,0.1,0.1,0.0,21.0,0.1,0.0,0.0,9.5,0.0,0.0,0.0,0.0,0.02,0.01,0.2,0.03,41.0,1.0,0.0,0.2,86.0,0.4
6.077,"Beetroot, pickled",Beta vulgaris var. vulgaris,6.6,https://www.matvaretabellen.no/en/beetroot-pickled/,60.0,kcal,252.0,kJ,100.0,0.0,0.0,0.0,0.0,0.01,0.0,0.0,0.02,0.03,0.0,0.0,0.0,0.0,0.0,0.0,0.0,0.0,17.0,12.5,0.0,0.05,2.0,0.1,0.4,0.3,9.0,0.0,0.3,0.0,0.03,17.0,0.1,180.0,1.3,0.0,0.4,0.0,0.0,170.0,0.0,12.5,12.5,12.5,0.0,0.0,0.0,0.0,0.0,0.0,0.08,0.0,22.0,3.0,0.0,0.0,84.0,0.3
5.199,"Berliner, filled dougnut",,5.10,https://www.matvaretabellen.no/en/berliner-filled-dougnut/,423.0,kcal,1767.9582651512142,kJ,100.0,0.0,1.0,3.33,1.37,2.29,0.06,3.43,7.25,2.31,0.46,0.0,0.0,0.0,0.03,0.0,0.0,0.02,37.0,45.0,48.0,0.08,2.0,23.1,7.0,0.9,20.0,7.8,2.4,0.48,2.37,109.0,3.1,151.0,7.7,25.0,0.6,11.0,4.0,241.0,28.0,15.8,15.8,17.0,0.0,25.0,25.0,0.3,0.17,0.12,0.9,0.08,37.0,3.0,0.4,3.2,22.0,0.9
6.844,"Berries, mixed, frozen",,13.1,https://www.matvaretabellen.no/en/berries-mixed-frozen/,47.0,kcal,198.0,kJ,100.0,0.0,42.0,0.0,0.0,0.04,0.0,0.01,0.12,0.24,0.16,0.0,0.0,0.0,0.0,0.0,0.0,0.0,24.0,7.6,0.0,0.05,3.0,0.7,0.0,0.4,14.0,0.1,0.5,0.16,0.24,22.0,0.4,190.0,0.9,0.0,0.0,0.1,0.0,0.0,0.0,0.0,0.0,7.6,0.0,4.0,7.0,0.0,0.02,0.01,0.3,0.02,28.0,49.0,0.0,1.1,87.0,0.1
3.464,"Bidos, home-made",,3.7,https://www.matvaretabellen.no/en/bidos-home-made/,65.0,kcal,273.0,kJ,100.0,0.0,419.0,0.02,0.07,0.39,0.03,0.25,0.8,0.26,0.07,0.0,0.01,0.0,0.05,0.01,0.02,0.0,9.0,2.8,17.0,0.1,0.7,2.3,3.0,1.4,11.0,1.0,4.7,0.1,0.3,72.0,0.3,135.0,7.9,6.0,0.2,0.8,6.0,85.0,1.8,0.0,0.0,1.0,0.0,41.0,75.0,0.8,0.05,0.1,1.6,0.08,7.0,6.0,0.1,0.5,86.0,1.9
5.08,"Biscuit, sweet, Gjende",,5.8,https://www.matvaretabellen.no/en/biscuit-sweet-gjende/,463.0,kcal,1942.7,kJ,100.0,0.0,0.0,3.12,1.19,2.9,0.0,1.7,5.14,1.4,0.05,0.0,0.0,0.0,0.0,0.0,0.0,0.0,14.0,65.5,0.0,0.15,4.0,18.6,0.4,0.9,21.0,5.2,2.4,0.05,1.4,78.0,1.4,191.0,6.6,0.0,0.7,10.3,3.0,268.0,44.3,21.2,21.2,21.2,,0.0,0.0,0.1,0.06,0.03,1.3,0.12,9.0,0.0,0.0,2.3,6.0,0.5
5.079,"Biscuit, sweet, Marie",,5.8,https://www.matvaretabellen.no/en/biscuit-sweet-marie/,446.0,kcal,1879.45,kJ,100.0,0.0,2.0,0.03,0.07,3.06,0.01,1.58,5.4,1.47,0.05,0.0,0.0,0.0,0.0,0.0,0.0,0.0,27.0,74.7,2.0,0.11,3.0,12.8,0.4,0.8,16.0,5.5,2.2,0.05,1.46,76.0,1.6,141.0,6.6,7.0,1.1,5.1,2.0,447.0,54.7,20.0,20.0,20.0,,7.0,7.0,0.1,0.04,0.02,1.1,0.09,15.0,0.0,0.1,1.4,3.0,0.5
5.135,"Biscuit, sweet, Wafer, filled",,5.8,https://www.matvaretabellen.no/en/biscuit-sweet-wafer-filled/,383.0,kcal,1598.4826343709335,kJ,100.0,0.0,0.0,10.66,4.31,2.28,0.0,0.69,1.7,0.64,0.01,0.0,0.0,0.0,0.0,0.0,0.0,0.0,6.0,38.0,0.0,0.06,1.0,23.5,0.8,0.6,8.0,1.5,1.0,0.01,0.64,36.0,0.7,1.0,4.1,0.0,0.0,21.2,2.0,0.0,0.0,38.0,38.0,38.0,0.0,0.0,0.0,0.0,0.03,0.01,0.3,0.0,3.0,0.0,0.0,2.1,33.0,0.3
5.153,"Biscuit, sweet, cookies, with chocolate and nuts",,5.8,https://www.matvaretabellen.no/en/biscuit-sweet-cookies-with-chocolate-and-nuts/,492.0,kcal,2056.1,kJ,100.0,0.0,0.0,0.04,0.17,8.8,0.04,3.3,9.0,2.1,0.05,0.0,0.0,0.0,0.0,0.0,0.0,0.0,78.0,59.1,0.0,0.59,2.0,25.3,14.0,2.4,35.0,9.1,2.6,0.05,2.1,142.0,2.1,230.0,5.7,0.0,0.8,12.4,3.0,313.0,28.4,29.4,29.4,30.7,0.2,0.0,0.0,0.1,0.1,0.09,1.6,0.14,9.0,0.0,0.0,2.9,8.0,0.6
5.311,"Biscuit, sweet, cookies, with chocolate chips and nuts",,5.8,https://www.matvaretabellen.no/en/biscuit-sweet-cookies-with-chocolate-chips-and-nuts/,420.0,kcal,1764.8,kJ,100.0,0.0,0.0,0.02,0.1,5.32,0.02,1.99,5.44,1.27,0.03,0.0,0.0,0.0,0.0,0.0,0.0,0.0,55.0,60.7,24.0,0.35,3.0,16.4,14.0,3.2,45.0,7.1,1.7,0.03,1.27,112.0,1.2,289.0,6.1,8.0,0.8,6.1,2.0,310.0,22.8,37.0,37.0,37.9,,8.0,8.0,0.2,0.1,0.1,0.7,0.14,19.0,0.0,0.0,1.5,14.0,0.8
5.078,"Biscuit, sweet, filled",,5.8,https://www.matvaretabellen.no/en/biscuit-sweet-filled/,480.0,kcal,2014.0,kJ,100.0,0.0,34.0,3.38,1.34,4.42,0.0,2.14,5.69,1.44,0.04,0.0,0.0,0.0,0.0,0.0,0.0,0.0,44.0,65.3,0.0,0.18,2.0,21.2,0.4,1.3,20.0,5.7,1.9,0.04,1.4,66.0,1.5,196.0,5.9,0.0,0.7,12.5,3.0,272.0,33.4,30.3,30.3,31.9,0.1,3.0,5.0,0.1,0.09,0.08,0.9,0.13,10.0,0.0,0.0,2.5,5.0,0.4
5.308,"Biscuit, sweet, filled with jam or fruit",,5.8,https://www.matvaretabellen.no/en/biscuit-sweet-filled-with-jam-or-fruit/,386.0,kcal,1628.1,kJ,100.0,0.0,16.0,0.02,0.05,1.49,0.04,1.66,2.5,0.59,0.12,0.0,0.0,0.0,0.01,0.0,0.0,0.0,17.0,68.9,0.0,0.19,2.0,9.8,0.4,2.0,25.0,2.6,1.3,0.12,0.6,98.0,0.7,129.0,4.6,13.0,0.3,3.3,4.0,114.0,17.3,50.4,51.6,51.6,0.0,15.0,15.0,0.2,0.05,0.07,0.5,0.13,6.0,0.0,0.0,0.8,15.0,0.5
5.151,"Biscuit, sweet, for children",,5.8,https://www.matvaretabellen.no/en/biscuit-sweet-for-children/,440.0,kcal,1852.8,kJ,100.0,0.0,0.0,0.03,0.07,2.9,0.01,1.5,5.13,1.4,0.05,0.0,0.0,0.0,0.0,0.0,0.0,0.0,12.0,74.8,0.0,0.12,2.0,12.5,0.4,0.9,14.0,5.2,2.3,0.05,1.4,40.0,1.5,129.0,5.9,0.0,1.3,4.8,4.0,538.0,45.0,27.9,27.9,29.8,,0.0,0.0,0.0,0.05,0.02,1.3,0.12,8.0,0.0,0.0,2.1,5.0,0.4
5.469,"Biscuit, sweet, gluten-free, Choco chip cookie",,5.8,https://www.matvaretabellen.no/en/biscuit-sweet-gluten-free-choco-chip-cookie/,494.0,kcal,2062.71,kJ,100.0,0.0,27.0,1.19,0.74,10.08,0.08,2.18,8.84,2.64,0.13,0.0,0.0,0.0,0.0,0.0,0.0,0.01,23.0,55.2,3.0,0.27,3.0,27.7,0.0,3.4,42.0,8.9,1.2,0.14,2.64,76.0,3.0,193.0,4.5,3.0,0.5,14.4,0.0,205.0,38.0,14.4,14.4,17.2,0.0,5.0,7.0,0.1,0.07,0.1,0.4,0.06,16.0,0.0,0.0,7.1,10.0,0.6
5.386,"Biscuit, sweet, nougat, Ballerina",,5.8,https://www.matvaretabellen.no/en/biscuit-sweet-nougat-ballerina/,505.0,kcal,2114.4,kJ,100.0,0.0,0.0,4.5,1.8,2.6,0.0,1.5,9.0,1.3,0.1,0.0,0.0,0.0,0.0,0.0,0.0,0.0,67.0,66.4,1.0,0.24,4.0,23.2,0.0,1.8,38.0,9.1,1.3,0.1,1.3,130.0,1.4,270.0,5.6,0.0,0.5,11.7,0.0,200.0,34.7,29.0,29.0,31.7,0.0,0.0,0.0,0.0,0.06,0.11,0.4,0.06,15.0,0.0,0.0,5.3,1.0,0.6
5.31,"Biscuit, sweet, thin, with oats",,5.8,https://www.matvaretabellen.no/en/biscuit-sweet-thin-with-oats/,451.0,kcal,1888.266617790811,kJ,100.0,0.0,85.0,1.18,1.49,4.27,0.3,2.2,6.05,1.87,0.42,0.0,0.0,0.0,0.03,0.0,0.0,0.02,47.0,54.8,77.0,0.13,4.0,22.0,9.0,1.6,41.0,6.6,1.5,0.44,1.79,309.0,2.4,154.0,6.7,178.0,0.8,10.8,5.0,337.0,18.6,35.7,35.7,36.2,0.3,185.0,192.0,0.2,0.17,0.08,0.3,0.06,13.0,0.0,2.7,2.1,13.0,1.1
5.197,"Biscuit, sweet, wholemeal flour, Digestive",,5.8,https://www.matvaretabellen.no/en/biscuit-sweet-wholemeal-flour-digestive/,470.0,kcal,1971.6,kJ,100.0,0.0,0.0,0.05,0.14,5.6,0.03,1.5,7.67,3.1,0.21,0.0,0.0,0.0,0.0,0.0,0.0,0.0,16.0,62.9,0.0,0.14,4.0,20.3,0.4,1.1,28.0,7.9,3.4,0.21,3.1,108.0,3.3,164.0,7.2,0.0,1.6,7.5,3.0,629.0,46.9,15.0,15.0,16.0,,0.0,0.0,0.0,0.05,0.03,2.2,0.15,8.0,0.0,0.0,3.7,6.0,0.8
5.15,"Biscuit, sweet, with chocolate, for children",,5.8,https://www.matvaretabellen.no/en/biscuit-sweet-with-chocolate-for-children/,482.0,kcal,2022.1,kJ,100.0,0.0,0.0,0.11,0.23,5.67,0.05,3.95,6.87,1.3,0.12,0.0,0.0,0.0,0.0,0.0,0.0,0.0,80.0,64.6,0.0,0.22,2.0,21.3,0.4,1.7,30.0,6.9,2.1,0.12,1.3,96.0,1.4,232.0,7.0,14.0,0.6,10.3,2.0,258.0,33.0,28.0,28.0,31.6,0.8,14.0,14.0,0.2,0.09,0.13,0.9,0.16,12.0,0.0,0.0,1.3,5.0,0.6
5.221,"Biscuit, sweet, with oats, Bixit",,5.8,https://www.matvaretabellen.no/en/biscuit-sweet-with-oats-bixit/,458.0,kcal,1918.5,kJ,100.0,0.0,0.0,0.12,0.11,3.7,0.01,2.6,8.01,2.3,0.07,0.0,0.0,0.0,0.0,0.0,0.0,0.0,34.0,60.9,4.0,0.41,6.0,19.1,0.4,1.8,55.0,8.9,2.5,0.07,2.3,206.0,2.4,224.0,7.7,0.0,0.9,6.9,1.0,374.0,35.3,25.0,25.0,25.6,0.0,0.0,0.0,0.0,0.14,0.12,1.2,0.06,18.0,0.0,0.0,2.3,7.0,1.0
5.309,"Biscuit, sweet, with oats, Sibas",,5.8,https://www.matvaretabellen.no/en/biscuit-sweet-with-oats-sibas/,455.0,kcal,1909.2,kJ,100.0,0.0,0.0,0.1,0.11,4.0,0.02,1.5,4.85,3.4,0.27,0.0,0.0,0.0,0.0,0.0,0.0,0.0,18.0,62.2,0.0,0.16,4.0,18.5,0.4,1.3,41.0,6.6,2.9,0.27,3.4,174.0,3.7,180.0,8.1,100.0,0.5,5.7,2.0,196.0,46.3,15.9,15.9,15.9,0.0,100.0,100.0,0.0,0.08,0.04,1.5,0.14,13.0,0.0,1.5,3.1,8.0,1.0
5.149,"Biscuit, sweet, with oats, chocolate covered",,5.8,https://www.matvaretabellen.no/en/biscuit-sweet-with-oats-chocolate-covered/,489.0,kcal,2047.6,kJ,100.0,0.0,0.0,0.04,0.16,8.53,0.04,3.2,8.72,2.04,0.05,0.0,0.0,0.0,0.0,0.0,0.0,0.0,95.0,58.6,4.0,0.2,4.0,24.2,12.0,1.8,65.0,9.2,2.0,0.05,2.04,171.0,2.4,255.0,7.2,0.0,0.5,10.8,3.0,190.0,28.2,28.0,28.0,30.4,0.7,0.0,0.0,0.0,0.18,0.11,0.8,0.11,10.0,0.0,0.0,2.3,6.0,1.2
6.764,"Black chokeberries, raw",Aronia melanocarpa (Michx.) Elliott,13.1,https://www.matvaretabellen.no/en/black-chokeberries-raw/,50.0,kcal,210.0,kJ,100.0,0.0,1130.0,0.0,0.0,0.01,0.0,0.0,0.02,0.03,0.02,0.0,0.0,0.0,0.0,0.0,0.0,0.0,32.0,8.8,0.0,,6.0,0.1,2.0,0.9,16.0,0.0,0.4,0.02,0.03,72.0,0.0,218.0,0.7,0.0,0.0,0.0,0.0,3.0,0.0,0.0,0.0,8.8,0.0,94.0,188.0,0.0,0.02,0.02,0.3,0.03,7.0,28.0,0.0,1.5,85.0,0.3
6.501,"Blackberries, raw",Rubus L.,13.1,https://www.matvaretabellen.no/en/blackberries-raw/,41.0,kcal,172.0,kJ,100.0,0.0,56.0,0.0,0.0,0.01,0.0,0.0,0.04,0.19,0.09,0.0,0.0,0.0,0.0,0.0,0.0,0.0,24.0,5.3,0.0,0.05,5.0,0.5,0.0,0.5,23.0,0.0,0.7,0.09,0.19,31.0,0.3,213.0,1.3,0.0,0.0,0.0,0.0,1.0,0.0,0.0,0.0,5.3,0.0,5.0,9.0,0.0,0.0,0.03,0.5,0.02,32.0,10.0,0.0,0.9,88.0,0.3
6.793,Blackberry jam,,13.3,https://www.matvaretabellen.no/en/blackberry-jam/,177.0,kcal,749.0,kJ,100.0,0.0,19.0,0.0,0.0,0.0,0.0,0.0,0.02,0.07,0.04,0.0,0.0,0.0,0.0,0.0,0.0,0.0,9.0,42.1,0.0,0.02,2.0,0.2,0.0,0.2,9.0,0.0,0.3,0.04,0.07,12.0,0.1,77.0,0.5,0.0,0.0,0.0,0.0,0.0,0.0,40.0,40.0,42.1,0.0,2.0,3.0,0.0,0.0,0.01,0.2,0.01,8.0,3.0,0.0,0.4,55.0,0.1
6.814,Blackcurrant jam,,13.3,https://www.matvaretabellen.no/en/blackcurrant-jam/,182.0,kcal,772.0,kJ,100.0,0.0,35.0,0.0,0.0,0.02,0.0,0.01,0.06,0.11,0.07,0.0,0.0,0.0,0.0,0.0,0.0,0.0,25.0,43.0,0.0,0.04,2.0,0.4,0.2,0.5,10.0,0.1,0.2,0.07,0.11,27.0,0.2,125.0,0.5,0.0,0.0,0.0,0.0,0.0,0.0,40.0,40.0,43.0,0.0,3.0,5.0,0.0,0.01,0.0,0.1,0.03,4.0,51.0,0.0,0.8,54.0,0.1
10.207,Blackcurrants mousse,,7.3,https://www.matvaretabellen.no/en/blackcurrants-mousse/,195.0,kcal,810.0,kJ,100.0,0.0,123.0,0.4,1.33,3.78,0.31,1.39,2.78,0.31,0.14,0.0,0.0,0.0,0.0,0.0,0.0,0.0,66.0,14.0,33.0,0.07,2.0,13.7,5.0,0.6,13.0,3.3,0.7,0.14,0.18,70.0,0.5,172.0,2.7,120.0,0.1,8.4,1.0,21.0,0.0,9.3,9.3,14.0,0.4,131.0,140.0,0.2,0.01,0.1,0.1,0.03,7.0,70.0,0.0,0.9,67.0,0.1
6.513,"Blackcurrants, raw",Ribes nigrum L.,13.1,https://www.matvaretabellen.no/en/blackcurrants-raw/,55.0,kcal,230.0,kJ,100.0,0.0,103.0,0.0,0.0,0.05,0.0,0.02,0.14,0.28,0.19,0.0,0.0,0.0,0.0,0.0,0.0,0.0,65.0,7.6,0.0,0.11,5.0,1.0,0.5,1.3,26.0,0.2,0.5,0.19,0.28,68.0,0.5,346.0,1.3,0.0,0.0,0.1,0.0,0.0,0.0,0.0,0.0,7.6,0.0,9.0,17.0,0.0,0.02,0.01,0.3,0.07,15.0,159.0,0.0,2.0,85.0,0.2
3.117,"Blood, beef, raw","Bos taurus Linnaeus, 1758",3.9,https://www.matvaretabellen.no/en/blood-beef-raw/,77.0,kcal,327.0,kJ,100.0,0.0,0.0,0.0,0.0,0.03,0.0,0.02,0.04,0.0,0.0,0.0,0.0,0.0,0.0,0.0,0.0,0.0,5.0,0.0,100.0,0.09,0.0,0.2,5.0,35.5,2.0,0.0,3.8,0.0,0.0,23.0,0.1,43.0,18.8,28.0,0.6,0.0,9.0,226.0,0.0,0.0,0.0,0.0,0.0,28.0,28.0,0.6,0.02,0.04,0.4,0.01,12.0,0.0,0.1,0.4,81.0,0.4
4.115,"Blue ling, raw","Molva dypterygia (Pennant, 1784)",4.1.2,https://www.matvaretabellen.no/en/blue-ling-raw/,64.0,kcal,271.0,kJ,,0.0,0.0,0.0,0.0,0.01,0.0,0.0,0.01,0.0,0.0,0.0,0.0,0.0,0.0,0.01,0.0,0.03,9.0,0.0,,0.0,0.0,0.1,279.0,0.1,23.0,0.0,5.4,0.03,0.0,160.0,0.0,312.0,15.7,2.0,0.3,0.0,40.0,104.0,0.0,0.0,0.0,0.0,0.0,2.0,2.0,2.0,0.05,0.12,2.5,0.3,7.0,0.0,3.4,0.2,84.0,0.4
6.667,"Blueberries, American, raw",Vaccinium  corymbosum,13.1,https://www.matvaretabellen.no/en/blueberries-american-raw/,61.0,kcal,255.0,kJ,100.0,0.0,47.0,0.0,0.0,0.0,0.0,0.0,0.0,0.12,0.12,0.0,0.0,0.0,0.0,0.0,0.0,0.0,7.0,12.5,0.0,0.11,3.0,0.3,1.0,0.8,5.0,0.1,0.5,0.1,0.1,10.0,0.2,71.0,0.3,0.0,0.0,0.0,10.0,1.0,0.1,0.0,0.0,12.4,0.0,4.0,7.0,0.0,0.13,0.01,0.4,0.06,11.0,16.0,0.0,1.9,84.0,0.0
6.847,"Blueberries, frozen",Vaccinium myrtillus L.,13.1,https://www.matvaretabellen.no/en/blueberries-frozen/,46.0,kcal,194.0,kJ,100.0,0.0,34.0,0.0,0.0,0.02,0.04,0.0,0.05,0.09,0.06,0.0,0.0,0.0,0.0,0.0,0.0,0.0,10.0,9.0,0.0,0.03,3.0,0.5,0.0,0.3,6.0,0.1,0.2,0.06,0.09,10.0,0.2,85.0,0.0,0.0,0.0,0.2,0.0,0.0,0.0,0.0,0.0,9.0,0.0,3.0,5.0,0.0,0.04,0.02,0.2,0.02,6.0,4.0,0.0,1.5,88.0,0.1
6.502,"Blueberries, raw",Vaccinium myrtillus L.,13.1,https://www.matvaretabellen.no/en/blueberries-raw/,51.0,kcal,215.0,kJ,100.0,0.0,96.0,0.0,0.0,0.05,0.01,0.01,0.13,0.24,0.16,0.0,0.0,0.0,0.0,0.0,0.0,0.0,29.0,7.5,0.0,0.11,5.0,0.9,1.0,0.4,11.0,0.1,0.9,0.16,0.24,29.0,0.5,122.0,1.0,0.0,0.0,0.0,0.0,0.0,0.0,0.0,0.0,7.5,0.0,8.0,16.0,0.0,0.03,0.01,0.7,0.07,31.0,12.0,0.0,2.0,86.0,0.3
6.797,Blueberry jam,,13.3,https://www.matvaretabellen.no/en/blueberry-jam/,181.0,kcal,766.0,kJ,100.0,0.0,33.0,0.0,0.0,0.02,0.0,0.01,0.05,0.1,0.06,0.0,0.0,0.0,0.0,0.0,0.0,0.0,11.0,43.0,0.0,0.04,2.0,0.4,0.5,0.2,4.0,0.0,0.3,0.06,0.1,12.0,0.2,45.0,0.4,0.0,0.0,0.0,0.0,0.0,0.0,40.0,40.0,43.0,0.0,3.0,5.0,0.0,0.01,0.0,0.3,0.03,7.0,4.0,0.0,0.8,54.0,0.1
6.794,"Blueberry jam, frozen",,13.3,https://www.matvaretabellen.no/en/blueberry-jam-frozen/,121.0,kcal,512.0,kJ,100.0,0.0,77.0,0.0,0.0,0.04,0.0,0.01,0.1,0.19,0.13,0.0,0.0,0.0,0.0,0.0,0.0,0.0,23.0,26.0,0.0,0.09,4.0,0.7,1.0,0.3,9.0,0.1,0.7,0.13,0.19,23.0,0.4,98.0,0.8,0.0,0.0,0.0,0.0,0.0,0.0,20.0,20.0,26.0,0.0,6.0,12.0,0.0,0.02,0.01,0.6,0.06,25.0,10.0,0.0,1.6,69.0,0.2
6.795,"Blueberry jam, with less sugar",,13.3,https://www.matvaretabellen.no/en/blueberry-jam-with-less-sugar/,128.0,kcal,541.0,kJ,100.0,0.0,44.0,0.0,0.0,0.02,0.0,0.01,0.07,0.13,0.09,0.0,0.0,0.0,0.0,0.0,0.0,0.0,15.0,29.1,0.0,0.06,2.0,0.5,0.7,0.2,6.0,0.1,0.5,0.08,0.13,16.0,0.3,60.0,0.5,0.0,0.0,0.0,0.0,0.0,0.0,25.0,25.0,29.1,0.0,4.0,7.0,0.0,0.01,0.01,0.3,0.04,10.0,5.0,0.0,1.1,67.0,0.2
6.796,"Blueberry jam, without added sugar",,13.3,https://www.matvaretabellen.no/en/blueberry-jam-without-added-sugar/,41.0,kcal,172.0,kJ,100.0,0.0,65.0,0.0,0.0,0.04,0.0,0.01,0.1,0.19,0.13,0.0,0.0,0.0,0.0,0.0,0.0,0.0,22.0,6.0,0.0,0.08,4.0,0.7,1.0,0.3,9.0,0.1,0.7,0.13,0.19,23.0,0.4,88.0,0.8,0.0,0.0,0.0,0.0,0.0,0.0,0.0,0.0,6.0,0.0,5.0,10.0,0.0,0.02,0.01,0.5,0.05,15.0,8.0,0.0,1.6,89.0,0.2
10.186,Blueberry mousse,,7.3,https://www.matvaretabellen.no/en/blueberry-mousse/,193.0,kcal,804.0,kJ,100.0,0.0,120.0,0.4,1.33,3.78,0.31,1.39,2.77,0.29,0.12,0.0,0.0,0.0,0.0,0.0,0.0,0.0,51.0,14.0,33.0,0.07,2.0,13.7,5.0,0.2,7.0,3.2,0.8,0.12,0.16,53.0,0.5,74.0,2.5,120.0,0.1,8.4,1.0,21.0,0.0,9.3,9.3,14.0,0.4,131.0,140.0,0.2,0.02,0.1,0.3,0.03,14.0,6.0,0.0,0.9,68.0,0.2
6.774,"Bog blueberries, raw",Vaccinium uliginosum L.,13.1,https://www.matvaretabellen.no/en/bog-blueberries-raw/,63.0,kcal,268.0,kJ,100.0,0.0,13.0,0.0,0.0,0.0,0.0,0.0,0.0,0.0,0.0,0.0,0.0,0.0,0.0,0.0,0.0,0.0,15.0,14.3,0.0,0.08,2.0,0.0,0.2,0.7,7.0,0.0,0.5,0.0,0.0,9.0,0.0,103.0,0.6,0.0,0.0,0.0,0.0,3.0,0.0,0.0,0.0,14.3,0.0,1.0,2.0,0.0,0.03,0.03,0.4,0.06,6.0,38.0,0.0,1.8,83.0,0.3
10.1,Bouillon powder,,10.11,https://www.matvaretabellen.no/en/bouillon-powder/,145.0,kcal,609.0,kJ,100.0,0.0,0.0,0.0,0.2,1.1,0.2,0.9,1.6,0.2,0.0,0.0,0.0,0.0,0.0,0.0,0.0,0.0,40.0,9.0,0.0,,0.0,4.5,390.0,1.1,120.0,1.8,,0.0,0.2,,0.2,1500.0,17.0,0.0,55.0,2.2,,22000.0,0.0,6.0,6.0,9.0,0.0,0.0,0.0,0.0,0.15,0.9,,,,0.0,0.0,,70.0,1.6
6.592,Brazil nuts,Bertholletia excelsa Humb. & Bonpl.,14.2,https://www.matvaretabellen.no/en/brazil-nuts/,702.0,kcal,2890.2,kJ,51.0,0.0,5.0,0.0,0.0,9.2,0.19,6.03,19.9,29.2,0.0,0.0,0.0,0.0,0.0,0.0,0.0,0.0,176.0,1.8,0.0,1.75,14.0,67.8,0.0,2.4,400.0,20.1,2.9,0.0,29.2,723.0,29.2,623.0,14.2,0.0,0.0,15.4,225.0,0.0,0.0,0.0,0.0,1.8,0.0,0.0,0.0,0.0,0.73,0.0,0.5,0.33,5.0,0.0,0.0,6.1,3.0,3.8
5.534,"Bread flour mix, fibre bread, gluten-free, organic, powder, Det Glutenfrie Verksted",,5.1,https://www.matvaretabellen.no/en/bread-flour-mix-fibre-bread-gluten-free-organic-powder-det-glutenfrie-verksted/,416.0,kcal,1741.4221,kJ,100.0,0.0,0.0,0.0,0.03,1.27,0.02,0.83,4.17,8.73,0.0,0.0,0.0,0.0,0.0,0.0,0.0,0.0,79.0,43.7,0.0,0.89,7.0,19.4,6.0,4.0,198.0,4.2,5.6,3.47,8.73,359.0,12.2,416.0,13.0,0.0,2.0,2.3,,792.0,41.1,1.6,1.6,2.6,0.0,0.0,0.0,0.0,0.72,0.11,3.4,0.34,47.0,0.0,0.0,12.3,17.0,2.9
5.537,"Bread flour mix, nistebrød, gluten-free, organic, powder, Det Glutenfrie Verksted",,5.1,https://www.matvaretabellen.no/en/bread-flour-mix-nistebrod-gluten-free-organic-powder-det-glutenfrie-verksted/,365.0,kcal,1540.4825,kJ,100.0,0.0,0.0,0.02,0.01,0.74,0.01,0.16,1.62,1.54,0.0,0.0,0.0,0.0,0.0,0.0,0.0,0.0,29.0,62.3,0.0,0.38,8.0,6.1,29.0,3.0,96.0,1.7,3.1,1.33,1.54,240.0,2.9,304.0,11.1,0.0,1.3,0.9,,539.0,60.8,0.9,0.9,1.5,0.0,0.0,0.0,0.0,0.34,0.0,1.2,0.16,53.0,0.0,0.0,1.5,12.0,2.4
5.535,"Bread flour mix, no knead bread, gluten-free, organic, powder, Det Glutenfrie Verksted",,5.1,https://www.matvaretabellen.no/en/bread-flour-mix-no-knead-bread-gluten-free-organic-powder-det-glutenfrie-verksted/,377.0,kcal,1584.8801,kJ,100.0,0.0,0.0,0.01,0.01,0.84,0.01,0.36,2.19,4.03,0.0,0.0,0.0,0.0,0.0,0.0,0.0,0.0,44.0,58.0,0.0,0.57,8.0,9.7,33.0,4.1,135.0,2.2,3.8,1.43,4.03,287.0,5.5,355.0,10.4,0.0,1.4,1.3,,577.0,57.4,0.0,0.0,0.6,0.0,0.0,0.0,0.0,0.49,0.08,2.1,0.28,48.0,0.0,0.0,4.5,14.0,2.6
5.541,"Bread flour mix, superbrød, gluten-free, organic, powder, Det Glutenfrie Verksted",,5.1,https://www.matvaretabellen.no/en/bread-flour-mix-superbrod-gluten-free-organic-powder-det-glutenfrie-verksted/,374.0,kcal,1570.1597,kJ,100.0,0.0,0.0,0.02,0.01,1.16,0.02,0.33,3.3,3.29,0.0,0.0,0.0,0.0,0.0,0.0,0.0,0.0,114.0,48.5,0.0,0.7,12.0,11.3,2.0,4.2,150.0,3.4,4.2,2.19,3.29,375.0,5.5,521.0,13.8,0.0,1.2,1.6,,478.0,47.4,0.0,0.0,1.1,0.0,0.0,0.0,0.0,0.53,0.09,1.9,0.32,67.0,1.0,0.0,1.7,15.0,3.4
5.049,"Bread, 1/3 wholemeal flour, skimmed milk, home-made",,5.5.2,https://www.matvaretabellen.no/en/bread-1-3-wholemeal-flour-skimmed-milk-home-made/,243.0,kcal,1030.124349739896,kJ,100.0,0.0,0.0,0.0,0.0,0.18,0.01,0.0,0.14,0.62,0.04,0.0,0.0,0.0,0.0,0.0,0.0,0.0,48.0,45.9,0.0,0.15,5.0,1.2,4.0,1.4,45.0,0.2,3.6,0.04,0.62,160.0,0.7,236.0,9.6,0.0,0.3,0.2,1.0,128.0,44.6,0.0,0.0,1.4,0.0,0.0,0.0,0.1,0.25,0.1,1.9,0.12,26.0,1.0,0.0,0.4,38.0,1.2
5.048,"Bread, 1/3 wholemeal flour, water, home-made",,5.5.2,https://www.matvaretabellen.no/en/bread-1-3-wholemeal-flour-water-home-made/,236.0,kcal,999.0,kJ,100.0,0.0,0.0,0.0,0.0,0.18,0.01,0.0,0.14,0.62,0.04,0.0,0.0,0.0,0.0,0.0,0.0,0.0,18.0,44.9,0.0,0.15,5.0,1.2,0.1,1.4,43.0,0.2,3.4,0.04,0.62,134.0,0.7,197.0,8.8,0.0,0.3,0.2,1.0,119.0,44.6,0.0,0.0,0.3,0.0,0.0,0.0,0.0,0.24,0.06,1.9,0.11,26.0,1.0,0.0,0.4,40.0,1.1
5.041,"Bread, 100 % wholemeal flour, skimmed milk, home-made",,5.5.3,https://www.matvaretabellen.no/en/bread-100-wholemeal-flour-skimmed-milk-home-made/,245.0,kcal,1034.2337935174069,kJ,100.0,0.0,0.0,0.0,0.0,0.24,0.01,0.01,0.2,0.78,0.06,0.0,0.0,0.0,0.0,0.0,0.0,0.0,85.0,42.3,0.0,0.23,9.0,1.5,7.0,2.4,82.0,0.2,5.5,0.06,0.78,269.0,0.8,383.0,11.0,0.0,0.3,0.3,1.0,137.0,39.7,0.0,0.0,2.6,0.0,0.0,0.0,0.2,0.37,0.15,3.3,0.18,31.0,0.0,0.0,0.6,36.0,2.0
5.045,"Bread, 2/3 wholemeal flour, skimmed milk, home-made",,5.5.3,https://www.matvaretabellen.no/en/bread-2-3-wholemeal-flour-skimmed-milk-home-made/,248.0,kcal,1049.2777861144457,kJ,100.0,0.0,0.0,0.0,0.0,0.21,0.01,0.01,0.17,0.7,0.05,0.0,0.0,0.0,0.0,0.0,0.0,0.0,82.0,44.6,0.0,0.19,7.0,1.4,7.0,1.9,64.0,0.2,4.6,0.05,0.7,228.0,0.8,329.0,10.7,0.0,0.3,0.3,1.0,137.0,42.1,0.0,0.0,2.5,0.0,0.0,0.0,0.3,0.41,0.15,2.7,0.17,40.0,1.0,0.0,0.5,36.0,1.6
5.044,"Bread, 2/3 wholemeal flour, water, home-made",,5.5.3,https://www.matvaretabellen.no/en/bread-2-3-wholemeal-flour-water-home-made/,233.0,kcal,985.0,kJ,100.0,0.0,0.0,0.0,0.0,0.2,0.01,0.0,0.16,0.7,0.05,0.0,0.0,0.0,0.0,0.0,0.0,0.0,22.0,42.6,0.0,0.18,7.0,1.3,0.1,1.9,60.0,0.2,4.2,0.05,0.7,175.0,0.8,251.0,9.1,0.0,0.3,0.2,1.0,119.0,42.1,0.0,0.0,0.4,0.0,0.0,0.0,0.0,0.3,0.07,2.6,0.14,28.0,0.0,0.0,0.5,40.0,1.5
5.051,"Bread, 25 % wholemeal flour, skimmed milk, home-made",,5.5.2,https://www.matvaretabellen.no/en/bread-25-wholemeal-flour-skimmed-milk-home-made/,244.0,kcal,1034.0862561847168,kJ,100.0,0.0,0.0,0.0,0.0,0.18,0.01,0.0,0.14,0.6,0.04,0.0,0.0,0.0,0.0,0.0,0.0,0.0,47.0,46.6,0.0,0.14,5.0,1.1,4.0,1.2,41.0,0.2,3.4,0.04,0.6,150.0,0.6,223.0,9.5,0.0,0.3,0.2,1.0,128.0,45.2,0.0,0.0,1.3,0.0,0.0,0.0,0.1,0.23,0.09,1.7,0.11,26.0,1.0,0.0,0.4,38.0,1.1
5.05,"Bread, 25 % wholemeal flour, water, home-made",,5.5.2,https://www.matvaretabellen.no/en/bread-25-wholemeal-flour-water-home-made/,245.0,kcal,1036.0641296518606,kJ,100.0,0.0,0.0,0.01,0.02,0.23,0.01,0.02,0.17,0.62,0.04,0.0,0.0,0.0,0.0,0.0,0.0,0.0,49.0,45.9,0.0,0.15,5.0,1.3,4.0,1.4,44.0,0.2,3.6,0.04,0.62,160.0,0.7,237.0,9.6,1.0,0.3,0.3,1.0,128.0,44.6,0.0,0.0,1.4,0.0,1.0,1.0,0.1,0.24,0.1,1.9,0.11,26.0,1.0,0.1,0.4,38.0,1.2
5.047,"Bread, 50 % wholemeal flour, skimmed milk, home-made",,5.5.3,https://www.matvaretabellen.no/en/bread-50-wholemeal-flour-skimmed-milk-home-made/,242.0,kcal,1023.2868772509004,kJ,100.0,0.0,0.0,0.0,0.0,0.2,0.01,0.0,0.16,0.66,0.05,0.0,0.0,0.0,0.0,0.0,0.0,0.0,50.0,44.8,0.0,0.17,6.0,1.3,4.0,1.6,54.0,0.2,4.0,0.05,0.66,181.0,0.7,263.0,9.7,0.0,0.3,0.2,1.0,128.0,43.4,0.0,0.0,1.4,0.0,0.0,0.0,0.1,0.28,0.1,2.2,0.13,27.0,0.0,0.0,0.5,38.0,1.4
5.046,"Bread, 50 % wholemeal flour, water, home-made",,5.5.3,https://www.matvaretabellen.no/en/bread-50-wholemeal-flour-water-home-made/,234.0,kcal,992.0,kJ,100.0,0.0,0.0,0.0,0.0,0.19,0.01,0.0,0.15,0.66,0.05,0.0,0.0,0.0,0.0,0.0,0.0,0.0,20.0,43.7,0.0,0.17,6.0,1.2,0.1,1.6,51.0,0.2,3.8,0.05,0.66,154.0,0.7,224.0,9.0,0.0,0.3,0.2,1.0,119.0,43.4,0.0,0.0,0.4,0.0,0.0,0.0,0.0,0.27,0.07,2.2,0.12,27.0,0.0,0.0,0.5,40.0,1.3
5.043,"Bread, 75 % wholemeal flour, skimmed milk, home-made",,5.5.3,https://www.matvaretabellen.no/en/bread-75-wholemeal-flour-skimmed-milk-home-made/,247.0,kcal,1045.023871757709,kJ,100.0,0.0,0.0,0.0,0.0,0.22,0.01,0.01,0.18,0.72,0.05,0.0,0.0,0.0,0.0,0.0,0.0,0.0,82.0,44.1,0.0,0.2,8.0,1.4,7.0,2.0,69.0,0.2,4.8,0.05,0.72,238.0,0.8,343.0,10.7,0.0,0.3,0.3,1.0,137.0,41.5,0.0,0.0,2.5,0.0,0.0,0.0,0.2,0.33,0.14,2.8,0.16,29.0,0.0,0.0,0.5,36.0,1.7
5.042,"Bread, 75 % wholemeal flour, water, home-made",,5.5.3,https://www.matvaretabellen.no/en/bread-75-wholemeal-flour-water-home-made/,232.0,kcal,982.0,kJ,100.0,0.0,0.0,0.0,0.0,0.21,0.01,0.0,0.17,0.72,0.05,0.0,0.0,0.0,0.0,0.0,0.0,0.0,23.0,42.0,0.0,0.19,8.0,1.3,0.1,2.0,64.0,0.2,4.4,0.05,0.72,186.0,0.8,264.0,9.2,0.0,0.3,0.2,1.0,119.0,41.5,0.0,0.0,0.4,0.0,0.0,0.0,0.0,0.31,0.08,2.8,0.15,29.0,0.0,0.0,0.5,40.0,1.5
5.392,"Bread, coarse (50-75 %), First Price kneipp",,5.6.4,https://www.matvaretabellen.no/en/bread-coarse-50-75-first-price-kneipp/,246.0,kcal,1040.1,kJ,100.0,0.0,0.0,0.0,0.0,0.2,0.0,0.03,0.86,0.79,0.15,0.0,0.0,0.0,0.0,0.0,0.0,0.0,24.0,45.3,0.0,0.21,5.0,2.2,1.0,1.5,41.0,0.9,3.5,0.15,0.79,140.0,0.9,200.0,8.6,0.0,1.5,0.2,2.0,580.0,43.4,0.0,0.0,1.9,0.0,0.0,0.0,0.0,0.21,0.08,2.1,0.11,23.0,0.0,0.0,0.6,39.0,1.2
5.367,"Bread, coarse (50-75 %), Josefinebrød",,5.6.4,https://www.matvaretabellen.no/en/bread-coarse-50-75-josefinebrod/,234.0,kcal,990.0,kJ,100.0,0.0,0.0,0.0,0.0,0.29,0.01,0.01,0.65,0.88,0.08,0.0,0.0,0.0,0.0,0.0,0.0,0.0,24.0,41.1,0.0,0.19,7.0,2.3,0.1,1.8,60.0,0.7,3.2,0.08,0.88,191.0,0.9,237.0,9.0,0.0,0.9,0.3,1.0,355.0,40.5,0.0,0.0,0.6,0.0,0.0,0.0,0.0,0.26,0.07,1.7,0.11,26.0,0.0,0.0,0.8,41.0,1.4
5.389,"Bread, coarse (50-75 %), Norsk Fjellbrød",,5.6.4,https://www.matvaretabellen.no/en/bread-coarse-50-75-norsk-fjellbrod/,248.0,kcal,1045.7,kJ,100.0,0.0,0.0,0.0,0.0,0.21,0.0,0.04,1.1,0.81,0.18,0.0,0.0,0.0,0.0,0.0,0.0,0.0,20.0,44.0,0.0,0.21,6.0,2.8,2.0,1.6,50.0,1.1,3.4,0.18,0.81,170.0,1.0,230.0,8.5,0.0,1.0,0.3,2.0,400.0,41.4,0.0,0.0,2.6,0.0,0.0,0.0,0.0,0.17,0.08,2.0,0.12,20.0,0.0,0.0,0.8,39.0,1.2
5.393,"Bread, coarse (50-75 %), Pågen kjernesunt brød",,5.6.4,https://www.matvaretabellen.no/en/bread-coarse-50-75-pagen-kjernesunt-brod/,229.0,kcal,968.0,kJ,100.0,0.0,0.0,0.0,0.0,0.22,0.01,0.03,1.04,0.82,0.18,0.0,0.0,0.0,0.0,0.0,0.0,0.0,20.0,38.1,0.0,0.2,6.0,2.7,1.0,1.6,53.0,1.1,3.2,0.18,0.82,170.0,1.0,230.0,10.3,0.0,1.2,0.3,3.0,460.0,35.0,0.0,0.0,3.1,0.0,0.0,0.0,0.0,0.17,0.09,1.5,0.09,19.0,0.0,0.0,0.6,43.0,1.3
5.362,"Bread, coarse (50-75 %), Skibrød",,5.6.4,https://www.matvaretabellen.no/en/bread-coarse-50-75-skibrod/,231.0,kcal,977.0,kJ,100.0,0.0,0.0,0.0,0.0,0.26,0.0,0.03,0.37,1.02,0.08,0.0,0.0,0.0,0.0,0.0,0.0,0.0,20.0,41.5,0.0,0.17,6.0,2.0,0.0,1.5,51.0,0.4,3.4,0.08,1.01,149.0,1.1,213.0,8.7,0.0,0.8,0.3,1.0,339.0,40.6,0.5,0.5,0.9,0.0,0.0,0.0,0.0,0.23,0.05,1.9,0.11,16.0,0.0,0.0,0.5,42.0,1.2
5.364,"Bread, coarse (50-75 %), Speltbrød",,5.6.4,https://www.matvaretabellen.no/en/bread-coarse-50-75-speltbrod/,263.0,kcal,1103.5,kJ,100.0,0.0,3.0,0.0,0.0,0.49,0.04,0.19,3.18,2.94,0.24,0.0,0.0,0.0,0.0,0.0,0.0,0.0,28.0,33.2,0.0,0.28,6.0,8.1,1.0,2.0,66.0,3.2,3.9,0.24,2.94,218.0,3.3,222.0,11.4,0.0,1.0,0.8,8.0,404.0,30.1,1.6,1.6,3.1,0.0,0.0,0.0,0.0,0.48,0.15,2.0,0.2,71.0,0.0,0.0,4.0,42.0,1.5
5.391,"Bread, coarse (50-75 %), Superbrød",,5.6.4,https://www.matvaretabellen.no/en/bread-coarse-50-75-superbrod/,225.0,kcal,951.0,kJ,100.0,0.0,0.0,0.0,0.0,0.2,0.0,0.05,0.44,0.62,0.09,0.0,0.0,0.0,0.0,0.0,0.0,0.0,37.0,41.3,0.0,0.19,6.0,1.6,1.0,1.6,45.0,0.5,3.6,0.09,0.62,160.0,0.7,250.0,8.5,0.0,1.3,0.3,2.0,520.0,37.6,0.0,0.0,3.7,0.0,0.0,0.0,0.0,0.3,0.11,2.2,0.12,34.0,0.0,0.0,0.6,43.0,1.3
5.342,"Bread, coarse (50-75 %), industrially made",,5.6.4,https://www.matvaretabellen.no/en/bread-coarse-50-75-industrially-made/,239.0,kcal,1010.6993451732347,kJ,100.0,0.0,0.0,0.0,0.0,0.27,0.01,0.05,1.09,1.12,0.14,0.0,0.0,0.0,0.0,0.0,0.0,0.0,25.0,40.6,0.0,0.21,6.0,3.1,0.9,1.7,52.0,1.1,3.5,0.14,1.12,171.0,1.3,226.0,9.3,0.0,1.1,0.4,3.0,437.0,38.4,0.3,0.3,2.3,0.0,0.0,0.0,0.0,0.26,0.09,1.9,0.12,30.0,0.0,0.0,1.1,41.0,1.3
5.468,"Bread, coarse, gluten-free, Fria Grova",,5.6.4,https://www.matvaretabellen.no/en/bread-coarse-gluten-free-fria-grova/,250.0,kcal,1055.638,kJ,100.0,0.0,1.0,0.0,0.01,0.48,0.04,0.07,0.96,0.35,0.34,0.0,0.0,0.0,0.0,0.0,0.0,0.0,42.0,53.0,0.0,0.03,6.0,2.5,0.0,1.7,12.0,1.0,1.1,0.34,0.35,45.0,0.7,169.0,0.9,0.0,1.2,0.6,0.0,467.0,46.2,6.7,6.7,6.8,0.0,0.0,0.0,0.0,0.24,0.08,0.9,0.04,48.0,0.0,0.0,0.5,38.0,0.2
5.366,"Bread, extra coarse (75-100 %), Grovbrød uten hele korn",,5.6.2,https://www.matvaretabellen.no/en/bread-extra-coarse-75-100-grovbrod-uten-hele-korn/,236.0,kcal,996.0,kJ,100.0,0.0,0.0,0.14,0.06,0.28,0.01,0.03,0.58,0.83,0.08,0.0,0.0,0.0,0.0,0.0,0.0,0.0,22.0,41.8,0.0,0.18,6.0,2.3,0.1,1.7,55.0,0.6,3.3,0.08,0.83,172.0,0.9,188.0,8.9,0.0,0.9,0.6,2.0,357.0,41.3,0.0,0.0,0.5,0.0,0.0,0.0,0.0,0.23,0.07,1.8,0.1,24.0,0.0,0.0,0.8,41.0,1.3
5.39,"Bread, extra coarse (75-100 %), Grovt & Godt Grovbrød",,5.6.2,https://www.matvaretabellen.no/en/bread-extra-coarse-75-100-grovt-godt-grovbrod/,212.0,kcal,897.0,kJ,100.0,0.0,0.0,0.01,0.0,0.19,0.0,0.08,0.41,0.92,0.17,0.0,0.0,0.0,0.0,0.0,0.0,0.0,47.0,32.5,0.0,0.3,7.0,2.0,3.0,2.2,74.0,0.4,4.5,0.17,0.92,220.0,1.1,300.0,12.4,0.0,1.0,0.3,2.0,380.0,29.9,0.0,0.0,2.6,0.0,0.0,0.0,0.0,0.24,0.11,2.4,0.16,38.0,0.0,0.0,0.8,46.0,1.9
5.368,"Bread, extra coarse (75-100 %), Havrebrød",,5.6.2,https://www.matvaretabellen.no/en/bread-extra-coarse-75-100-havrebrod/,263.0,kcal,1108.7837921862013,kJ,100.0,0.0,0.0,0.0,0.0,0.46,0.0,0.03,1.0,1.26,0.07,0.0,0.0,0.0,0.0,0.0,0.0,0.0,35.0,43.1,0.0,0.28,10.0,3.3,0.1,3.1,95.0,1.0,3.6,0.07,1.26,299.0,1.3,236.0,10.2,0.0,0.7,0.5,4.0,295.0,42.2,0.2,0.2,0.9,0.0,0.0,0.0,0.0,0.27,0.07,1.9,0.12,16.0,0.0,0.0,0.8,33.0,1.9
5.343,"Bread, extra coarse (75-100 %), industrially made",,5.6.2,https://www.matvaretabellen.no/en/bread-extra-coarse-75-100-industrially-made/,243.0,kcal,1022.2477086099306,kJ,100.0,0.0,1.0,0.04,0.04,0.48,0.02,0.11,1.47,1.57,0.33,0.0,0.0,0.0,0.0,0.0,0.0,0.0,55.0,34.3,0.0,0.34,8.0,4.7,1.0,2.8,84.0,1.1,4.2,0.35,1.63,259.0,2.4,260.0,11.9,0.0,0.9,0.6,5.0,358.0,33.1,0.1,0.1,1.2,0.0,0.0,0.0,0.0,0.26,0.09,2.2,0.12,31.0,0.0,0.0,1.2,41.0,1.9
5.427,"Bread, gluten-free, Semper formbrød",,5.6.3,https://www.matvaretabellen.no/en/bread-gluten-free-semper-formbrod/,247.0,kcal,1041.2,kJ,100.0,0.0,,0.0,0.0,0.3,0.02,0.14,1.3,2.44,0.01,0.0,0.0,0.0,0.0,0.0,0.0,0.0,28.0,45.9,,0.12,6.0,4.4,2.0,0.9,18.0,1.3,1.4,0.02,2.44,86.0,2.5,170.0,2.9,,2.1,0.6,5.0,820.0,38.2,7.7,7.7,7.7,0.0,,,0.0,0.06,0.15,0.9,0.03,23.0,0.0,0.0,3.0,41.0,0.8
5.265,"Bread, gluten-free, coarse, with low-fat milk, home-made",,5.5.3,https://www.matvaretabellen.no/en/bread-gluten-free-coarse-with-low-fat-milk-home-made/,190.0,kcal,797.0,kJ,100.0,0.0,1.0,0.01,0.04,0.42,0.03,0.15,1.83,1.62,0.11,0.0,0.0,0.0,0.0,0.0,0.0,0.0,86.0,27.4,1.0,0.19,6.0,4.9,8.0,1.2,46.0,1.9,2.2,0.11,1.62,175.0,1.8,236.0,6.0,1.0,1.2,0.7,2.0,482.0,21.7,3.1,3.1,5.7,0.0,1.0,1.0,0.3,0.22,0.15,1.0,0.09,45.0,0.0,0.1,2.1,56.0,1.3
5.354,"Bread, gluten-free, coarse, with soy based beverage, home-made",,5.5.3,https://www.matvaretabellen.no/en/bread-gluten-free-coarse-with-soy-based-beverage-home-made/,184.0,kcal,774.0,kJ,100.0,0.0,0.0,0.0,0.0,0.41,0.02,0.15,1.94,2.1,0.18,0.0,0.0,0.0,0.0,0.0,0.0,0.0,95.0,26.0,0.0,0.24,6.0,5.0,0.6,1.4,52.0,2.0,2.0,0.18,2.1,189.0,2.3,294.0,6.0,0.0,1.2,0.6,2.0,474.0,21.7,3.8,3.8,4.2,0.0,0.0,0.0,0.1,0.22,0.19,1.0,0.09,49.0,0.0,0.2,2.2,57.0,1.3
5.263,"Bread, gluten-free, coarse, with water, home-made",,5.5.3,https://www.matvaretabellen.no/en/bread-gluten-free-coarse-with-water-home-made/,170.0,kcal,716.0,kJ,100.0,0.0,0.0,0.0,0.0,0.31,0.02,0.12,1.76,1.62,0.11,0.0,0.0,0.0,0.0,0.0,0.0,0.0,20.0,25.2,0.0,0.18,6.0,4.5,0.4,1.2,43.0,1.8,1.7,0.11,1.62,119.0,1.8,150.0,4.3,0.0,1.2,0.5,2.0,462.0,21.7,3.1,3.1,3.5,0.0,0.0,0.0,0.0,0.21,0.08,1.0,0.09,44.0,0.0,0.0,2.1,60.0,1.2
5.264,"Bread, gluten-free, white, with low-fat milk, home-made",,5.5.2,https://www.matvaretabellen.no/en/bread-gluten-free-white-with-low-fat-milk-home-made/,257.0,kcal,1081.7156960556845,kJ,100.0,0.0,12.0,0.16,0.18,0.48,0.04,0.27,0.99,0.26,0.09,0.0,0.0,0.0,0.0,0.0,0.0,0.0,52.0,50.0,3.0,0.04,10.0,2.9,6.0,3.6,11.0,1.1,3.1,0.09,0.25,82.0,0.4,105.0,2.6,25.0,0.9,1.3,1.0,378.0,46.6,1.7,1.7,3.3,0.0,26.0,27.0,0.2,0.24,0.3,2.6,0.2,35.0,0.0,0.5,0.3,35.0,0.6
5.262,"Bread, gluten-free, white, with water, home-made",,5.5.2,https://www.matvaretabellen.no/en/bread-gluten-free-white-with-water-home-made/,243.0,kcal,1025.147320185615,kJ,100.0,0.0,12.0,0.15,0.15,0.4,0.03,0.25,0.94,0.26,0.09,0.0,0.0,0.0,0.0,0.0,0.0,0.0,6.0,48.4,3.0,0.03,10.0,2.6,0.4,3.6,9.0,1.0,2.8,0.09,0.25,43.0,0.4,44.0,1.4,25.0,0.9,1.1,0.0,364.0,46.6,1.7,1.7,1.8,0.0,26.0,27.0,0.0,0.23,0.25,2.6,0.2,34.0,0.0,0.3,0.3,38.0,0.5
5.344,"Bread, reduced content of carbohydrates, extra coarse (75-100 %), industrially made, Fiber og frø",,5.6.2,https://www.matvaretabellen.no/en/bread-reduced-content-of-carbohydrates-extra-coarse-75-100-industrially-made-fiber-og-fro/,260.0,kcal,1088.2,kJ,100.0,0.0,2.0,0.03,0.08,0.97,0.08,0.3,3.89,3.27,1.0,0.0,0.0,0.0,0.0,0.0,0.0,0.0,115.0,19.7,0.0,0.61,10.0,11.0,1.0,4.0,114.0,2.3,5.5,1.08,3.51,346.0,6.3,314.0,15.9,0.0,1.0,1.2,10.0,400.0,18.8,0.0,0.0,0.9,0.0,0.0,0.0,0.0,0.28,0.13,2.8,0.11,47.0,0.0,0.0,2.4,44.0,2.6
5.273,"Bread, rye, coarse (50-75 %), industrially made",,5.6.4,https://www.matvaretabellen.no/en/bread-rye-coarse-50-75-industrially-made/,255.0,kcal,1075.3977267587272,kJ,100.0,0.0,0.0,0.15,0.06,0.2,0.01,0.02,0.47,0.59,0.1,0.0,0.0,0.0,0.0,0.0,0.0,0.0,23.0,47.4,0.0,0.18,10.0,1.9,0.1,1.5,56.0,0.5,2.2,0.1,0.59,173.0,0.7,281.0,6.7,0.0,0.4,0.5,1.0,167.0,41.2,5.5,5.5,6.1,0.0,0.0,0.0,0.0,0.25,0.09,1.0,0.12,32.0,0.0,0.0,0.5,34.0,1.6
5.272,"Bread, rye, light (0-25 %), industrially made",,5.6.3,https://www.matvaretabellen.no/en/bread-rye-light-0-25-industrially-made/,248.0,kcal,1046.649010784186,kJ,100.0,0.0,0.0,0.09,0.07,0.35,0.08,0.16,0.6,0.77,0.12,0.0,0.0,0.0,0.0,0.0,0.0,0.0,24.0,45.7,6.0,0.13,5.0,2.6,1.0,1.0,25.0,0.7,2.4,0.12,0.77,116.0,1.0,163.0,7.9,0.0,1.0,0.9,5.0,401.0,43.0,0.0,0.0,2.8,0.0,0.0,0.0,0.0,0.18,0.11,1.1,0.12,25.0,0.0,0.0,0.4,39.0,0.9
5.358,"Bread, semi-coarse (25-50 %), Jegerbrød",,5.6.5,https://www.matvaretabellen.no/en/bread-semi-coarse-25-50-jegerbrod/,238.0,kcal,1004.5,kJ,100.0,0.0,0.0,0.0,0.0,0.22,0.0,0.05,0.65,0.9,0.1,0.0,0.0,0.0,0.0,0.0,0.0,0.0,31.0,41.7,0.0,0.22,5.0,3.0,1.0,1.6,55.0,0.7,3.0,0.1,0.9,170.0,1.0,220.0,8.6,0.0,1.2,0.3,2.0,490.0,40.5,0.0,0.0,1.2,0.0,0.0,0.0,0.0,0.32,0.11,1.6,0.07,32.0,,0.0,1.0,42.0,1.3
5.36,"Bread, semi-coarse (25-50 %), Kneippbrød",,5.6.5,https://www.matvaretabellen.no/en/bread-semi-coarse-25-50-kneippbrod/,232.0,kcal,981.0,kJ,100.0,0.0,1.0,,,,,,,,,0.0,0.0,0.0,0.0,0.0,0.0,0.0,17.0,45.5,0.0,0.18,4.0,1.5,1.0,1.7,45.0,0.2,3.4,0.12,0.75,162.0,0.6,192.0,7.1,1.0,1.0,0.2,5.0,400.0,45.2,0.0,0.0,0.3,0.0,1.0,1.0,0.0,0.21,0.08,2.2,0.08,31.0,0.0,0.0,0.6,42.0,1.1
5.359,"Bread, semi-coarse (25-50 %), Odelsbrød",,5.6.5,https://www.matvaretabellen.no/en/bread-semi-coarse-25-50-odelsbrod/,229.0,kcal,968.0,kJ,100.0,0.0,0.0,0.0,0.0,0.21,0.01,0.02,0.79,0.75,0.13,0.0,0.0,0.0,0.0,0.0,0.0,0.0,24.0,38.5,0.0,0.15,6.0,2.2,0.1,1.5,44.0,0.8,3.0,0.13,0.76,145.0,0.9,209.0,10.5,0.0,1.0,0.3,3.0,410.0,38.1,0.0,0.0,0.4,0.0,0.0,0.0,0.0,0.21,0.07,1.3,0.1,26.0,0.0,0.0,0.6,42.0,1.2
5.357,"Bread, semi-coarse (25-50 %), Yoghurtbrød",,5.6.5,https://www.matvaretabellen.no/en/bread-semi-coarse-25-50-yoghurtbrod/,223.0,kcal,942.0,kJ,100.0,0.0,3.0,0.1,0.08,0.34,0.02,0.08,0.5,0.78,0.06,0.0,0.0,0.0,0.0,0.0,0.0,0.0,39.0,38.6,2.0,0.16,6.0,2.3,0.8,1.5,52.0,0.5,3.6,0.06,0.78,165.0,0.8,230.0,9.1,5.0,1.0,0.7,2.0,382.0,37.6,0.0,0.0,1.1,0.0,5.0,5.0,0.1,0.22,0.08,2.0,0.12,24.0,1.0,0.0,0.4,44.0,1.2
5.341,"Bread, semi-coarse (25-50 %), industrially made",,5.6.5,https://www.matvaretabellen.no/en/bread-semi-coarse-25-50-industrially-made/,230.0,kcal,974.0,kJ,100.0,0.0,1.0,0.03,0.02,0.19,0.01,0.04,0.49,0.61,0.07,0.0,0.0,0.0,0.0,0.0,0.0,0.0,28.0,41.1,0.0,0.18,5.0,2.3,0.7,1.6,49.0,0.6,3.3,0.1,0.8,160.0,0.8,213.0,8.8,1.0,1.1,0.4,3.0,420.0,40.4,0.0,0.0,0.7,0.0,2.0,1.0,0.0,0.24,0.08,1.8,0.09,28.0,0.0,0.0,0.7,43.0,1.2
5.06,"Bread, white (0-25 %), industrially made",,5.6.3,https://www.matvaretabellen.no/en/bread-white-0-25-industrially-made/,255.0,kcal,1077.9431878710357,kJ,100.0,0.0,2.0,0.25,0.14,0.38,0.03,0.09,1.08,0.83,0.15,0.0,0.0,0.0,0.0,0.0,0.0,0.0,15.0,45.7,1.0,0.13,4.0,3.4,0.2,0.9,28.0,1.1,2.5,0.15,0.82,96.0,1.0,149.0,8.5,3.0,1.1,1.0,1.0,455.0,44.8,0.7,0.7,0.9,0.0,4.0,3.0,0.0,0.21,0.06,1.1,0.08,25.0,1.0,0.1,0.7,39.0,0.8
5.283,"Bread, white (0-25 %), spirally shaped, industrially made",,5.6.3,https://www.matvaretabellen.no/en/bread-white-0-25-spirally-shaped-industrially-made/,271.0,kcal,1143.146909264262,kJ,100.0,0.0,4.0,0.51,0.28,0.53,0.03,0.14,0.96,0.78,0.12,0.0,0.0,0.0,0.0,0.0,0.0,0.0,15.0,48.5,2.0,0.11,3.0,4.0,0.3,0.9,26.0,1.0,2.5,0.12,0.77,92.0,0.9,144.0,8.5,7.0,1.2,1.7,1.0,463.0,46.9,1.4,1.4,1.6,0.0,7.0,7.0,0.0,0.18,0.05,1.1,0.08,23.0,1.0,0.1,0.6,36.0,0.8
5.284,"Bread, white (0-25 %), squared-shaped, industrially made",,5.6.3,https://www.matvaretabellen.no/en/bread-white-0-25-squared-shaped-industrially-made/,240.0,kcal,1012.7394664778092,kJ,100.0,0.0,0.0,0.0,0.0,0.23,0.02,0.03,1.21,0.88,0.18,0.0,0.0,0.0,0.0,0.0,0.0,0.0,16.0,42.9,0.0,0.16,4.0,2.9,0.1,0.9,30.0,1.3,2.5,0.18,0.88,101.0,1.1,154.0,8.4,0.0,1.1,0.3,1.0,446.0,42.6,0.0,0.0,0.3,0.0,0.0,0.0,0.0,0.23,0.06,1.1,0.09,26.0,1.0,0.0,0.7,42.0,0.7
5.186,"Bread, white (0-25%), bake-off, ready-to-eat",,5.6.3,https://www.matvaretabellen.no/en/bread-white-0-25-bake-off-ready-to-eat/,257.0,kcal,1084.6216138415853,kJ,100.0,0.0,0.0,0.0,0.0,0.34,0.02,0.07,1.98,1.44,0.27,0.0,0.0,0.0,0.0,0.0,0.0,0.0,30.0,43.4,0.0,0.17,4.0,4.5,0.1,1.0,30.0,2.1,2.6,0.27,1.44,105.0,1.7,131.0,8.8,0.0,1.1,0.4,2.0,438.0,43.1,0.0,0.0,0.3,0.0,0.0,0.0,0.0,0.24,0.06,1.1,0.08,28.0,1.0,0.0,1.0,40.0,0.7
5.053,"Bread, white, with skimmed milk, home-made",,5.5.2,https://www.matvaretabellen.no/en/bread-white-with-skimmed-milk-home-made/,269.0,kcal,1134.9194487100865,kJ,100.0,0.0,9.0,0.12,0.11,0.5,0.03,0.22,1.55,1.04,0.16,0.0,0.0,0.0,0.0,0.0,0.0,0.0,73.0,46.5,1.0,0.11,3.0,4.2,8.0,0.8,29.0,1.6,3.0,0.16,1.03,142.0,1.2,217.0,9.6,18.0,0.8,1.2,1.0,306.0,44.2,0.0,0.0,2.3,0.0,18.0,19.0,0.2,0.2,0.12,1.2,0.09,29.0,1.0,0.3,0.8,37.0,1.0
5.052,"Bread, white, with water, home-made",,5.5.2,https://www.matvaretabellen.no/en/bread-white-with-water-home-made/,254.0,kcal,1072.8742190634275,kJ,100.0,0.0,9.0,0.12,0.1,0.48,0.03,0.21,1.54,1.04,0.16,0.0,0.0,0.0,0.0,0.0,0.0,0.0,14.0,44.4,1.0,0.11,3.0,4.2,0.3,0.8,25.0,1.6,2.5,0.16,1.03,89.0,1.2,140.0,8.1,17.0,0.7,1.1,1.0,288.0,44.2,0.0,0.0,0.2,0.0,18.0,18.0,0.0,0.18,0.06,1.2,0.08,28.0,1.0,0.3,0.8,40.0,0.8
5.129,"Bread, wholemeal flour, wheat and rye, home-made",,5.5.3,https://www.matvaretabellen.no/en/bread-wholemeal-flour-wheat-and-rye-home-made/,248.0,kcal,1046.550473404065,kJ,100.0,0.0,3.0,0.05,0.04,0.3,0.02,0.08,0.69,0.79,0.1,0.0,0.0,0.0,0.0,0.0,0.0,0.0,21.0,44.4,1.0,0.17,7.0,2.4,0.2,1.5,51.0,0.7,3.3,0.1,0.79,158.0,0.9,242.0,8.4,7.0,1.0,0.6,1.0,399.0,43.4,0.6,0.6,1.1,0.0,7.0,7.0,0.0,0.27,0.09,1.8,0.12,37.0,0.0,0.1,0.6,37.0,1.5
5.394,"Breakfast cereal, Nestlé Cheerios",,5.3,https://www.matvaretabellen.no/en/breakfast-cereal-nestle-cheerios/,394.0,kcal,1662.1,kJ,100.0,0.0,0.0,0.0,0.01,0.89,0.01,0.14,2.27,2.29,0.06,0.0,0.0,0.0,0.0,0.0,0.0,0.0,57.0,67.5,0.0,0.34,7.0,7.3,2.0,3.4,100.0,2.3,2.4,0.06,2.29,420.0,2.4,560.0,10.9,0.0,0.8,1.1,5.0,330.0,58.7,7.0,7.0,8.8,0.0,0.0,0.0,0.0,0.17,0.09,0.6,0.06,25.0,,0.0,1.2,7.0,2.1
5.395,"Breakfast cereal, Nestlé Nesquick",,5.3,https://www.matvaretabellen.no/en/breakfast-cereal-nestle-nesquick/,362.0,kcal,1527.3,kJ,100.0,0.0,13.0,0.0,0.0,0.5,0.0,0.4,0.6,0.9,0.1,0.0,0.0,0.0,0.0,0.0,0.0,0.0,34.0,69.1,0.0,0.42,11.0,3.4,0.0,5.4,85.0,0.6,3.4,0.1,0.9,200.0,0.9,540.0,8.4,0.0,0.5,0.9,2.0,180.0,47.6,22.0,21.9,21.5,0.0,1.0,2.0,0.0,0.16,0.07,2.0,0.13,27.0,0.0,0.0,0.4,9.0,1.5
5.543,"Breakfast cereal, buckwheat and dark chocolate, gluten-free, organic, Det Glutenfrie Verksted",,5.3,https://www.matvaretabellen.no/en/breakfast-cereal-buckwheat-and-dark-chocolate-gluten-free-organic-det-glutenfrie-verksted/,381.0,kcal,1607.9277,kJ,100.0,0.0,0.0,0.0,0.01,1.19,0.02,1.27,1.98,0.98,0.0,0.0,0.0,0.0,0.0,0.0,0.0,0.0,43.0,65.4,0.0,1.03,6.0,7.4,16.0,4.5,97.0,2.0,4.0,1.49,0.98,272.0,2.5,423.0,10.2,1.0,0.7,2.5,,267.0,58.5,5.5,5.5,6.9,0.0,1.0,1.0,0.0,0.33,0.11,2.3,0.29,28.0,0.0,0.0,1.8,11.0,2.3
5.158,"Breakfast cereal, chocolate flavoured",,5.3,https://www.matvaretabellen.no/en/breakfast-cereal-chocolate-flavoured/,358.0,kcal,1514.0395389020537,kJ,100.0,0.0,8.0,0.0,0.0,0.48,0.0,0.38,0.55,0.73,0.07,0.0,0.0,0.0,0.0,0.0,0.0,0.0,28.0,70.9,0.0,0.36,7.0,2.8,0.1,3.4,69.0,0.5,2.9,0.07,0.73,158.0,0.7,431.0,8.7,0.0,0.6,0.9,1.0,243.0,46.2,24.8,24.8,24.7,0.0,1.0,1.0,0.0,0.17,0.05,1.5,0.11,20.0,1.0,0.0,0.4,10.0,1.3
5.375,"Breakfast cereal, chocolate flavoured, Coco Pops Crunchers",,5.3,https://www.matvaretabellen.no/en/breakfast-cereal-chocolate-flavoured-coco-pops-crunchers/,354.0,kcal,1500.7790778041074,kJ,100.0,0.0,2.0,0.0,0.0,0.46,0.0,0.36,0.5,0.56,0.04,0.0,0.0,0.0,0.0,0.0,0.0,0.0,22.0,72.6,0.0,0.31,4.0,2.1,0.2,1.4,53.0,0.5,2.5,0.03,0.55,116.0,0.6,322.0,9.1,0.0,0.8,0.8,1.0,307.0,44.8,27.6,27.6,27.8,0.0,0.0,0.0,0.0,0.18,0.03,1.0,0.08,13.0,1.0,0.0,0.4,12.0,1.1
5.136,"Breakfast cereal, oats, fruit, vegetable oil, Crüsli",,5.3,https://www.matvaretabellen.no/en/breakfast-cereal-oats-fruit-vegetable-oil-crusli/,444.0,kcal,1865.0,kJ,100.0,0.0,1.0,0.01,0.01,1.16,0.04,0.27,8.02,2.63,0.71,0.0,0.0,0.0,0.0,0.0,0.0,0.0,27.0,67.0,0.0,0.24,7.0,15.0,2.0,2.4,69.0,4.2,2.8,0.71,2.63,262.0,7.4,290.0,7.0,0.0,0.1,1.5,3.0,20.0,42.0,22.7,22.7,25.0,0.0,0.0,0.0,0.0,0.24,0.05,1.6,0.14,20.0,0.0,0.0,7.0,5.0,1.4
5.24,"Breakfast cereal, wheat and rice, Special K",,5.3,https://www.matvaretabellen.no/en/breakfast-cereal-wheat-and-rice-special-k/,352.0,kcal,1493.4436315888202,kJ,100.0,0.0,4.0,0.0,0.0,0.22,0.0,0.01,0.15,0.44,0.05,0.0,0.0,0.0,0.0,0.0,0.0,0.0,14.0,74.4,0.0,0.59,5.0,1.4,2.0,1.8,56.0,0.3,4.5,0.05,0.44,193.0,0.6,207.0,8.0,0.0,0.6,0.2,5.0,231.0,62.2,11.3,11.3,12.2,0.0,0.0,0.0,0.0,0.2,0.04,3.1,0.12,23.0,0.0,0.0,0.4,11.0,1.8
5.244,"Breakfast cereal, wheat, Weetabix",Triticum aestivum L.,5.3,https://www.matvaretabellen.no/en/breakfast-cereal-wheat-weetabix/,358.0,kcal,1514.4,kJ,100.0,0.0,0.0,0.0,0.0,0.37,0.02,0.02,0.3,1.0,0.05,0.0,0.0,0.0,0.0,0.0,0.0,0.0,28.0,67.4,0.0,0.32,11.0,2.5,2.0,4.3,82.0,0.3,9.4,0.05,1.0,301.0,1.2,388.0,11.3,0.0,0.7,0.3,3.0,260.0,62.4,5.0,5.0,5.0,0.0,0.0,0.0,0.0,0.01,0.15,7.5,0.33,35.0,0.0,0.0,0.8,8.0,1.5
5.034,"Breakfast cereal, wheat, barley, rye, oat, no sugar, 4-korn",,5.3,https://www.matvaretabellen.no/en/breakfast-cereal-wheat-barley-rye-oat-no-sugar-4-korn/,331.0,kcal,1397.726375,kJ,100.0,0.0,1.0,0.0,0.0,0.39,0.0,0.01,0.6,1.07,0.07,0.0,0.0,0.0,0.0,0.0,0.0,0.0,37.0,58.4,0.0,0.41,13.0,2.9,0.7,3.2,103.0,0.7,5.4,0.07,1.07,347.0,1.2,397.0,11.2,0.0,0.0,0.4,4.0,1.0,57.1,0.0,0.0,1.3,0.0,0.0,0.0,0.0,0.43,0.1,3.5,0.21,34.0,0.0,0.0,0.6,14.0,2.3
5.377,"Breakfast cereal, with berries, Blåbærmüsli",,5.3,https://www.matvaretabellen.no/en/breakfast-cereal-with-berries-blabaermusli/,312.0,kcal,1316.6427869415809,kJ,100.0,0.0,19.0,0.0,0.0,0.39,0.0,0.01,0.73,1.09,0.08,0.0,0.0,0.0,0.0,0.0,0.0,0.0,36.0,55.6,0.0,0.31,13.0,2.9,0.3,2.9,102.0,0.8,3.7,0.08,1.09,310.0,1.2,381.0,9.2,0.0,0.5,0.4,2.0,203.0,48.8,5.2,5.2,6.8,0.0,2.0,3.0,0.0,0.4,0.09,2.2,0.18,32.0,1.0,0.0,0.7,19.0,2.1
11.043,"Breast milk replacement from 6 months, powder",,11,https://www.matvaretabellen.no/en/breast-milk-replacement-from-6-months-powder/,500.0,kcal,2094.4,kJ,100.0,0.0,,1.94,0.7,1.24,0.02,0.76,11.45,3.69,0.32,0.0,0.0,0.0,0.0,0.03,0.01,0.13,490.0,61.5,,0.4,0.2,24.4,105.0,6.6,33.0,11.6,5.4,0.49,3.7,300.0,4.2,680.0,8.5,,0.6,6.0,25.0,255.0,0.0,0.0,0.0,61.5,0.1,460.0,,1.2,0.5,1.1,4.0,0.3,140.0,72.0,12.5,10.5,5.0,3.6
11.041,"Breast milk replacement from 6 months, prepared",,11,https://www.matvaretabellen.no/en/breast-milk-replacement-from-6-months-prepared/,66.0,kcal,278.0,kJ,100.0,0.0,,0.26,0.09,0.17,0.0,0.1,1.55,0.5,0.04,0.0,0.0,0.0,0.0,0.0,0.0,0.02,65.0,8.3,,0.06,0.0,3.2,14.0,0.9,4.0,1.6,0.7,0.04,0.5,38.0,0.6,95.0,1.1,,0.1,0.8,4.0,32.0,0.0,0.0,0.0,8.3,0.0,60.0,,0.2,0.07,0.17,0.5,0.04,20.0,10.0,1.7,1.4,87.0,0.5
11.096,"Breast milk replacement from 6 months, ready to drink",,11,https://www.matvaretabellen.no/en/breast-milk-replacement-from-6-months-ready-to-drink/,51.0,kcal,212.0,kJ,100.0,0.0,,0.26,0.09,0.17,0.0,0.1,1.55,0.5,0.04,0.0,0.0,0.0,0.0,0.0,0.0,0.02,66.0,4.1,,0.05,0.0,3.3,14.0,0.9,4.0,1.6,0.7,0.04,0.5,40.0,0.6,91.0,1.2,,0.1,0.8,3.0,34.0,0.0,0.0,0.0,4.1,0.0,62.0,,0.2,0.07,0.15,0.5,0.04,19.0,10.0,1.7,1.4,91.0,0.5
11.042,"Breast milk replacement from birth, powder",,11,https://www.matvaretabellen.no/en/breast-milk-replacement-from-birth-powder/,524.0,kcal,2191.6,kJ,100.0,0.0,,2.35,0.86,1.45,0.02,0.91,13.8,4.33,0.38,0.0,0.0,0.0,0.0,0.03,0.01,0.1,330.0,58.0,,0.4,0.8,28.0,105.0,2.4,44.0,13.9,5.6,0.56,4.34,185.0,4.9,520.0,9.6,,0.4,6.5,28.0,165.0,0.0,0.0,0.0,58.0,0.1,450.0,,1.7,0.6,1.4,4.0,0.3,140.0,80.0,13.0,12.0,4.0,3.7
11.04,"Breast milk replacement from birth, prepared",,11,https://www.matvaretabellen.no/en/breast-milk-replacement-from-birth-prepared/,67.0,kcal,279.0,kJ,100.0,0.0,,0.28,0.1,0.17,0.0,0.11,1.66,0.52,0.05,0.0,0.0,0.0,0.0,0.0,0.0,0.01,43.0,7.3,,0.06,0.1,3.6,15.0,0.3,6.0,1.8,0.7,0.07,0.52,24.0,0.6,77.0,1.2,,0.1,0.9,4.0,21.0,0.0,0.0,0.0,7.3,0.0,60.0,,0.2,0.07,0.18,0.5,0.04,22.0,10.0,1.7,1.3,88.0,0.5
11.095,"Breast milk replacement from birth, ready to drink",,11,https://www.matvaretabellen.no/en/breast-milk-replacement-from-birth-ready-to-drink/,67.0,kcal,280.0,kJ,100.0,0.0,,0.28,0.1,0.17,0.0,0.11,1.66,0.52,0.05,0.0,0.0,0.0,0.0,0.0,0.0,0.01,43.0,7.4,,0.05,0.1,3.6,14.0,0.3,6.0,1.8,0.7,0.07,0.52,24.0,0.6,67.0,1.2,,0.1,0.8,4.0,21.0,0.0,0.0,0.0,7.4,0.0,58.0,,0.2,0.08,0.18,0.5,0.04,18.0,10.0,1.7,1.5,88.0,0.5
5.501,Brioche,,5.5.1,https://www.matvaretabellen.no/en/brioche/,435.0,kcal,1815.014450909432,kJ,100.0,0.0,109.0,0.65,2.18,6.98,0.59,2.53,5.76,1.26,0.14,0.0,0.01,0.0,0.06,0.0,0.0,0.03,36.0,38.1,160.0,0.1,2.0,26.0,19.0,1.3,23.0,6.7,3.0,0.17,1.13,144.0,1.6,163.0,10.9,214.0,1.1,14.9,9.0,450.0,34.4,3.2,3.2,3.6,0.6,223.0,232.0,0.5,0.16,0.16,0.8,0.1,28.0,1.0,3.5,2.4,23.0,1.0
6.18,"Broad beans, uncooked",Vicia faba L.,12,https://www.matvaretabellen.no/en/broad-beans-uncooked/,316.0,kcal,1331.4,kJ,100.0,0.0,420.0,0.0,0.0,0.18,0.0,0.03,0.33,0.67,0.05,0.0,0.0,0.0,0.0,0.0,0.0,0.0,102.0,41.9,0.0,,16.0,1.7,,7.1,192.0,0.3,6.7,0.05,0.67,390.0,0.7,1530.0,25.0,0.0,0.0,0.2,2.0,13.0,38.4,0.0,0.0,3.5,0.0,35.0,70.0,0.0,0.5,0.3,2.5,0.56,423.0,0.0,0.0,0.3,15.0,2.8
6.018,"Broccoli, Norwegian, raw",Brassica oleracea L. convar. botrytis (L.) Alef. var italica Plenck,6.2,https://www.matvaretabellen.no/en/broccoli-norwegian-raw/,24.0,kcal,99.0,kJ,86.0,0.0,46.0,0.0,0.0,0.0,0.0,0.0,0.0,0.0,0.0,0.0,0.0,0.0,0.0,0.0,0.0,0.0,38.0,2.0,0.0,0.05,2.0,0.0,0.0,0.6,18.0,0.0,0.9,0.0,0.0,64.0,0.0,385.0,2.9,0.0,0.0,0.0,1.0,3.0,0.0,0.0,0.0,2.0,0.0,4.0,7.0,0.0,0.06,0.16,0.4,0.19,105.0,17.0,0.0,0.5,93.0,0.4
6.216,"Broccoli, carrot, baby corn, frozen",,6.6,https://www.matvaretabellen.no/en/broccoli-carrot-baby-corn-frozen/,24.0,kcal,102.0,kJ,100.0,0.0,3084.0,0.0,0.0,0.04,0.0,0.0,0.04,0.09,0.04,0.0,0.0,0.0,0.0,0.0,0.0,0.0,20.0,2.2,0.0,0.03,2.0,0.3,0.4,0.6,7.0,0.0,0.5,0.04,0.09,20.0,0.1,185.0,2.1,0.0,0.2,0.0,0.0,62.0,0.2,0.0,0.0,2.0,0.0,257.0,514.0,0.0,0.03,0.03,0.2,0.07,11.0,18.0,0.0,0.7,93.0,0.2
6.725,"Broccoli, cooked",Brassica oleracea L. convar. botrytis (L.) Alef. var italica Plenck,6.2,https://www.matvaretabellen.no/en/broccoli-cooked/,21.0,kcal,90.0,kJ,86.0,0.0,132.0,0.0,0.0,0.0,0.0,0.0,0.0,0.0,0.0,0.0,0.0,0.0,0.0,0.0,0.0,0.0,44.0,1.8,0.0,0.04,2.0,0.0,0.1,0.5,14.0,0.0,0.8,0.0,0.0,57.0,0.0,195.0,2.4,0.0,0.0,0.0,1.0,16.0,0.0,0.0,0.0,1.8,0.0,11.0,22.0,0.0,0.04,0.09,0.2,0.11,47.0,14.0,0.0,0.9,94.0,0.3
6.74,"Broccoli, imported, frozen",Brassica oleracea L. convar. botrytis (L.) Alef. var italica Plenck,6.2,https://www.matvaretabellen.no/en/broccoli-imported-frozen/,21.0,kcal,85.0,kJ,100.0,0.0,340.0,0.0,0.0,0.04,0.0,0.01,0.02,0.03,0.11,0.0,0.0,0.0,0.0,0.0,0.0,0.0,31.0,0.8,0.0,0.04,3.0,0.3,0.0,0.4,13.0,0.0,0.7,0.11,0.03,45.0,0.1,185.0,2.2,0.0,0.0,0.1,0.0,9.0,0.0,0.0,0.0,0.8,0.0,28.0,56.0,0.0,0.04,0.05,0.3,0.17,19.0,40.0,0.0,1.1,94.0,0.3
6.747,"Broccoli, imported, raw",Brassica oleracea L. convar. botrytis (L.) Alef. var italica Plenck,6.2,https://www.matvaretabellen.no/en/broccoli-imported-raw/,27.0,kcal,114.0,kJ,86.0,0.0,213.0,0.0,0.0,0.0,0.0,0.0,0.0,0.0,0.0,0.0,0.0,0.0,0.0,0.0,0.0,0.0,57.0,2.3,0.0,0.05,3.0,0.0,0.2,0.9,30.0,0.0,0.9,0.0,0.0,74.0,0.0,455.0,2.9,0.0,0.1,0.0,1.0,33.0,0.0,0.0,0.0,2.3,0.0,18.0,35.0,0.0,0.07,0.16,0.4,0.19,105.0,26.0,0.0,1.2,92.0,0.4
6.748,"Broccoli, unspecified, raw",Brassica oleracea L. convar. botrytis (L.) Alef. var italica Plenck,6.2,https://www.matvaretabellen.no/en/broccoli-unspecified-raw/,26.0,kcal,110.0,kJ,86.0,0.0,163.0,0.0,0.0,0.0,0.0,0.0,0.0,0.0,0.0,0.0,0.0,0.0,0.0,0.0,0.0,0.0,51.0,2.2,0.0,0.05,3.0,0.0,0.2,0.8,26.0,0.0,0.9,0.0,0.0,71.0,0.0,434.0,2.9,0.0,0.1,0.0,1.0,24.0,0.0,0.0,0.0,2.2,0.0,14.0,27.0,0.0,0.06,0.16,0.4,0.19,105.0,23.0,0.0,1.0,92.0,0.4
5.504,"Bruschetta, with tomato and basil",,10.9.1,https://www.matvaretabellen.no/en/bruschetta-with-tomato-and-basil/,111.0,kcal,465.0,kJ,100.0,0.0,290.0,0.01,0.01,0.35,0.03,0.09,2.07,0.39,0.04,0.0,0.0,0.0,0.0,0.0,0.0,0.0,19.0,15.3,0.0,0.09,3.0,3.4,0.4,0.7,24.0,2.1,1.4,0.05,0.46,70.0,0.5,247.0,3.3,0.0,0.7,0.5,1.0,261.0,13.3,0.0,0.0,2.0,0.0,25.0,48.0,0.0,0.1,0.04,0.8,0.09,21.0,11.0,0.0,1.1,75.0,0.5
6.055,"Brussel sprouts, Norwegian, raw",Brassica oleracea L. convar. gemmifera (DC.) Gladis var. gemmifera DC.,6.2,https://www.matvaretabellen.no/en/brussel-sprouts-norwegian-raw/,53.0,kcal,221.0,kJ,80.0,0.0,220.0,0.0,0.0,0.11,0.0,0.01,0.04,0.09,0.21,0.0,0.0,0.0,0.0,0.0,0.0,0.0,38.0,4.4,0.0,0.06,5.0,0.6,0.7,1.3,25.0,0.0,1.5,0.21,0.1,103.0,0.2,564.0,5.1,0.0,0.0,0.1,0.0,3.0,0.5,0.0,0.0,3.9,0.0,18.0,36.0,0.0,0.11,0.07,0.6,0.14,159.0,113.0,0.0,0.3,85.0,0.3
6.056,"Brussel sprouts, frozen",Brassica oleracea L. convar. gemmifera (DC.) Gladis var. gemmifera DC.,6.2,https://www.matvaretabellen.no/en/brussel-sprouts-frozen/,34.0,kcal,143.0,kJ,100.0,0.0,211.0,0.0,0.0,0.07,0.0,0.0,0.03,0.06,0.13,0.0,0.0,0.0,0.0,0.0,0.0,0.0,34.0,2.8,0.0,0.04,4.0,0.4,0.0,0.6,16.0,0.0,0.8,0.14,0.06,60.0,0.2,370.0,2.8,0.0,0.0,0.0,3.0,16.0,0.0,0.0,0.0,2.8,0.0,18.0,35.0,0.0,0.08,0.06,0.3,0.19,53.0,74.0,0.0,0.6,90.0,0.3
6.222,"Brussels sprouts, cooked",Brassica oleracea L. convar. gemmifera (DC.) Gladis var. gemmifera DC.,6.2,https://www.matvaretabellen.no/en/brussels-sprouts-cooked/,46.0,kcal,193.0,kJ,100.0,0.0,191.0,0.0,0.0,0.1,0.0,0.01,0.03,0.08,0.18,0.0,0.0,0.0,0.0,0.0,0.0,0.0,35.0,3.8,0.0,0.06,4.0,0.5,0.6,0.9,14.0,0.0,1.4,0.18,0.08,90.0,0.2,272.0,4.4,0.0,0.0,0.0,0.0,2.0,0.4,0.0,0.0,3.4,0.0,16.0,31.0,0.0,0.07,0.04,0.4,0.09,77.0,44.0,0.0,0.3,87.0,0.2
5.529,Buckwheat flakes,Fagopyrum esculentum Moench,5.2,https://www.matvaretabellen.no/en/buckwheat-flakes/,349.0,kcal,1476.796,kJ,100.0,0.0,13.0,0.0,0.01,0.37,0.0,0.05,0.82,0.75,0.0,0.0,0.0,0.0,0.0,0.0,0.0,0.0,33.0,67.6,0.0,0.9,4.0,2.7,3.0,2.2,50.0,0.8,4.9,0.12,0.75,263.0,0.9,680.0,11.7,0.0,0.0,0.5,3.0,1.0,67.2,0.0,0.0,0.4,0.0,1.0,2.0,0.0,0.58,0.15,2.9,0.58,50.0,0.0,0.0,0.5,14.0,2.5
5.132,Buckwheat flour,Fagopyrum esculentum Moench,5.1,https://www.matvaretabellen.no/en/buckwheat-flour/,308.0,kcal,1302.3,kJ,100.0,0.0,0.0,0.0,0.0,0.32,0.01,0.0,0.62,0.69,0.0,0.0,0.0,0.0,0.0,0.0,0.0,0.0,15.0,56.3,0.0,0.36,5.0,2.8,0.0,2.3,190.0,0.6,4.3,0.0,0.69,360.0,0.7,410.0,12.0,0.0,0.0,0.3,3.0,0.0,54.9,0.0,0.0,1.4,0.0,0.0,0.0,0.0,0.45,0.45,2.3,0.24,58.0,0.0,0.0,0.0,24.0,1.4
5.231,"Buckwheat, grain",Fagopyrum esculentum Moench,5.2,https://www.matvaretabellen.no/en/buckwheat-grain/,314.0,kcal,1329.0,kJ,100.0,0.0,0.0,0.0,0.0,0.34,0.01,0.0,0.66,0.76,0.0,0.0,0.0,0.0,0.0,0.0,0.0,0.0,15.0,55.6,0.0,0.38,6.0,3.1,0.0,2.1,195.0,0.7,5.1,0.0,0.76,355.0,0.8,415.0,13.1,0.0,0.0,0.3,3.0,0.0,54.7,0.0,0.0,0.9,0.0,0.0,0.0,0.0,0.41,0.14,2.9,0.29,60.0,0.0,0.0,0.1,22.0,1.6
5.285,"Bulgur, cooked",Triticum aestivum L.,5.2,https://www.matvaretabellen.no/en/bulgur-cooked/,90.0,kcal,379.0,kJ,100.0,0.0,0.0,0.0,0.0,0.07,0.0,0.0,0.05,0.16,0.0,0.0,0.0,0.0,0.0,0.0,0.0,0.0,10.0,15.9,0.0,0.14,3.0,0.6,0.0,0.6,23.0,0.0,1.1,0.0,0.16,78.0,0.2,84.0,3.7,0.0,0.4,0.1,1.0,164.0,15.6,0.0,0.0,0.3,0.0,0.0,0.0,0.0,0.03,0.01,0.4,0.03,5.0,0.0,0.0,0.0,77.0,0.7
5.233,"Bulgur, uncooked",Triticum aestivum L.,5.2,https://www.matvaretabellen.no/en/bulgur-uncooked/,288.0,kcal,1215.4,kJ,100.0,0.0,0.0,0.0,0.0,0.23,0.01,0.0,0.16,0.55,0.0,0.0,0.0,0.0,0.0,0.0,0.0,0.0,29.0,50.9,0.0,0.43,10.0,1.9,0.0,1.9,69.0,0.2,3.5,0.0,0.55,250.0,0.6,375.0,11.8,0.0,0.0,0.2,4.0,11.0,50.0,0.0,0.0,0.9,0.0,0.0,0.0,0.0,0.18,0.04,1.5,0.19,23.0,0.0,0.0,0.1,26.0,2.3
8.005,Butter,,8.1,https://www.matvaretabellen.no/en/butter/,744.0,kcal,3059.5,kJ,100.0,0.0,483.0,2.46,8.2,23.21,1.89,8.53,16.73,1.15,0.33,0.0,0.0,0.0,0.0,0.0,0.0,0.0,17.0,0.5,202.0,0.0,0.0,82.0,26.0,0.1,0.0,19.8,0.2,0.33,0.33,24.0,1.8,32.0,1.0,741.0,1.1,52.0,4.0,440.0,0.0,0.0,0.0,0.5,2.4,781.0,821.0,0.1,0.0,0.03,0.0,0.02,0.0,0.0,10.0,2.1,17.0,0.0
8.258,"Butter sauce, with cream",,10.11,https://www.matvaretabellen.no/en/butter-sauce-with-cream/,630.0,kcal,2590.1212976022566,kJ,100.0,0.0,414.0,2.05,6.82,19.31,1.57,7.1,13.92,0.96,0.28,0.0,0.0,0.0,0.0,0.0,0.0,0.0,51.0,2.2,168.0,0.01,0.1,68.2,21.0,0.1,1.0,16.5,0.4,0.28,0.28,61.0,1.5,37.0,1.6,549.0,1.4,43.2,3.0,543.0,0.4,0.0,0.1,1.8,2.0,583.0,618.0,0.2,0.0,0.11,0.01,0.02,1.0,3.0,6.1,1.0,28.0,0.0
8.247,"Butter, extra salt, Kviteseid butter",,8.1,https://www.matvaretabellen.no/en/butter-extra-salt-kviteseid-butter/,735.0,kcal,3022.5,kJ,100.0,0.0,477.0,2.43,8.1,22.92,1.86,8.42,16.52,1.13,0.32,0.0,0.0,0.0,0.0,0.0,0.0,0.0,17.0,0.5,199.0,0.0,0.0,81.0,26.0,0.1,0.0,19.5,0.2,0.32,0.32,24.0,1.8,32.0,1.0,732.0,2.5,51.3,4.0,1000.0,0.0,0.0,0.0,0.5,2.4,772.0,811.0,0.1,0.0,0.03,0.0,0.02,0.0,0.0,10.0,2.1,18.0,0.0
8.237,"Butter, unsalted",,8.1,https://www.matvaretabellen.no/en/butter-unsalted/,753.0,kcal,3096.5,kJ,100.0,0.0,489.0,2.49,8.3,23.49,1.91,8.63,16.93,1.16,0.33,0.0,0.0,0.0,0.0,0.0,0.0,0.0,17.0,0.5,204.0,0.0,0.0,83.0,26.0,0.1,0.0,20.0,0.2,0.33,0.33,24.0,1.8,32.0,1.0,750.0,0.0,52.6,4.0,10.0,0.0,0.0,0.0,0.5,2.5,791.0,831.0,0.1,0.0,0.03,0.0,0.11,0.0,0.0,10.0,2.2,16.0,0.0
6.04,"Cabbage, Chinese, Norwegian, raw",Brassica rapa L. ssp. pekinensis (Lour.) Hanelt,6.2,https://www.matvaretabellen.no/en/cabbage-chinese-norwegian-raw/,15.0,kcal,63.0,kJ,92.0,0.0,70.0,0.0,0.0,0.03,0.0,0.0,0.02,0.02,0.0,0.0,0.0,0.0,0.0,0.0,0.0,0.0,33.0,1.8,0.0,0.03,1.0,0.1,0.3,0.5,9.0,0.0,0.7,0.0,0.02,36.0,0.0,227.0,1.1,0.0,0.0,0.0,0.0,9.0,0.0,0.0,0.0,1.8,0.0,6.0,11.0,0.0,0.02,0.01,0.5,0.08,28.0,22.0,0.0,0.4,96.0,0.2
6.175,"Cabbage, pak-choi, bok choy, raw",Brassica rapa L. ssp. chinensis (L.) Hanelt,6.2,https://www.matvaretabellen.no/en/cabbage-pak-choi-bok-choy-raw/,19.0,kcal,78.0,kJ,88.0,0.0,2681.0,0.0,0.0,0.02,0.0,0.0,0.02,0.04,0.06,0.0,0.0,0.0,0.0,0.0,0.0,0.0,105.0,2.2,0.0,0.02,1.0,0.2,,0.8,19.0,0.0,0.8,0.06,0.04,37.0,0.1,252.0,1.5,0.0,0.2,0.0,1.0,65.0,1.0,0.0,0.0,1.2,0.0,223.0,446.0,0.0,0.04,0.07,0.5,0.19,66.0,45.0,0.0,0.1,95.0,0.2
6.224,"Cabbage, red, cooked",Brassica oleracea L. convar. capitata (L.) Alef. var. rubra DC.,6.2,https://www.matvaretabellen.no/en/cabbage-red-cooked/,30.0,kcal,125.0,kJ,100.0,0.0,3.0,0.0,0.0,0.05,0.0,0.0,0.03,0.08,0.11,0.0,0.0,0.0,0.0,0.0,0.0,0.0,32.0,4.6,0.0,0.02,2.0,0.3,2.0,0.2,7.0,0.0,0.6,0.11,0.08,23.0,0.2,133.0,1.0,0.0,0.0,0.1,1.0,6.0,0.0,0.0,0.0,4.6,0.0,0.0,0.0,0.0,0.04,0.0,0.3,0.11,23.0,24.0,0.0,0.0,92.0,0.1
6.093,"Cabbage, red, raw",Brassica oleracea L. convar. capitata (L.) Alef. var. rubra DC.,6.2,https://www.matvaretabellen.no/en/cabbage-red-raw/,32.0,kcal,136.0,kJ,80.0,0.0,3.0,0.0,0.0,0.05,0.0,0.0,0.03,0.09,0.12,0.0,0.0,0.0,0.0,0.0,0.0,0.0,33.0,5.0,0.0,0.02,3.0,0.3,2.0,0.3,11.0,0.0,0.6,0.12,0.09,25.0,0.2,260.0,1.1,0.0,0.0,0.1,1.0,8.0,0.0,0.0,0.0,5.0,0.0,0.0,0.0,0.0,0.06,0.0,0.4,0.17,46.0,59.0,0.0,0.0,91.0,0.2
6.067,"Cabbage, spring green, raw",Brassica oleracea L. convar. capitata (L.) Alef. var. conica DC.,6.2,https://www.matvaretabellen.no/en/cabbage-spring-green-raw/,25.0,kcal,106.0,kJ,80.0,0.0,38.0,0.0,0.0,0.1,0.0,0.0,0.05,0.05,0.0,0.0,0.0,0.0,0.0,0.0,0.0,0.0,44.0,2.9,0.0,0.02,2.0,0.3,0.0,0.3,11.0,0.0,0.5,0.0,0.05,34.0,0.1,233.0,1.5,0.0,0.0,0.1,1.0,9.0,0.1,0.0,0.0,2.8,0.0,3.0,6.0,0.0,0.0,0.04,0.2,0.12,42.0,0.0,0.0,0.1,93.0,0.2
6.037,"Cabbage, white, Norwegian, raw",Brassica oleracea L. convar. capitata (L.) Alef. var. capitata L.,6.2,https://www.matvaretabellen.no/en/cabbage-white-norwegian-raw/,27.0,kcal,113.0,kJ,92.0,0.0,1.0,0.0,0.0,0.0,0.0,0.0,0.0,0.0,0.0,0.0,0.0,0.0,0.0,0.0,0.0,0.0,48.0,4.5,0.0,0.02,2.0,0.0,0.0,0.2,12.0,0.0,0.4,0.0,0.0,28.0,0.0,250.0,1.2,0.0,0.0,0.0,0.0,6.0,0.0,0.0,0.0,4.5,0.0,0.0,0.0,0.0,0.04,0.08,0.2,0.15,23.0,14.0,0.0,0.0,92.0,0.1
6.72,"Cabbage, white, cooked",Brassica oleracea L. convar. capitata (L.) Alef. var. capitata L.,6.2,https://www.matvaretabellen.no/en/cabbage-white-cooked/,25.0,kcal,104.0,kJ,92.0,0.0,1.0,0.0,0.0,0.0,0.0,0.0,0.0,0.0,0.0,0.0,0.0,0.0,0.0,0.0,0.0,0.0,47.0,4.1,0.0,0.01,2.0,0.0,0.0,0.2,7.0,0.0,0.4,0.0,0.0,26.0,0.0,128.0,1.1,0.0,0.0,0.0,0.0,4.0,0.0,0.0,0.0,4.1,0.0,0.0,0.0,0.0,0.02,0.05,0.1,0.1,12.0,6.0,0.0,0.0,93.0,0.1
8.257,Caesar dressing,,8.3,https://www.matvaretabellen.no/en/caesar-dressing/,513.0,kcal,2117.943633491311,kJ,100.0,0.0,93.0,0.1,0.42,5.1,0.42,1.63,30.08,6.73,1.82,0.0,0.01,0.01,0.07,0.12,0.02,0.2,142.0,4.9,122.0,0.13,0.2,51.2,18.0,1.0,14.0,31.5,2.3,2.22,6.83,164.0,8.9,94.0,8.2,97.0,2.0,8.0,11.0,805.0,0.4,4.0,4.1,4.5,0.1,105.0,112.0,2.8,0.04,0.13,0.5,0.15,20.0,3.0,1.0,11.2,36.0,1.3
13.141,"Caffe Latte, single, with lactose free milk",,9.1,https://www.matvaretabellen.no/en/caffe-latte-single-with-lactose-free-milk/,45.0,kcal,191.0,kJ,100.0,0.0,12.0,0.06,0.2,0.56,0.04,0.2,0.4,0.03,0.0,0.0,0.0,0.0,0.0,0.0,0.0,0.0,107.0,3.3,5.0,0.0,0.0,2.0,14.0,0.0,12.0,0.4,0.9,0.0,0.0,81.0,0.0,136.0,3.6,28.0,0.1,1.2,2.0,26.0,0.6,0.0,0.0,2.7,0.0,29.0,30.0,0.4,0.01,0.05,0.08,0.02,3.0,0.0,0.0,0.0,91.0,0.3
13.127,"Caffe Latte, single, with oat based beverage",,9.1,https://www.matvaretabellen.no/en/caffe-latte-single-with-oat-based-beverage/,52.0,kcal,219.0,kJ,100.0,0.0,0.0,0.0,0.0,0.11,0.0,0.01,0.43,0.3,0.05,0.0,0.0,0.0,0.0,0.0,0.0,0.0,77.0,9.9,0.0,0.03,0.0,0.9,6.0,0.1,8.0,0.4,0.2,0.05,0.3,24.0,0.3,32.0,1.1,0.0,0.1,0.1,0.0,30.0,6.1,0.0,0.0,3.8,0.0,0.0,0.0,0.2,0.07,0.13,0.0,0.01,12.0,0.0,0.8,0.2,88.0,0.1
13.041,"Caffe Latte, single, with semi-skimmed milk",,9.1,https://www.matvaretabellen.no/en/caffe-latte-single-with-semi-skimmed-milk/,37.0,kcal,158.0,kJ,100.0,0.0,1.0,0.02,0.06,0.18,0.01,0.07,0.13,0.01,0.0,0.0,0.0,0.0,0.0,0.0,0.0,0.0,118.0,4.6,1.0,0.0,0.0,0.7,14.0,0.0,10.0,0.1,0.8,0.0,0.0,99.0,0.0,153.0,3.2,2.0,0.1,0.4,1.0,36.0,0.6,0.0,0.0,4.0,0.0,2.0,2.0,0.5,0.02,0.12,0.05,0.02,2.0,0.0,0.3,0.0,92.0,0.2
13.128,"Caffe Latte, single, with soy based beverage",,9.1,https://www.matvaretabellen.no/en/caffe-latte-single-with-soy-based-beverage/,28.0,kcal,117.0,kJ,100.0,0.0,0.0,0.0,0.0,0.17,0.0,0.06,0.32,0.84,0.12,0.0,0.0,0.0,0.0,0.0,0.0,0.0,133.0,2.0,0.0,0.1,0.0,0.8,0.8,0.3,20.0,0.3,0.5,0.12,0.85,123.0,1.0,255.0,3.2,0.0,0.1,0.2,1.0,22.0,0.6,1.2,1.2,1.4,0.0,0.0,0.0,0.3,0.02,0.2,0.0,0.02,17.0,0.0,0.4,0.2,94.0,0.3
13.04,"Caffe Latte, single, with whole milk",,9.1,https://www.matvaretabellen.no/en/caffe-latte-single-with-whole-milk/,59.0,kcal,247.0,kJ,100.0,0.0,4.0,0.1,0.32,0.9,0.07,0.33,0.65,0.05,0.01,0.0,0.0,0.0,0.0,0.0,0.0,0.0,117.0,4.6,8.0,0.02,0.0,3.2,14.0,0.0,14.0,0.7,0.7,0.01,0.02,99.0,0.1,152.0,3.1,6.0,0.1,2.0,1.0,35.0,0.6,0.0,0.0,4.0,0.1,7.0,6.0,0.5,0.01,0.12,0.02,0.01,1.0,0.0,0.0,0.0,89.0,0.4
13.081,Caffe mocha,,9.1,https://www.matvaretabellen.no/en/caffe-mocha/,53.0,kcal,224.0,kJ,100.0,0.0,10.0,0.05,0.17,0.48,0.04,0.18,0.35,0.02,0.0,0.0,0.0,0.0,0.0,0.0,0.0,0.0,60.0,7.4,4.0,0.01,0.0,1.7,9.0,0.1,26.0,0.4,0.5,0.0,0.01,49.0,0.0,103.0,2.0,19.0,0.1,1.1,0.0,24.0,2.4,2.8,2.8,5.0,0.0,20.0,20.0,0.2,0.02,0.07,0.05,0.02,1.0,0.0,0.0,0.0,89.0,0.3
13.079,Café au lait,,9.1,https://www.matvaretabellen.no/en/cafe-au-lait/,42.0,kcal,178.0,kJ,100.0,0.0,10.0,0.06,0.18,0.5,0.04,0.18,0.36,0.03,0.01,0.0,0.0,0.0,0.0,0.0,0.0,0.0,62.0,4.7,5.0,0.01,0.0,1.8,10.0,0.0,23.0,0.4,0.5,0.01,0.01,45.0,0.0,75.0,2.0,20.0,0.1,1.1,1.0,20.0,2.5,0.0,0.0,2.3,0.1,21.0,21.0,0.2,0.02,0.07,0.05,0.02,1.0,0.0,0.0,0.1,92.0,0.2
13.132,"Café au lait, with lactose free milk",,9.1,https://www.matvaretabellen.no/en/cafe-au-lait-with-lactose-free-milk/,36.0,kcal,152.0,kJ,100.0,0.0,7.0,0.04,0.11,0.32,0.03,0.12,0.23,0.02,0.0,0.0,0.0,0.0,0.0,0.0,0.0,0.0,65.0,4.0,3.0,0.0,0.0,1.1,9.0,0.0,22.0,0.3,0.6,0.0,0.0,46.0,0.0,78.0,2.5,16.0,0.0,0.7,1.0,15.0,2.5,0.0,0.0,1.6,0.0,17.0,17.0,0.2,0.01,0.03,0.05,0.01,2.0,0.0,0.0,0.0,92.0,0.2
13.133,"Café au lait, with oat based beverage",,9.1,https://www.matvaretabellen.no/en/cafe-au-lait-with-oat-based-beverage/,40.0,kcal,168.0,kJ,100.0,0.0,0.0,0.0,0.0,0.06,0.0,0.01,0.24,0.17,0.03,0.0,0.0,0.0,0.0,0.0,0.0,0.0,48.0,7.8,0.0,0.02,0.0,0.5,5.0,0.1,19.0,0.2,0.2,0.03,0.17,14.0,0.2,18.0,1.0,0.0,0.0,0.1,0.0,17.0,5.6,0.0,0.0,2.2,0.0,0.0,0.0,0.1,0.04,0.07,0.0,0.01,7.0,0.0,0.5,0.1,91.0,0.0
13.134,"Café au lait, with soy based beverage",,9.1,https://www.matvaretabellen.no/en/cafe-au-lait-with-soy-based-beverage/,26.0,kcal,110.0,kJ,100.0,0.0,0.0,0.0,0.0,0.1,0.0,0.04,0.18,0.48,0.07,0.0,0.0,0.0,0.0,0.0,0.0,0.0,80.0,3.3,0.0,0.06,0.0,0.5,2.0,0.2,27.0,0.2,0.4,0.07,0.48,70.0,0.6,145.0,2.2,0.0,0.0,0.1,0.0,13.0,2.5,0.7,0.7,0.8,0.0,0.0,0.0,0.1,0.01,0.12,0.0,0.01,10.0,0.0,0.2,0.1,94.0,0.1
6.766,"Cape gooseberries, raw",Physalis peruviana L.,13.1,https://www.matvaretabellen.no/en/cape-gooseberries-raw/,64.0,kcal,268.0,kJ,94.0,0.0,1650.0,0.0,0.0,0.0,0.0,0.0,0.0,0.0,0.0,0.0,0.0,0.0,0.0,0.0,0.0,0.0,8.0,10.7,0.0,,4.0,0.6,1.0,0.8,23.0,0.1,3.1,0.0,0.0,39.0,0.1,382.0,1.8,0.0,0.0,0.2,2.0,1.0,0.0,0.0,0.0,10.7,0.0,138.0,275.0,0.0,0.11,0.04,2.8,0.26,51.0,11.0,0.0,0.7,83.0,0.4
6.129,"Capers, canned",Capparis spinosa L.,6.6,https://www.matvaretabellen.no/en/capers-canned/,25.0,kcal,104.0,kJ,100.0,0.0,83.0,0.0,0.0,0.17,0.0,0.04,0.06,0.11,0.18,0.0,0.0,0.0,0.0,0.0,0.0,0.0,40.0,0.4,0.0,0.37,3.0,0.9,3.0,1.7,33.0,0.1,1.1,0.19,0.11,10.0,0.3,40.0,2.4,0.0,6.9,0.2,1.0,2769.0,0.0,0.0,0.0,0.4,0.0,7.0,13.0,0.0,0.02,0.14,0.7,0.02,23.0,4.0,0.0,0.9,93.0,0.3
13.135,"Cappucino, single, with lactose free milk",,9.1,https://www.matvaretabellen.no/en/cappucino-single-with-lactose-free-milk/,43.0,kcal,179.0,kJ,100.0,0.0,10.0,0.05,0.17,0.49,0.04,0.18,0.35,0.02,0.0,0.0,0.0,0.0,0.0,0.0,0.0,0.0,94.0,3.5,4.0,0.0,0.0,1.7,13.0,0.0,15.0,0.4,0.8,0.0,0.0,70.0,0.0,119.0,3.3,25.0,0.1,1.1,2.0,23.0,1.1,0.0,0.0,2.4,0.0,25.0,26.0,0.4,0.01,0.04,0.07,0.02,3.0,0.0,0.0,0.0,92.0,0.2
13.136,"Cappucino, single, with oat based beverage",,9.1,https://www.matvaretabellen.no/en/cappucino-single-with-oat-based-beverage/,48.0,kcal,205.0,kJ,100.0,0.0,0.0,0.0,0.0,0.09,0.0,0.01,0.37,0.26,0.04,0.0,0.0,0.0,0.0,0.0,0.0,0.0,68.0,9.3,0.0,0.03,0.0,0.8,6.0,0.1,11.0,0.4,0.2,0.04,0.26,21.0,0.3,28.0,1.0,0.0,0.1,0.1,0.0,26.0,5.9,0.0,0.0,3.3,0.0,0.0,0.0,0.2,0.06,0.11,0.0,0.01,10.0,0.0,0.7,0.1,89.0,0.1
13.039,"Cappucino, single, with semi-skimmed milk",,9.1,https://www.matvaretabellen.no/en/cappucino-single-with-semi-skimmed-milk/,36.0,kcal,151.0,kJ,100.0,0.0,1.0,0.02,0.06,0.16,0.01,0.06,0.11,0.01,0.0,0.0,0.0,0.0,0.0,0.0,0.0,0.0,104.0,4.6,1.0,0.0,0.0,0.6,13.0,0.0,13.0,0.1,0.7,0.0,0.0,87.0,0.0,133.0,2.9,2.0,0.1,0.4,1.0,31.0,1.1,0.0,0.0,3.5,0.0,2.0,2.0,0.4,0.02,0.11,0.04,0.01,1.0,0.0,0.2,0.0,92.0,0.2
13.137,"Cappucino, single, with soy based beverage",,9.1,https://www.matvaretabellen.no/en/cappucino-single-with-soy-based-beverage/,27.0,kcal,115.0,kJ,100.0,0.0,0.0,0.0,0.0,0.15,0.0,0.06,0.28,0.74,0.1,0.0,0.0,0.0,0.0,0.0,0.0,0.0,118.0,2.3,0.0,0.08,0.0,0.7,1.0,0.3,22.0,0.3,0.5,0.11,0.74,108.0,0.8,223.0,2.9,0.0,0.0,0.2,1.0,20.0,1.1,1.1,1.1,1.2,0.0,0.0,0.0,0.2,0.02,0.18,0.0,0.02,15.0,0.0,0.4,0.2,94.0,0.2
13.038,"Cappucino, single, with whole milk",,9.1,https://www.matvaretabellen.no/en/cappucino-single-with-whole-milk/,55.0,kcal,229.0,kJ,100.0,0.0,4.0,0.09,0.28,0.79,0.06,0.29,0.57,0.04,0.01,0.0,0.0,0.0,0.0,0.0,0.0,0.0,104.0,4.6,7.0,0.02,0.0,2.8,13.0,0.0,17.0,0.6,0.7,0.01,0.02,87.0,0.1,133.0,2.8,6.0,0.1,1.8,1.0,31.0,1.1,0.0,0.0,3.5,0.1,6.0,6.0,0.4,0.01,0.11,0.01,0.0,0.8,0.0,0.0,0.0,90.0,0.3
6.768,"Carambola, raw",Averrhoa carambola L.,13.2,https://www.matvaretabellen.no/en/carambola-raw/,42.0,kcal,176.0,kJ,97.0,0.0,24.0,0.0,0.0,0.01,0.0,0.01,0.03,0.16,0.03,0.0,0.0,0.0,0.0,0.0,0.0,0.0,3.0,7.3,0.0,0.14,3.0,0.3,0.1,0.1,10.0,0.0,0.6,0.03,0.16,12.0,0.2,133.0,1.0,0.0,0.0,0.0,1.0,2.0,0.2,0.0,0.0,7.1,0.0,2.0,4.0,0.0,0.01,0.02,0.4,0.02,12.0,34.0,0.0,0.2,89.0,0.1
9.013,Caramel,,7.2,https://www.matvaretabellen.no/en/caramel/,376.0,kcal,1568.8,kJ,100.0,0.0,0.0,0.04,0.53,5.24,0.26,0.82,4.03,9.61,0.07,0.0,0.0,0.0,0.0,0.0,0.0,0.0,95.0,42.9,13.0,0.4,0.0,22.0,12.0,1.5,25.0,4.3,0.3,0.07,9.61,64.0,9.7,210.0,1.5,0.0,0.8,6.6,1.0,320.0,0.0,39.6,39.6,42.9,0.0,0.0,0.0,0.0,0.0,0.0,0.0,0.0,0.0,0.0,0.0,0.0,34.0,0.3
9.125,"Caramels, chocolate covered",,7.2,https://www.matvaretabellen.no/en/caramels-chocolate-covered/,455.0,kcal,1902.2,kJ,100.0,0.0,15.0,0.28,0.95,6.54,0.02,5.42,2.07,0.24,0.03,0.0,0.0,0.0,0.0,0.0,0.0,0.0,154.0,56.0,13.0,0.17,0.7,23.6,19.0,1.3,37.0,7.5,0.9,0.03,0.24,156.0,1.1,297.0,4.2,90.0,0.4,13.8,2.0,160.0,0.0,53.0,53.0,56.0,0.1,91.0,92.0,0.0,0.02,0.3,0.2,0.0,4.0,0.0,0.0,1.5,16.0,0.8
6.159,Caraway seeds,Carum carvi L.,16,https://www.matvaretabellen.no/en/caraway-seeds/,334.0,kcal,1382.22,kJ,100.0,0.0,206.0,0.01,0.04,0.4,0.09,0.11,7.04,3.12,0.15,0.0,0.0,0.0,0.0,0.0,0.0,0.0,689.0,11.9,0.0,0.91,38.0,14.6,0.5,16.2,258.0,7.1,6.9,0.15,3.12,568.0,3.3,1351.0,19.8,0.0,0.0,0.6,12.0,17.0,11.3,0.0,0.0,0.6,0.0,17.0,34.0,0.0,0.38,0.38,3.6,0.36,10.0,21.0,0.0,2.5,16.0,5.5
6.157,"Cardamom, ground",Elettaria cardamomum (L.) Maton,16,https://www.matvaretabellen.no/en/cardamom-ground/,321.0,kcal,1341.62,kJ,100.0,0.0,0.0,0.0,0.03,0.57,0.02,0.06,0.85,0.31,0.12,0.0,0.0,0.0,0.0,0.0,0.0,0.0,383.0,40.4,0.0,0.38,28.0,6.7,0.5,14.0,229.0,0.9,2.9,0.12,0.31,178.0,0.4,1119.0,10.8,0.0,0.0,0.7,,18.0,37.6,0.0,0.0,2.8,0.0,0.0,0.0,0.0,0.2,0.18,1.1,0.23,,21.0,0.0,,14.0,7.5
6.036,"Carrot, Norwegian, raw",Daucus carota L. ssp. sativus (Hoffm.) Arcang.,6.2,https://www.matvaretabellen.no/en/carrot-norwegian-raw/,25.0,kcal,107.0,kJ,89.0,0.0,5688.0,0.0,0.0,0.0,0.0,0.0,0.0,0.0,0.0,0.0,0.0,0.0,0.0,0.0,0.0,0.0,30.0,5.3,0.0,0.03,2.0,0.0,0.7,0.2,11.0,0.0,0.4,0.0,0.0,23.0,0.0,233.0,0.0,0.0,0.0,0.0,0.0,18.0,0.0,0.0,0.0,5.3,0.0,474.0,948.0,0.0,0.03,0.02,0.4,0.08,27.0,1.0,0.0,0.4,93.0,0.2
6.075,"Carrot, cauliflower, green beans, peas, frozen",,6.6,https://www.matvaretabellen.no/en/carrot-cauliflower-green-beans-peas-frozen/,34.0,kcal,140.0,kJ,100.0,0.0,2692.0,0.0,0.0,0.02,0.0,0.0,0.01,0.04,0.03,0.0,0.0,0.0,0.0,0.0,0.0,0.0,36.0,4.3,0.0,0.07,4.0,0.2,0.3,0.6,18.0,0.0,1.0,0.03,0.04,46.0,0.1,221.0,1.7,0.0,0.0,0.0,0.0,12.0,0.6,0.0,0.0,3.6,0.0,224.0,448.0,0.0,0.07,0.05,0.8,0.08,30.0,10.0,0.0,0.3,90.0,0.4
6.072,"Carrot, cauliflower, peas, frozen",,6.6,https://www.matvaretabellen.no/en/carrot-cauliflower-peas-frozen/,35.0,kcal,146.0,kJ,100.0,0.0,2948.0,0.0,0.0,0.03,0.0,0.0,0.02,0.08,0.03,0.0,0.0,0.0,0.0,0.0,0.0,0.0,26.0,3.5,0.0,0.07,4.0,0.3,0.0,0.6,16.0,0.0,1.2,0.03,0.08,47.0,0.1,176.0,2.4,0.0,0.1,0.1,0.0,25.0,0.6,0.0,0.0,2.9,0.0,246.0,491.0,0.0,0.07,0.04,0.8,0.06,22.0,13.0,0.0,0.4,89.0,0.4
6.718,"Carrot, cooked",Daucus carota L. ssp. sativus (Hoffm.) Arcang.,6.2,https://www.matvaretabellen.no/en/carrot-cooked/,24.0,kcal,103.0,kJ,86.0,0.0,5445.0,0.0,0.0,0.0,0.0,0.0,0.0,0.0,0.0,0.0,0.0,0.0,0.0,0.0,0.0,0.0,30.0,5.1,0.0,0.03,2.0,0.0,0.7,0.2,7.0,0.0,0.4,0.0,0.0,22.0,0.0,111.0,0.0,0.0,0.0,0.0,0.0,10.0,0.0,0.0,0.0,5.1,0.0,454.0,907.0,0.0,0.02,0.02,0.3,0.06,14.0,0.0,0.0,0.5,93.0,0.2
6.743,"Carrot, imported, frozen",Daucus carota L. ssp. sativus (Hoffm.) Arcang.,6.2,https://www.matvaretabellen.no/en/carrot-imported-frozen/,26.0,kcal,110.0,kJ,100.0,0.0,8605.0,0.0,0.0,0.01,0.0,0.0,0.0,0.08,0.01,0.0,0.0,0.0,0.0,0.0,0.0,0.0,20.0,3.7,0.0,0.04,2.0,0.2,0.0,0.2,8.0,0.0,0.4,0.01,0.08,16.0,0.1,190.0,1.1,0.0,0.1,0.0,0.0,57.0,0.0,0.0,0.0,3.7,0.0,717.0,1434.0,0.0,0.03,0.0,0.2,0.03,14.0,2.0,0.0,0.9,93.0,0.3
6.074,"Carrot, peas, sweet corn, frozen",,6.6,https://www.matvaretabellen.no/en/carrot-peas-sweet-corn-frozen/,48.0,kcal,200.0,kJ,100.0,0.0,4822.0,0.0,0.0,0.07,0.0,0.0,0.1,0.22,0.02,0.0,0.0,0.0,0.0,0.0,0.0,0.0,21.0,5.8,0.0,0.07,5.0,0.6,0.0,0.5,17.0,0.1,1.3,0.02,0.28,47.0,0.2,204.0,2.5,0.0,0.1,0.1,0.0,33.0,1.6,0.0,0.0,4.2,0.0,402.0,803.0,0.0,0.07,0.03,0.9,0.06,24.0,7.0,0.0,0.5,87.0,0.5
6.681,"Cashew nut spread, home-made",Anacardium occidentale L.,14.3,https://www.matvaretabellen.no/en/cashew-nut-spread-home-made/,589.0,kcal,2446.0939589682935,kJ,100.0,0.0,0.0,0.0,0.01,3.5,0.15,3.1,24.84,7.09,0.23,0.0,0.0,0.0,0.0,0.0,0.0,0.0,37.0,29.0,0.0,2.16,3.0,43.9,11.0,6.6,288.0,23.9,4.1,0.23,7.09,584.0,7.8,651.0,17.9,0.0,0.8,7.8,2.0,334.0,23.1,0.0,0.0,5.8,0.0,0.0,0.0,0.0,0.42,0.06,1.1,0.41,25.0,0.0,0.0,1.0,6.0,5.7
6.582,Cashew nuts,Anacardium occidentale L.,14.2,https://www.matvaretabellen.no/en/cashew-nuts/,592.0,kcal,2458.39,kJ,100.0,0.0,0.0,0.0,0.01,3.49,0.15,3.12,24.71,7.15,0.23,0.0,0.0,0.0,0.0,0.0,0.0,0.0,37.0,29.4,0.0,2.2,3.0,43.9,11.0,6.7,292.0,23.8,4.1,0.23,7.16,593.0,7.8,660.0,18.2,0.0,0.0,7.8,2.0,12.0,23.5,0.0,0.0,5.9,0.0,0.0,0.0,0.0,0.42,0.06,1.1,0.42,25.0,1.0,0.0,0.9,5.0,5.8
6.618,"Cashew nuts, salted",Anacardium occidentale L.,14.2,https://www.matvaretabellen.no/en/cashew-nuts-salted/,604.0,kcal,2500.0333333333333,kJ,100.0,0.0,7.0,0.0,0.01,4.32,0.18,3.87,30.63,8.87,0.28,0.0,0.0,0.0,0.0,0.0,0.0,0.0,42.0,19.2,0.0,1.83,8.0,48.7,2.0,5.0,257.0,31.0,3.9,0.28,8.87,487.0,9.2,580.0,18.0,0.0,0.7,8.7,15.0,287.0,13.3,0.0,0.0,5.9,0.0,1.0,1.0,0.0,0.44,0.14,0.9,0.55,47.0,0.0,0.0,0.8,6.0,4.7
13.095,"Cashew nuts, salted, Den lille nøttefabrikken",Anacardium occidentale L.,14.2,https://www.matvaretabellen.no/en/cashew-nuts-salted-den-lille-nottefabrikken/,601.0,kcal,2488.1,kJ,100.0,0.0,8.0,0.0,0.01,4.39,0.18,4.05,30.9,8.89,0.43,0.0,0.0,0.0,0.0,0.0,0.0,0.0,42.0,18.9,0.0,1.9,8.0,49.0,2.0,4.9,270.0,31.2,3.7,0.43,8.89,500.0,9.3,580.0,17.0,0.0,0.6,8.9,17.0,230.0,13.0,0.0,0.0,5.9,0.0,1.0,1.0,0.0,0.47,0.13,0.9,0.53,42.0,0.0,0.0,1.0,7.0,4.9
13.094,"Cashew nuts, salted, Eldorado",Anacardium occidentale L.,14.2,https://www.matvaretabellen.no/en/cashew-nuts-salted-eldorado/,582.0,kcal,2413.0,kJ,100.0,0.0,7.0,0.0,0.01,4.35,0.18,3.73,28.4,8.58,0.17,0.0,0.0,0.0,0.0,0.0,0.0,0.0,38.0,21.2,0.0,1.6,8.0,46.0,2.0,4.7,250.0,28.8,3.8,0.17,8.58,460.0,8.8,560.0,17.0,0.0,1.1,8.6,10.0,430.0,15.0,0.0,0.0,6.2,0.0,1.0,1.0,0.0,0.39,0.13,1.0,0.54,50.0,0.0,0.0,0.5,8.0,4.3
13.093,"Cashew nuts, salted, Rema 1000",Anacardium occidentale L.,14.2,https://www.matvaretabellen.no/en/cashew-nuts-salted-rema-1000/,628.0,kcal,2599.0,kJ,100.0,0.0,7.0,0.0,0.01,4.22,0.19,3.83,32.6,9.14,0.24,0.0,0.0,0.0,0.0,0.0,0.0,0.0,45.0,17.6,0.0,2.0,9.0,51.0,2.0,5.5,250.0,33.0,4.3,0.24,9.14,500.0,9.4,600.0,20.0,0.0,0.5,8.6,17.0,200.0,12.0,0.0,0.0,5.6,0.0,1.0,1.0,0.0,0.46,0.15,1.0,0.57,48.0,0.0,0.0,1.1,2.0,4.8
6.122,"Cassava, raw",Manihot esculenta Crantz,6.2,https://www.matvaretabellen.no/en/cassava-raw/,159.0,kcal,673.0,kJ,84.0,0.0,8.0,0.0,0.0,0.07,0.0,0.01,0.08,0.03,0.02,0.0,0.0,0.0,0.0,0.0,0.0,0.0,18.0,36.8,0.0,0.09,2.0,0.3,2.0,0.5,21.0,0.1,1.1,0.02,0.03,34.0,0.0,330.0,1.4,0.0,0.0,0.1,1.0,5.0,35.3,0.0,0.0,1.5,0.0,1.0,1.0,0.0,0.09,0.05,0.9,0.09,27.0,21.0,0.0,0.2,60.0,0.6
4.247,"Catfish, fillet, rolled in flour, fried in fat","Anarhichas Linnaeus, 1758",4.1.2,https://www.matvaretabellen.no/en/catfish-fillet-rolled-in-flour-fried-in-fat/,151.0,kcal,631.0,kJ,100.0,0.0,6.0,0.15,0.22,1.08,0.05,0.47,2.65,0.91,0.16,0.0,0.0,0.0,0.06,0.0,0.0,0.03,15.0,2.7,62.0,0.06,0.2,6.7,98.0,0.2,21.0,2.7,6.2,0.22,1.02,213.0,1.6,343.0,19.7,39.0,0.2,1.7,54.0,91.0,2.7,0.0,0.0,0.0,0.0,40.0,40.0,2.0,0.07,0.08,2.2,0.27,9.0,0.0,2.1,1.4,71.0,1.0
4.246,"Catfish, fillet, simmered","Anarhichas Linnaeus, 1758",4.1.2,https://www.matvaretabellen.no/en/catfish-fillet-simmered/,127.0,kcal,534.0,kJ,100.0,0.0,0.0,0.0,0.13,0.94,0.04,0.3,1.2,0.3,0.0,0.0,0.0,0.0,0.09,0.0,0.0,0.04,22.0,0.0,92.0,0.08,0.0,3.8,135.0,0.3,28.0,1.3,9.4,0.09,0.47,300.0,1.1,454.0,23.3,41.0,0.3,0.7,75.0,116.0,0.0,0.0,0.0,0.0,0.0,41.0,41.0,2.7,0.09,0.09,2.6,0.35,12.0,0.0,2.7,1.8,73.0,1.5
4.037,"Catfish, raw","Anarhichas Linnaeus, 1758",4.1.2,https://www.matvaretabellen.no/en/catfish-raw/,97.0,kcal,409.0,kJ,50.0,0.0,0.0,0.0,0.09,0.63,0.03,0.2,0.8,0.2,0.0,0.0,0.0,0.0,0.06,0.0,0.0,0.03,13.0,0.0,55.0,0.05,0.0,2.5,90.0,0.2,20.0,0.9,5.6,0.06,0.31,212.0,0.8,363.0,18.6,27.0,0.2,0.5,50.0,82.0,0.0,0.0,0.0,0.0,0.0,27.0,27.0,2.0,0.07,0.08,2.2,0.3,10.0,0.0,1.8,1.1,79.0,0.9
6.016,"Cauliflower, Norwegian, raw",Brassica oleracea L. convar. botrytis (L.) Alef. var. botrytis L.,6.2,https://www.matvaretabellen.no/en/cauliflower-norwegian-raw/,19.0,kcal,80.0,kJ,74.0,0.0,0.0,0.0,0.0,0.0,0.0,0.0,0.0,0.0,0.0,0.0,0.0,0.0,0.0,0.0,0.0,0.0,26.0,2.4,0.0,0.02,1.0,0.0,0.0,0.3,11.0,0.0,0.6,0.0,0.0,39.0,0.0,300.0,1.7,0.0,0.0,0.0,0.0,5.0,0.0,0.0,0.0,2.4,0.0,0.0,0.0,0.0,0.04,0.14,0.3,0.15,100.0,24.0,0.0,0.1,95.0,0.2
6.215,"Cauliflower, broccoli, carrot, frozen",,6.6,https://www.matvaretabellen.no/en/cauliflower-broccoli-carrot-frozen/,20.0,kcal,85.0,kJ,100.0,0.0,2955.0,0.0,0.0,0.02,0.0,0.0,0.01,0.04,0.05,0.0,0.0,0.0,0.0,0.0,0.0,0.0,25.0,1.8,0.0,0.03,3.0,0.2,0.0,0.3,10.0,0.0,0.5,0.05,0.04,29.0,0.1,165.0,1.5,0.0,0.1,0.0,0.0,26.0,0.0,0.0,0.0,1.8,0.0,246.0,492.0,0.0,0.03,0.02,0.2,0.09,18.0,20.0,0.0,0.7,94.0,0.2
6.219,"Cauliflower, broccoli, carrot, sugar-snap peas, frozen",,6.6,https://www.matvaretabellen.no/en/cauliflower-broccoli-carrot-sugar-snap-peas-frozen/,25.0,kcal,104.0,kJ,100.0,0.0,3508.0,0.0,0.0,0.02,0.0,0.0,0.01,0.05,0.03,0.0,0.0,0.0,0.0,0.0,0.0,0.0,28.0,2.8,0.0,0.04,2.0,0.2,0.3,0.4,13.0,0.0,0.7,0.03,0.05,33.0,0.1,172.0,1.7,0.0,0.1,0.0,0.0,28.0,0.2,0.0,0.0,2.6,0.0,292.0,584.0,0.0,0.05,0.02,0.4,0.06,22.0,19.0,0.0,0.6,93.0,0.3
6.214,"Cauliflower, broccoli, frozen",,6.6,https://www.matvaretabellen.no/en/cauliflower-broccoli-frozen/,18.0,kcal,73.0,kJ,100.0,0.0,170.0,0.0,0.0,0.03,0.0,0.0,0.02,0.02,0.08,0.0,0.0,0.0,0.0,0.0,0.0,0.0,27.0,0.8,0.0,0.03,3.0,0.3,0.0,0.3,10.0,0.0,0.5,0.08,0.02,36.0,0.1,153.0,1.7,0.0,0.0,0.1,0.0,11.0,0.0,0.0,0.0,0.8,0.0,14.0,28.0,0.0,0.03,0.04,0.3,0.12,20.0,29.0,0.0,0.6,95.0,0.2
6.22,"Cauliflower, carrot, brussel sprouts, frozen",,6.6,https://www.matvaretabellen.no/en/cauliflower-carrot-brussel-sprouts-frozen/,25.0,kcal,105.0,kJ,100.0,0.0,2911.0,0.0,0.0,0.04,0.0,0.0,0.01,0.05,0.06,0.0,0.0,0.0,0.0,0.0,0.0,0.0,25.0,2.4,0.0,0.03,3.0,0.3,0.0,0.3,11.0,0.0,0.5,0.06,0.05,34.0,0.1,228.0,1.7,0.0,0.1,0.0,1.0,28.0,0.0,0.0,0.0,2.4,0.0,243.0,485.0,0.0,0.04,0.03,0.2,0.1,29.0,32.0,0.0,0.6,93.0,0.3
6.719,"Cauliflower, cooked",Brassica oleracea L. convar. botrytis (L.) Alef. var. botrytis L.,6.2,https://www.matvaretabellen.no/en/cauliflower-cooked/,17.0,kcal,73.0,kJ,74.0,0.0,0.0,0.0,0.0,0.0,0.0,0.0,0.0,0.0,0.0,0.0,0.0,0.0,0.0,0.0,0.0,0.0,25.0,2.2,0.0,0.02,1.0,0.0,0.0,0.2,7.0,0.0,0.6,0.0,0.0,35.0,0.0,150.0,1.5,0.0,0.0,0.0,0.0,4.0,0.0,0.0,0.0,2.2,0.0,0.0,0.0,0.0,0.02,0.09,0.2,0.1,50.0,15.0,0.0,0.1,95.0,0.1
6.746,"Cauliflower, imported, frozen",Brassica oleracea L. convar. botrytis (L.) Alef. var. botrytis L.,6.2,https://www.matvaretabellen.no/en/cauliflower-imported-frozen/,15.0,kcal,61.0,kJ,100.0,0.0,0.0,0.0,0.0,0.02,0.0,0.0,0.01,0.02,0.05,0.0,0.0,0.0,0.0,0.0,0.0,0.0,23.0,0.9,0.0,0.02,2.0,0.2,0.0,0.2,7.0,0.0,0.4,0.05,0.02,27.0,0.1,120.0,1.2,0.0,0.0,0.1,0.0,13.0,0.0,0.0,0.0,0.9,0.0,0.0,0.0,0.0,0.02,0.02,0.2,0.07,20.0,18.0,0.0,0.2,96.0,0.1
6.852,"Cauliflower, imported, raw",Brassica oleracea L. convar. botrytis (L.) Alef. var. botrytis L.,6.2,https://www.matvaretabellen.no/en/cauliflower-imported-raw/,21.0,kcal,88.0,kJ,74.0,0.0,0.0,0.0,0.0,0.0,0.0,0.0,0.0,0.0,0.0,0.0,0.0,0.0,0.0,0.0,0.0,0.0,27.0,2.4,0.0,0.03,2.0,0.0,0.0,0.3,18.0,0.0,0.6,0.0,0.0,52.0,0.0,350.0,1.7,0.0,0.1,0.0,1.0,40.0,0.0,0.0,0.0,2.4,0.0,0.0,0.0,0.0,0.05,0.14,0.3,0.16,106.0,20.0,0.0,0.2,94.0,0.3
6.853,"Cauliflower, raw",Brassica oleracea L. convar. botrytis (L.) Alef. var. botrytis L.,6.2,https://www.matvaretabellen.no/en/cauliflower-raw/,20.0,kcal,84.0,kJ,74.0,0.0,0.0,0.0,0.0,0.0,0.0,0.0,0.0,0.0,0.0,0.0,0.0,0.0,0.0,0.0,0.0,0.0,26.0,2.4,0.0,0.03,2.0,0.0,0.0,0.3,15.0,0.0,0.6,0.0,0.0,45.0,0.0,325.0,1.7,0.0,0.1,0.0,0.0,23.0,0.0,0.0,0.0,2.4,0.0,0.0,0.0,0.0,0.05,0.14,0.3,0.16,103.0,22.0,0.0,0.1,94.0,0.2
4.087,"Caviar spread, cod roe",,4.4,https://www.matvaretabellen.no/en/caviar-spread-cod-roe/,109.0,kcal,457.0,kJ,100.0,0.0,0.0,0.0,0.07,1.13,0.33,0.09,1.0,0.03,0.01,0.0,0.0,0.08,0.08,0.87,0.07,1.2,20.0,0.0,300.0,0.04,0.0,5.5,195.0,0.5,4.0,1.4,3.2,2.24,0.11,125.0,2.6,77.0,14.9,9.0,5.4,1.1,52.0,2158.0,0.0,0.0,0.0,0.0,0.0,9.0,9.0,12.0,0.33,0.46,0.5,0.1,6.0,0.0,3.8,7.5,80.0,1.2
4.089,"Caviar, capelin roe",,4.4,https://www.matvaretabellen.no/en/caviar-capelin-roe/,438.0,kcal,1811.9,kJ,100.0,0.0,0.0,0.0,0.0,1.6,0.1,0.6,22.0,6.9,3.3,0.0,0.0,0.0,0.05,0.0,0.0,0.0,20.0,13.7,101.0,0.05,0.0,39.0,85.0,0.1,7.0,23.0,2.1,3.3,,166.0,10.0,117.0,8.0,0.0,5.5,3.0,41.0,2200.0,0.0,13.7,13.7,13.7,0.0,0.0,0.0,6.7,0.22,0.27,0.6,0.05,21.0,0.0,0.0,5.8,39.0,2.6
4.307,"Caviar, cod roe with mayonnaise",,4.4,https://www.matvaretabellen.no/en/caviar-cod-roe-with-mayonnaise/,523.0,kcal,2158.850551654965,kJ,100.0,0.0,0.0,0.0,0.01,5.62,0.07,1.73,12.23,25.8,2.8,0.0,0.0,0.0,0.04,0.07,0.01,0.16,8.0,8.0,108.0,0.04,0.0,51.9,48.0,0.4,7.0,12.1,1.4,3.06,25.5,114.0,29.6,72.0,6.0,24.0,4.0,7.5,26.0,1603.0,0.0,8.0,8.0,8.0,0.0,24.0,24.0,4.7,0.18,0.17,0.3,0.07,11.0,4.0,1.5,5.9,34.0,1.2
4.373,"Caviar, polar",,4.4,https://www.matvaretabellen.no/en/caviar-polar/,450.0,kcal,1859.6,kJ,100.0,0.0,0.0,0.0,0.3,2.3,0.8,0.7,21.3,6.5,3.1,0.0,0.0,0.1,0.05,0.7,0.1,1.0,20.0,7.8,101.0,0.05,0.0,43.0,85.0,0.1,7.0,25.0,2.1,5.0,6.55,166.0,12.0,117.0,8.0,0.0,4.3,3.0,41.0,1720.0,0.0,7.0,7.0,7.8,0.0,0.0,0.0,6.7,0.22,0.27,0.6,0.05,21.0,0.0,9.5,5.8,41.0,2.6
6.237,Celeriac puree,,6.6,https://www.matvaretabellen.no/en/celeriac-puree/,126.0,kcal,519.0,kJ,100.0,0.0,65.0,0.34,1.13,3.22,0.26,1.17,2.33,0.24,0.05,0.0,0.0,0.0,0.0,0.0,0.0,0.0,66.0,2.1,28.0,0.08,4.0,11.4,8.0,0.2,8.0,2.7,0.5,0.05,0.13,69.0,0.3,167.0,1.9,102.0,1.0,7.2,1.0,387.0,0.3,0.0,0.0,1.8,0.3,107.0,112.0,0.2,0.01,0.07,0.2,0.09,23.0,3.0,1.1,0.4,81.0,0.3
6.06,"Celeriac root, raw",Apium graveolens var. rapaceum (Miller) Gaudin,6.2,https://www.matvaretabellen.no/en/celeriac-root-raw/,24.0,kcal,97.0,kJ,70.0,0.0,0.0,0.0,0.0,0.07,0.0,0.01,0.06,0.15,0.0,0.0,0.0,0.0,0.0,0.0,0.0,0.0,41.0,0.8,0.0,0.13,6.0,0.3,0.0,0.4,11.0,0.0,0.7,0.0,0.15,61.0,0.2,409.0,1.4,0.0,0.1,0.1,0.0,48.0,0.2,0.0,0.0,0.6,0.0,0.0,0.0,0.0,0.0,0.05,0.5,0.19,74.0,11.0,0.0,0.3,91.0,0.4
6.236,"Celeriac, cooked",Apium graveolens var. rapaceum (Miller) Gaudin,6.2,https://www.matvaretabellen.no/en/celeriac-cooked/,23.0,kcal,95.0,kJ,100.0,0.0,0.0,0.0,0.0,0.07,0.0,0.01,0.05,0.14,0.0,0.0,0.0,0.0,0.0,0.0,0.0,0.0,41.0,0.8,0.0,0.13,6.0,0.3,0.0,0.3,7.0,0.0,0.8,0.0,0.14,58.0,0.2,196.0,1.3,0.0,0.1,0.1,0.0,28.0,0.2,0.0,0.0,0.6,0.0,0.0,0.0,0.0,0.0,0.04,0.4,0.14,39.0,5.0,0.0,0.3,92.0,0.3
6.068,"Celery stalk or stem, Norwegian, raw",Apium graveolens var. dulce (Mill.) Pers.,6.2,https://www.matvaretabellen.no/en/celery-stalk-or-stem-norwegian-raw/,16.0,kcal,65.0,kJ,76.0,0.0,553.0,0.0,0.0,0.03,0.0,0.0,0.0,0.05,0.08,0.0,0.0,0.0,0.0,0.0,0.0,0.0,86.0,1.3,0.0,0.03,3.0,0.1,1.0,0.5,21.0,0.0,0.8,0.08,0.05,32.0,0.0,431.0,1.1,0.0,0.1,0.0,0.0,37.0,0.0,0.0,0.0,1.3,0.0,46.0,92.0,0.0,0.03,0.04,0.6,0.07,36.0,13.0,0.0,0.6,95.0,0.3
4.386,"Ceviche, with cod, mango and avocado",,4.2,https://www.matvaretabellen.no/en/ceviche-with-cod-mango-and-avocado/,102.0,kcal,425.0,kJ,100.0,0.0,136.0,0.0,0.01,0.91,0.29,0.05,4.04,0.7,0.06,0.0,0.0,0.0,0.0,0.02,0.0,0.05,15.0,3.8,17.0,0.1,2.0,6.6,68.0,0.3,19.0,4.2,2.4,0.14,0.71,86.0,0.9,354.0,6.0,2.0,0.4,1.1,7.0,155.0,0.0,0.3,0.6,3.8,0.0,13.0,24.0,0.4,0.05,0.06,1.3,0.14,22.0,9.0,0.2,1.2,82.0,0.3
4.385,"Ceviche, with salmon, mango and avocado",,4.2,https://www.matvaretabellen.no/en/ceviche-with-salmon-mango-and-avocado/,146.0,kcal,606.0,kJ,100.0,0.0,136.0,0.0,0.1,1.32,0.4,0.16,6.02,1.37,0.35,0.0,0.01,0.04,0.04,0.14,0.06,0.21,14.0,3.8,24.0,0.11,2.0,11.2,3.0,0.3,19.0,6.5,4.2,0.84,1.47,91.0,2.4,362.0,6.7,8.0,0.4,1.8,6.0,147.0,0.0,0.3,0.6,3.8,0.0,19.0,30.0,1.6,0.07,0.08,3.0,0.26,21.0,9.0,2.1,1.5,77.0,0.3
5.182,"Chapatis, made with wholemeal flour",,5.5.1,https://www.matvaretabellen.no/en/chapatis-made-with-wholemeal-flour/,246.0,kcal,1038.1733906437426,kJ,100.0,0.0,0.0,0.0,0.0,0.24,0.0,0.0,0.19,0.84,0.06,0.0,0.0,0.0,0.0,0.0,0.0,0.0,27.0,43.2,0.0,0.24,10.0,1.5,0.0,2.5,83.0,0.2,5.1,0.07,0.84,226.0,0.9,314.0,10.0,0.0,0.7,0.3,1.0,275.0,42.6,0.0,0.0,0.6,0.0,0.0,0.0,0.0,0.34,0.06,3.3,0.17,13.0,0.0,0.0,0.6,36.0,1.7
4.234,"Char, fried without fat","Salvelinus alpinus (Linnaeus, 1758)",4.1.1,https://www.matvaretabellen.no/en/char-fried-without-fat/,132.0,kcal,553.0,kJ,,0.0,0.0,0.0,0.21,0.67,0.38,0.11,1.28,0.27,0.1,0.0,0.0,0.05,0.03,0.37,0.1,0.63,19.0,0.0,36.0,0.08,0.0,6.7,24.0,0.2,26.0,3.0,10.6,1.41,0.37,283.0,1.1,420.0,18.0,28.0,0.1,1.2,35.0,48.0,0.0,0.0,0.0,0.0,0.0,28.0,28.0,10.6,0.09,0.02,6.5,0.64,24.0,0.0,6.5,1.2,75.0,0.5
4.117,"Char, raw","Salvelinus alpinus (Linnaeus, 1758)",4.1.1,https://www.matvaretabellen.no/en/char-raw/,128.0,kcal,536.0,kJ,78.0,0.0,0.0,0.0,0.23,0.71,0.4,0.12,1.36,0.29,0.11,0.0,0.0,0.06,0.03,0.39,0.11,0.67,16.0,0.0,31.0,0.07,0.0,7.1,20.0,0.2,25.0,3.2,9.1,1.5,0.39,267.0,1.2,420.0,16.1,30.0,0.1,1.2,30.0,48.0,0.0,0.0,0.0,0.0,0.0,30.0,30.0,10.0,0.09,0.02,6.1,0.6,26.0,0.0,6.9,1.3,77.0,0.4
4.235,"Char, rolled in flour, fried in fat","Salvelinus alpinus (Linnaeus, 1758)",4.1.1,https://www.matvaretabellen.no/en/char-rolled-in-flour-fried-in-fat/,168.0,kcal,701.0,kJ,,0.0,6.0,0.14,0.31,1.0,0.36,0.34,2.8,0.89,0.24,0.0,0.0,0.05,0.03,0.33,0.09,0.57,18.0,3.1,34.0,0.08,0.2,9.8,21.0,0.2,25.0,4.4,9.7,1.42,0.97,260.0,1.8,387.0,16.8,37.0,0.1,2.1,32.0,57.0,3.0,0.0,0.0,0.0,0.0,38.0,38.0,9.5,0.09,0.02,5.9,0.51,23.0,0.0,6.2,1.3,70.0,0.5
6.182,"Chayote, raw",Sechium edule (Jacq.) Sw.,6.2,https://www.matvaretabellen.no/en/chayote-raw/,19.0,kcal,80.0,kJ,99.0,0.0,0.0,0.0,0.0,0.02,0.0,0.0,0.01,0.02,0.04,0.0,0.0,0.0,0.0,0.0,0.0,0.0,17.0,2.8,0.0,0.12,2.0,0.1,,0.3,12.0,0.0,0.6,0.04,0.02,18.0,0.1,125.0,0.8,0.0,0.0,0.0,0.0,2.0,1.1,0.0,0.0,1.7,0.0,0.0,0.0,0.0,0.03,0.03,0.5,0.08,93.0,8.0,0.0,0.1,95.0,0.7
8.256,Cheddar sauce,,10.11,https://www.matvaretabellen.no/en/cheddar-sauce/,234.0,kcal,972.0,kJ,100.0,0.0,138.0,0.49,1.65,4.64,0.37,1.72,4.1,0.69,0.17,0.0,0.0,0.0,0.0,0.0,0.0,0.0,327.0,6.2,40.0,0.03,0.3,17.8,22.0,0.2,17.0,4.7,2.9,0.17,0.53,241.0,0.9,151.0,12.0,158.0,1.7,10.4,3.0,690.0,3.2,0.0,0.0,3.0,0.5,170.0,181.0,1.2,0.04,0.2,0.2,0.08,14.0,0.0,0.9,0.5,64.0,1.5
12.016,Cheese doodles,,10.5,https://www.matvaretabellen.no/en/cheese-doodles/,547.0,kcal,2279.4,kJ,100.0,0.0,466.0,0.1,0.4,2.5,0.1,1.4,24.8,3.6,0.0,0.0,0.0,0.0,0.0,0.0,0.0,0.0,210.0,47.0,14.0,0.04,3.0,35.5,0.0,0.2,14.0,25.0,1.8,0.0,3.6,230.0,3.7,120.0,8.5,32.0,2.2,5.2,0.0,880.0,44.3,1.0,1.0,2.7,0.1,71.0,109.0,0.2,0.02,0.14,0.4,0.07,13.0,0.0,0.0,17.9,6.0,0.7
1.204,"Cheese spread, 10 % fat",,1.4.9,https://www.matvaretabellen.no/en/cheese-spread-10-fat/,162.0,kcal,676.0,kJ,100.0,0.0,24.0,0.3,0.91,2.4,0.12,0.95,1.83,0.15,0.04,0.0,0.01,0.0,0.01,0.0,0.01,0.0,552.0,0.0,27.0,0.05,0.0,10.0,6.0,0.3,26.0,2.7,4.3,0.05,0.17,740.0,0.2,96.0,18.0,51.0,2.8,6.0,1.0,1130.0,0.0,0.0,0.0,0.0,0.3,53.0,55.0,0.4,0.07,0.23,0.1,0.06,7.0,0.0,0.1,0.2,72.0,2.6
1.202,"Cheese spread, 3 % fat",,1.4.9,https://www.matvaretabellen.no/en/cheese-spread-3-fat/,100.0,kcal,421.0,kJ,100.0,0.0,11.0,0.1,0.3,0.79,0.04,0.31,0.6,0.05,0.01,0.0,0.0,0.0,0.0,0.0,0.0,0.0,513.0,0.0,10.0,0.05,3.0,3.0,6.0,0.3,25.0,0.7,4.1,0.02,0.06,741.0,0.1,100.0,17.0,23.0,2.5,1.9,1.0,1000.0,0.0,0.0,0.0,0.0,0.1,24.0,24.0,0.4,0.07,0.23,0.1,0.06,7.0,0.0,0.0,0.1,77.0,2.6
1.064,"Cheese spread, 7 % fat",,1.4.9,https://www.matvaretabellen.no/en/cheese-spread-7-fat/,131.0,kcal,547.0,kJ,100.0,0.0,24.0,0.21,0.64,1.69,0.08,0.67,1.29,0.1,0.03,0.0,0.0,0.0,0.01,0.0,0.0,0.0,510.0,0.0,17.0,0.05,0.0,6.5,6.0,0.3,26.0,1.5,4.3,0.04,0.12,740.0,0.1,96.0,18.0,51.0,2.2,4.2,1.0,860.0,0.0,0.0,0.0,0.0,0.2,53.0,55.0,0.4,0.07,0.23,0.1,0.06,7.0,0.0,0.0,0.2,76.0,2.6
1.063,"Cheese spread, bacon flavour",,1.4.9,https://www.matvaretabellen.no/en/cheese-spread-bacon-flavour/,213.0,kcal,886.0,kJ,100.0,0.0,184.0,0.51,1.7,4.81,0.39,1.77,3.47,0.24,0.07,0.0,0.0,0.0,0.0,0.0,0.0,0.0,376.0,0.1,42.0,0.05,0.0,17.0,18.0,0.3,15.0,4.1,3.8,0.07,0.07,900.0,0.4,60.0,15.0,160.0,2.4,10.8,6.0,940.0,0.0,0.0,0.0,0.1,0.5,175.0,190.0,0.5,0.05,0.2,0.3,0.16,12.0,0.0,0.1,0.0,68.0,3.0
1.27,"Cheese, Halloumi",,1.4.4,https://www.matvaretabellen.no/en/cheese-halloumi/,290.0,kcal,1204.19,kJ,100.0,0.0,0.0,0.76,2.29,6.76,0.32,1.94,3.96,0.65,0.09,0.0,0.0,0.0,0.0,0.0,0.0,0.0,633.0,0.9,71.0,0.03,0.0,21.9,34.0,0.2,34.0,4.6,5.3,0.09,0.65,406.0,0.8,74.0,22.3,192.0,4.2,14.9,10.0,1680.0,0.0,0.0,0.0,0.9,0.8,192.0,192.0,0.6,0.02,0.25,0.08,0.04,2.0,0.0,0.2,0.5,55.0,3.0
1.3,"Cheese, Manchego",,1.4.4,https://www.matvaretabellen.no/en/cheese-manchego/,391.0,kcal,1622.39,kJ,100.0,0.0,,0.03,0.06,0.19,0.41,0.05,0.14,0.01,0.16,0.0,0.02,0.01,0.06,0.01,0.02,0.0,765.0,0.5,88.0,,0.0,30.4,34.0,0.6,36.0,9.0,,0.2,0.03,520.0,0.8,100.0,28.8,,1.7,18.9,2.0,670.0,0.0,0.0,0.0,0.5,1.5,,,1.5,0.04,0.3,,0.2,21.0,0.0,0.3,0.6,40.0,4.0
1.263,"Cheese, Mascarpone",,1.4.6,https://www.matvaretabellen.no/en/cheese-mascarpone/,436.0,kcal,1797.8,kJ,100.0,0.0,214.0,1.59,4.82,12.67,0.63,5.04,9.65,0.77,0.19,0.0,0.03,0.01,0.04,0.02,0.03,0.0,161.0,4.3,123.0,0.0,0.0,44.5,14.0,0.0,11.0,11.7,1.2,0.27,0.89,116.0,1.9,137.0,4.6,376.0,0.2,29.5,2.0,70.0,0.0,0.0,0.0,4.3,1.8,394.0,411.0,0.6,0.04,0.22,0.1,0.04,11.0,0.0,0.3,1.1,47.0,0.7
1.066,"Cheese, Mozarella, semi-hard, Norwegian",,1.4.4,https://www.matvaretabellen.no/en/cheese-mozarella-semi-hard-norwegian/,317.0,kcal,1320.2,kJ,100.0,0.0,135.0,0.69,2.3,6.51,0.53,2.39,4.69,0.32,0.09,0.0,0.0,0.0,0.0,0.0,0.0,0.0,880.0,0.6,57.0,0.05,0.0,23.0,33.0,0.2,35.0,5.5,6.7,0.09,0.09,640.0,0.5,83.0,27.0,207.0,1.2,14.6,11.0,480.0,0.0,0.0,0.0,0.6,0.7,218.0,229.0,2.6,0.09,0.33,0.4,0.03,45.0,0.0,0.0,0.6,49.0,4.9
1.297,"Cheese, Mozzarella, in brine, imported",,1.4.4,https://www.matvaretabellen.no/en/cheese-mozzarella-in-brine-imported/,213.0,kcal,886.0,kJ,100.0,0.0,33.0,0.45,1.61,4.94,0.27,1.73,3.59,0.51,0.11,0.0,0.0,0.0,0.03,0.0,0.0,0.0,306.0,0.4,52.0,,0.0,16.6,19.0,0.1,12.0,4.1,3.6,0.11,0.54,227.0,0.7,26.0,15.6,163.0,0.5,10.6,0.0,198.0,0.0,0.0,0.0,0.4,,166.0,168.0,1.1,0.01,0.19,0.0,0.0,8.0,0.0,0.0,0.4,67.0,2.4
1.267,"Cheese, Raclette",,1.4.4,https://www.matvaretabellen.no/en/cheese-raclette/,357.0,kcal,1481.1,kJ,100.0,0.0,100.0,0.87,2.63,6.91,0.34,2.75,5.27,0.42,0.11,0.0,0.02,0.0,0.02,0.01,0.02,0.0,671.0,0.0,84.0,0.06,0.0,27.9,27.0,0.1,27.0,6.5,6.4,0.15,0.49,492.0,1.3,70.0,26.4,255.0,1.8,16.7,8.0,728.0,0.0,0.0,0.0,0.0,,263.0,271.0,1.4,0.01,0.22,0.2,0.06,49.0,0.0,0.2,0.7,46.0,3.9
1.266,"Cheese, Ricotta",,1.4.6,https://www.matvaretabellen.no/en/cheese-ricotta/,125.0,kcal,519.0,kJ,100.0,0.0,33.0,0.34,1.07,3.06,0.2,0.96,2.32,0.25,0.04,0.0,0.0,0.0,0.01,0.0,0.01,0.0,206.0,0.8,49.0,0.02,0.0,10.2,8.0,0.1,20.0,2.7,1.9,0.05,0.26,154.0,0.4,219.0,7.5,117.0,0.3,6.4,6.0,110.0,0.0,0.0,0.0,0.8,0.3,120.0,122.0,0.9,0.01,0.3,0.1,0.1,4.0,0.0,0.2,0.1,82.0,0.5
1.265,"Cheese, Stilton, blue",,1.4.8,https://www.matvaretabellen.no/en/cheese-stilton-blue/,410.0,kcal,1699.6,kJ,100.0,0.0,182.0,1.24,3.75,9.85,0.49,3.92,7.5,0.6,0.15,0.0,0.02,0.01,0.03,0.02,0.02,0.0,326.0,0.1,95.0,0.04,0.0,35.0,40.0,0.2,15.0,9.2,6.2,0.21,0.7,314.0,1.2,96.0,23.7,360.0,2.0,23.0,7.0,788.0,0.0,0.0,0.0,0.1,1.5,375.0,390.0,1.2,0.03,0.47,0.7,0.13,78.0,0.0,0.2,0.6,41.0,2.9
1.261,"Cheese, blue mold, Gorgonzola",,1.4.8,https://www.matvaretabellen.no/en/cheese-blue-mold-gorgonzola/,359.0,kcal,1485.9,kJ,100.0,0.0,168.0,1.01,3.07,8.07,0.4,3.21,6.15,0.49,0.12,0.0,0.02,0.01,0.03,0.01,0.02,0.0,612.0,0.1,87.0,0.02,0.0,31.2,12.0,0.3,18.0,6.8,5.4,0.17,0.57,356.0,0.9,138.0,19.4,336.0,3.6,20.3,7.0,1450.0,0.0,0.0,0.0,0.1,0.6,350.0,364.0,1.2,0.01,0.18,0.9,0.07,52.0,0.0,0.0,0.0,49.0,2.5
1.037,"Cheese, blue mold, Normanna",,1.4.8,https://www.matvaretabellen.no/en/cheese-blue-mold-normanna/,336.0,kcal,1393.0,kJ,100.0,0.0,164.0,0.84,2.8,7.92,0.64,2.91,5.71,0.39,0.11,0.0,0.0,0.0,0.0,0.0,0.0,0.0,500.0,0.0,69.0,0.02,0.0,28.0,42.0,0.1,21.0,6.8,6.0,0.11,0.11,360.0,0.6,84.0,21.0,253.0,2.5,17.7,10.0,1000.0,0.0,0.0,0.0,0.0,0.8,267.0,280.0,1.5,0.06,0.31,1.1,0.12,47.0,0.0,0.0,0.7,51.0,2.8
1.042,"Cheese, blue mold, Norzola",,1.4.8,https://www.matvaretabellen.no/en/cheese-blue-mold-norzola/,383.0,kcal,1584.0,kJ,100.0,0.0,206.0,1.05,3.5,9.91,0.8,3.64,7.14,0.49,0.14,0.0,0.0,0.0,0.0,0.0,0.0,0.0,500.0,0.0,86.0,0.02,0.0,35.0,42.0,0.1,21.0,8.4,5.1,0.14,0.14,360.0,0.8,84.0,17.0,316.0,2.5,22.2,10.0,1000.0,0.0,0.0,0.0,0.0,1.0,333.0,350.0,1.5,0.06,0.31,1.1,0.12,47.0,0.0,0.0,0.9,48.0,2.8
1.264,"Cheese, blue mold, Roquefort",,1.4.8,https://www.matvaretabellen.no/en/cheese-blue-mold-roquefort/,355.0,kcal,1470.0,kJ,100.0,0.0,58.0,1.01,3.06,8.04,0.4,3.2,6.13,0.49,0.12,0.0,0.02,0.01,0.03,0.01,0.02,0.0,608.0,0.0,90.0,0.12,0.0,31.0,40.0,0.4,27.0,6.8,5.0,0.17,0.57,430.0,0.9,120.0,19.0,295.0,4.0,20.2,6.0,1600.0,0.0,0.0,0.0,0.0,0.6,300.0,304.0,0.4,0.03,0.41,0.6,0.1,45.0,0.0,0.7,0.6,50.0,3.7
1.252,"Cheese, blue mold, Selbu Blå",,1.4.8,https://www.matvaretabellen.no/en/cheese-blue-mold-selbu-bla/,420.0,kcal,1735.0,kJ,100.0,0.0,235.0,1.2,4.0,11.32,0.92,4.16,8.16,0.56,0.16,0.0,0.0,0.0,0.0,0.0,0.0,0.0,440.0,0.0,98.0,0.02,0.0,40.0,37.0,0.1,19.0,9.6,4.4,0.16,0.16,320.0,0.9,75.0,15.0,361.0,2.2,25.3,9.0,880.0,0.0,0.0,0.0,0.0,1.2,381.0,400.0,1.4,0.05,0.27,0.9,0.11,42.0,0.0,0.0,1.0,45.0,2.5
1.287,"Cheese, blue mold, organic, Selbu Blå",,1.4.8,https://www.matvaretabellen.no/en/cheese-blue-mold-organic-selbu-bla/,411.0,kcal,1698.0,kJ,100.0,0.0,187.0,1.41,4.47,11.22,0.85,3.62,6.71,0.69,0.19,0.0,0.0,0.0,0.0,0.0,0.0,0.0,380.0,0.0,107.0,0.02,0.0,39.0,23.0,0.1,19.0,8.3,4.4,0.2,0.2,280.0,0.9,75.0,15.0,315.0,2.2,25.9,9.0,860.0,0.0,0.0,0.0,0.0,1.1,331.0,346.0,1.2,0.05,0.23,0.9,0.11,45.0,0.0,0.0,1.0,46.0,2.1
1.25,"Cheese, fermented skimmed milk, granular, caraway spiced, Pultost, Hedemark",,1.4.4,https://www.matvaretabellen.no/en/cheese-fermented-skimmed-milk-granular-caraway-spiced-pultost-hedemark/,169.0,kcal,717.0,kJ,100.0,0.0,6.0,0.03,0.1,0.28,0.02,0.1,0.2,0.01,0.0,0.0,0.0,0.0,0.0,0.0,0.0,0.0,180.0,0.0,2.0,0.1,0.0,1.0,42.0,0.3,16.0,0.2,12.2,0.0,0.0,630.0,0.0,117.0,40.0,9.0,2.3,0.6,24.0,900.0,0.0,0.0,0.0,0.0,0.0,10.0,10.0,0.9,0.06,0.89,2.9,0.1,26.0,0.0,0.0,0.0,59.0,3.4
1.047,"Cheese, fermented skimmed milk, granular, caraway spiced, Pultost, Løiten",,1.4.4,https://www.matvaretabellen.no/en/cheese-fermented-skimmed-milk-granular-caraway-spiced-pultost-loiten/,126.0,kcal,536.0,kJ,100.0,0.0,6.0,0.02,0.07,0.2,0.02,0.07,0.14,0.01,0.0,0.0,0.0,0.0,0.0,0.0,0.0,0.0,110.0,0.0,2.0,0.07,0.0,0.7,26.0,0.2,10.0,0.2,8.9,0.0,0.0,400.0,0.0,75.0,30.0,9.0,2.0,0.4,15.0,800.0,0.0,0.0,0.0,0.0,0.0,10.0,10.0,0.6,0.04,0.57,1.9,0.06,17.0,0.0,0.0,0.0,69.0,2.2
1.188,"Cheese, goat milk, Feta",,1.4.4,https://www.matvaretabellen.no/en/cheese-goat-milk-feta/,260.0,kcal,1080.547,kJ,100.0,0.0,84.0,0.72,2.14,6.11,0.32,1.98,3.26,0.3,0.09,0.0,0.0,0.0,0.02,0.01,0.01,0.0,220.0,0.2,63.0,0.03,0.0,20.8,12.0,0.1,8.0,4.8,6.0,0.09,0.3,224.0,0.5,34.0,18.1,191.0,2.7,13.3,9.0,1060.0,0.0,0.0,0.0,0.2,0.7,198.0,205.0,1.1,0.05,0.45,1.8,0.25,62.0,0.0,0.2,0.2,61.0,1.5
1.302,"Cheese, gouda",,1.4.7,https://www.matvaretabellen.no/en/cheese-gouda/,377.0,kcal,1562.3,kJ,100.0,0.0,139.0,1.15,3.24,8.6,0.47,2.94,5.7,0.67,0.19,0.0,0.02,0.0,0.03,0.01,0.02,0.0,773.0,0.0,85.0,0.0,0.0,30.6,21.0,0.3,32.0,6.8,6.0,0.24,0.72,498.0,0.6,82.0,25.3,258.0,2.3,20.3,8.0,925.0,0.0,0.0,0.0,0.0,1.1,270.0,281.0,1.7,0.03,0.3,0.1,0.08,43.0,0.0,0.2,0.6,44.0,3.9
1.219,"Cheese, grated",,1.4.7,https://www.matvaretabellen.no/en/cheese-grated/,301.0,kcal,1255.1,kJ,100.0,0.0,148.0,0.6,2.0,5.66,0.46,2.08,4.08,0.28,0.08,0.0,0.0,0.0,0.0,0.0,0.0,0.0,900.0,0.3,49.0,0.05,0.0,20.0,45.0,0.2,36.0,4.8,7.5,0.08,0.08,650.0,0.4,82.0,30.0,265.0,1.1,12.7,12.0,440.0,0.0,0.0,0.0,0.3,0.6,277.0,289.0,2.5,0.08,0.38,0.5,0.03,35.0,0.0,0.0,0.6,50.0,4.9
1.262,"Cheese, gruyere",,1.4.7,https://www.matvaretabellen.no/en/cheese-gruyere/,412.0,kcal,1710.15,kJ,100.0,0.0,33.0,0.91,3.37,8.75,0.72,2.32,8.58,1.3,0.43,0.0,0.0,0.0,0.0,0.0,0.0,0.0,1011.0,0.4,110.0,0.03,0.0,32.3,40.0,0.2,36.0,10.0,7.1,0.43,1.3,605.0,1.7,81.0,29.8,268.0,1.8,18.9,5.0,714.0,0.0,0.0,0.0,0.4,0.6,271.0,273.0,1.6,0.06,0.28,0.1,0.08,10.0,0.0,0.6,0.3,38.0,3.9
1.027,"Cheese, hard, Cheddar",,1.4.7,https://www.matvaretabellen.no/en/cheese-hard-cheddar/,389.0,kcal,1614.1,kJ,100.0,0.0,141.0,0.96,3.2,9.06,0.74,3.33,6.53,0.45,0.13,0.0,0.0,0.0,0.0,0.0,0.0,0.0,660.0,0.3,79.0,0.04,0.0,32.0,30.0,0.2,24.0,7.7,5.9,0.13,0.13,445.0,0.7,70.0,25.0,364.0,2.0,20.3,6.0,800.0,0.0,0.0,0.0,0.3,1.0,376.0,387.0,2.4,0.03,0.28,0.1,0.15,31.0,0.0,0.3,0.6,43.0,3.4
1.03,"Cheese, hard, Edam",,1.4.7,https://www.matvaretabellen.no/en/cheese-hard-edam/,355.0,kcal,1475.0,kJ,100.0,0.0,159.0,0.81,2.7,7.64,0.62,2.81,5.51,0.38,0.11,0.0,0.0,0.0,0.0,0.0,0.0,0.0,800.0,0.0,66.0,0.04,0.0,27.0,30.0,0.2,32.0,6.5,6.9,0.11,0.11,580.0,0.6,76.0,28.0,244.0,1.5,17.1,10.0,600.0,0.0,0.0,0.0,0.0,0.8,257.0,270.0,2.4,0.08,0.3,0.4,0.03,41.0,0.0,0.0,0.7,45.0,4.4
1.336,"Cheese, hard, Grana padano",,1.4.4,https://www.matvaretabellen.no/en/cheese-hard-grana-padano/,396.0,kcal,1646.1,kJ,100.0,0.0,233.0,0.9,3.04,8.14,0.0,3.1,6.88,0.65,0.17,0.0,0.0,0.0,0.0,0.0,0.0,0.0,1165.0,0.9,98.0,0.5,0.0,28.5,72.0,0.1,63.0,8.1,6.3,0.17,0.66,692.0,0.9,120.0,33.9,371.0,1.8,19.5,12.0,700.0,0.0,0.0,0.0,0.9,1.1,390.0,409.0,3.0,0.02,0.36,0.1,0.12,55.0,0.0,0.5,0.2,37.0,11.0
1.035,"Cheese, hard, Jarlsberg",,1.4.7,https://www.matvaretabellen.no/en/cheese-hard-jarlsberg/,351.0,kcal,1458.0,kJ,100.0,0.0,159.0,0.81,2.7,7.64,0.62,2.81,5.51,0.38,0.11,0.0,0.0,0.0,0.0,0.0,0.0,0.0,770.0,0.0,66.0,0.04,0.0,27.0,32.0,0.5,33.0,6.5,7.1,0.11,0.11,550.0,0.6,71.0,27.0,244.0,1.1,17.1,12.0,440.0,0.0,0.0,0.0,0.0,0.8,257.0,270.0,2.2,0.14,0.32,0.8,0.02,36.0,0.0,0.0,0.7,46.0,4.2
1.039,"Cheese, hard, Norvegia",,1.4.7,https://www.matvaretabellen.no/en/cheese-hard-norvegia/,351.0,kcal,1458.0,kJ,100.0,0.0,0.0,0.81,2.7,7.64,0.62,2.81,5.51,0.38,0.11,0.0,0.0,0.0,0.0,0.0,0.0,0.0,820.0,0.0,66.0,0.04,0.0,27.0,31.0,0.2,33.0,6.5,6.7,0.11,0.11,590.0,0.6,77.0,27.0,107.0,1.2,17.1,11.0,480.0,0.0,0.0,0.0,0.0,0.8,107.0,107.0,2.4,0.08,0.31,0.4,0.03,42.0,0.0,0.0,0.5,46.0,4.6
1.2,"Cheese, hard, Parmesan",,1.4.4,https://www.matvaretabellen.no/en/cheese-hard-parmesan/,416.0,kcal,1729.6,kJ,100.0,0.0,233.0,1.03,3.12,8.21,0.41,3.27,6.26,0.5,0.12,0.0,0.02,0.01,0.03,0.01,0.02,0.0,1025.0,0.9,93.0,0.84,0.0,29.7,72.0,0.8,41.0,7.7,8.5,0.18,0.58,680.0,1.1,152.0,36.2,371.0,1.7,19.3,12.0,660.0,0.0,0.0,0.0,0.9,1.1,390.0,409.0,3.3,0.03,0.32,0.1,0.11,12.0,0.0,0.3,0.8,33.0,5.1
1.05,"Cheese, hard, Sveitser",,1.4.7,https://www.matvaretabellen.no/en/cheese-hard-sveitser/,364.0,kcal,1512.0,kJ,100.0,0.0,160.0,0.84,2.8,7.92,0.64,2.91,5.71,0.39,0.11,0.0,0.0,0.0,0.0,0.0,0.0,0.0,790.0,0.0,69.0,0.04,0.0,28.0,36.0,0.2,35.0,6.8,6.9,0.11,0.11,600.0,0.6,79.0,28.0,246.0,1.3,17.7,12.0,520.0,0.0,0.0,0.0,0.0,0.8,259.0,272.0,2.3,0.07,0.27,0.4,0.03,26.0,0.0,0.0,0.7,44.0,4.5
1.043,"Cheese, hard, caraway spiced, Nøkkelost",,1.4.7,https://www.matvaretabellen.no/en/cheese-hard-caraway-spiced-nokkelost/,351.0,kcal,1458.0,kJ,100.0,0.0,159.0,0.81,2.7,7.64,0.62,2.81,5.51,0.38,0.11,0.0,0.0,0.0,0.0,0.0,0.0,0.0,800.0,0.0,66.0,0.04,0.0,27.0,30.0,0.2,32.0,6.5,6.7,0.11,0.11,580.0,0.6,76.0,27.0,244.0,1.5,17.1,10.0,600.0,0.0,0.0,0.0,0.0,0.8,257.0,270.0,2.4,0.08,0.3,0.4,0.03,40.0,0.0,0.0,0.7,46.0,4.4
1.142,"Cheese, hard, caraway spiced, low-fat, Nøkkelost",,1.4.7,https://www.matvaretabellen.no/en/cheese-hard-caraway-spiced-low-fat-nokkelost/,272.0,kcal,1136.0,kJ,100.0,0.0,94.0,0.48,1.6,4.53,0.37,1.66,3.26,0.22,0.06,0.0,0.0,0.0,0.0,0.0,0.0,0.0,940.0,0.0,39.0,0.05,0.0,16.0,35.0,0.2,38.0,3.9,8.0,0.06,0.06,680.0,0.4,88.0,32.0,144.0,1.4,10.1,12.0,560.0,0.0,0.0,0.0,0.0,0.5,152.0,159.0,2.8,0.09,0.35,0.5,0.04,48.0,0.0,0.0,0.4,52.0,5.2
1.071,"Cheese, hard, low-fat, Jarlsberg",,1.4.7,https://www.matvaretabellen.no/en/cheese-hard-low-fat-jarlsberg/,268.0,kcal,1119.0,kJ,100.0,0.0,94.0,0.48,1.6,4.53,0.37,1.66,3.26,0.22,0.06,0.0,0.0,0.0,0.0,0.0,0.0,0.0,910.0,0.0,39.0,0.05,0.0,16.0,17.0,0.2,37.0,3.9,7.7,0.06,0.06,670.0,0.4,80.0,31.0,144.0,1.0,10.1,13.0,400.0,0.0,0.0,0.0,0.0,0.5,152.0,159.0,2.4,0.08,0.44,0.5,0.02,25.0,0.0,0.0,0.4,53.0,5.0
1.04,"Cheese, hard, low-fat, Norvegia",,1.4.7,https://www.matvaretabellen.no/en/cheese-hard-low-fat-norvegia/,268.0,kcal,1119.0,kJ,100.0,0.0,77.0,0.48,1.6,4.53,0.37,1.66,3.26,0.22,0.06,0.0,0.0,0.0,0.0,0.0,0.0,0.0,930.0,0.0,39.0,0.04,0.0,16.0,17.0,0.2,38.0,3.9,9.1,0.06,0.06,680.0,0.4,73.0,31.0,155.0,1.2,10.1,10.0,470.0,0.0,0.0,0.0,0.0,0.5,161.0,167.0,2.4,0.24,0.26,1.9,0.04,42.0,0.0,0.0,0.4,53.0,5.2
1.245,"Cheese, hard, matured, Norvegia",,1.4.7,https://www.matvaretabellen.no/en/cheese-hard-matured-norvegia/,360.0,kcal,1495.0,kJ,100.0,0.0,164.0,0.84,2.8,7.92,0.64,2.91,5.71,0.39,0.11,0.0,0.0,0.0,0.0,0.0,0.0,0.0,780.0,0.0,69.0,0.04,0.0,28.0,29.0,0.2,31.0,6.8,6.7,0.11,0.11,570.0,0.6,74.0,27.0,113.0,1.2,17.7,10.0,480.0,0.0,0.0,0.0,0.0,0.8,127.0,140.0,2.3,0.08,0.29,0.4,0.03,40.0,0.0,0.0,0.5,45.0,4.3
1.246,"Cheese, hard, organic, Norvegia",,1.4.7,https://www.matvaretabellen.no/en/cheese-hard-organic-norvegia/,351.0,kcal,1458.0,kJ,100.0,0.0,159.0,0.98,3.09,7.77,0.59,2.51,4.65,0.48,0.13,0.0,0.0,0.0,0.0,0.0,0.0,0.0,800.0,0.0,74.0,0.04,0.0,27.0,30.0,0.2,32.0,5.7,6.7,0.14,0.14,580.0,0.6,76.0,27.0,244.0,1.2,17.9,10.0,480.0,0.0,0.0,0.0,0.0,0.8,257.0,270.0,2.4,0.08,0.3,0.4,0.03,41.0,0.0,0.0,0.7,46.0,4.4
1.247,"Cheese, hard, rich, Norvegia",,1.4.7,https://www.matvaretabellen.no/en/cheese-hard-rich-norvegia/,370.0,kcal,1535.0,kJ,100.0,0.0,176.0,0.9,3.0,8.49,0.69,3.12,6.12,0.42,0.12,0.0,0.0,0.0,0.0,0.0,0.0,0.0,730.0,0.0,74.0,0.04,0.0,30.0,41.0,0.2,30.0,7.2,6.1,0.12,0.12,550.0,0.7,70.0,25.0,271.0,1.2,19.0,10.0,480.0,0.0,0.0,0.0,0.0,0.9,286.0,300.0,2.2,0.07,0.31,0.3,0.03,24.0,0.0,0.0,0.8,45.0,4.1
1.301,"Cheese, paneer",,1.4.4,https://www.matvaretabellen.no/en/cheese-paneer/,325.0,kcal,1348.5,kJ,100.0,0.0,34.0,0.66,2.27,6.14,0.26,2.81,5.35,0.86,0.18,0.0,0.01,0.0,0.03,0.01,0.01,0.0,537.0,0.0,,0.0,0.0,24.5,,0.0,23.0,6.2,6.2,0.19,0.68,383.0,0.5,69.0,26.0,248.0,0.0,15.4,,19.0,0.0,0.0,0.0,0.0,1.3,251.0,253.0,,,0.2,0.1,,25.0,0.0,,0.4,50.0,3.2
1.161,"Cheese, processed, semi-hard, tomato flavour, Taffelost",,1.4.9,https://www.matvaretabellen.no/en/cheese-processed-semi-hard-tomato-flavour-taffelost/,313.0,kcal,1301.1,kJ,100.0,0.0,198.0,0.72,2.4,6.79,0.55,2.5,4.9,0.34,0.1,0.0,0.0,0.0,0.0,0.0,0.0,0.0,660.0,0.3,59.0,0.09,0.0,24.0,6.0,0.4,25.0,5.8,5.7,0.1,0.1,705.0,0.5,88.0,24.0,148.0,2.8,15.2,0.0,1100.0,0.0,0.0,0.0,0.3,0.7,165.0,181.0,0.0,0.02,0.22,0.1,0.0,0.0,0.0,0.0,0.5,52.0,3.8
1.136,"Cheese, ripened, Brie",,1.4.8,https://www.matvaretabellen.no/en/cheese-ripened-brie/,360.0,kcal,1490.0,kJ,100.0,0.0,188.0,0.96,3.2,9.06,0.74,3.33,6.53,0.45,0.13,0.0,0.0,0.0,0.0,0.0,0.0,0.0,500.0,0.0,79.0,0.02,0.0,32.0,43.0,0.1,21.0,7.7,5.3,0.13,0.13,370.0,0.7,86.0,18.0,289.0,1.5,20.3,10.0,600.0,0.0,0.0,0.0,0.0,1.0,305.0,320.0,1.6,0.06,0.31,1.1,0.13,48.0,0.0,0.0,0.8,50.0,2.9
1.025,"Cheese, ripened, Camembert",,1.4.8,https://www.matvaretabellen.no/en/cheese-ripened-camembert/,328.0,kcal,1359.0,kJ,100.0,0.0,164.0,0.84,2.8,7.92,0.64,2.91,5.71,0.39,0.11,0.0,0.0,0.0,0.0,0.0,0.0,0.0,540.0,0.0,69.0,0.02,0.0,28.0,45.0,0.1,23.0,6.8,5.5,0.11,0.11,390.0,0.6,91.0,19.0,253.0,1.5,17.7,11.0,600.0,0.0,0.0,0.0,0.0,0.8,267.0,280.0,1.7,0.06,0.33,1.1,0.14,51.0,0.0,0.0,0.7,53.0,3.0
1.062,"Cheese, semi-hard, Crème Chérie",,1.4.6,https://www.matvaretabellen.no/en/cheese-semi-hard-creme-cherie/,335.0,kcal,1385.0,kJ,100.0,0.0,182.0,0.93,3.1,8.77,0.71,3.22,6.32,0.43,0.12,0.0,0.0,0.0,0.0,0.0,0.0,0.0,390.0,0.0,76.0,0.08,0.0,31.0,6.0,0.3,16.0,7.5,3.3,0.12,0.12,960.0,0.7,104.0,14.0,140.0,2.3,19.6,0.0,900.0,0.0,0.0,0.0,0.0,0.9,155.0,170.0,0.5,0.02,0.16,0.0,0.0,14.0,0.0,0.2,0.7,55.0,2.3
1.038,"Cheese, semi-hard, Gräddost",,1.4.7,https://www.matvaretabellen.no/en/cheese-semi-hard-graddost/,418.0,kcal,1729.0,kJ,100.0,0.0,223.0,1.14,3.8,10.75,0.87,3.95,7.75,0.53,0.15,0.0,0.0,0.0,0.0,0.0,0.0,0.0,600.0,0.0,94.0,0.03,0.0,38.0,42.0,0.2,25.0,9.2,4.7,0.15,0.15,430.0,0.8,55.0,19.0,343.0,1.3,24.1,10.0,500.0,0.0,0.0,0.0,0.0,1.1,362.0,380.0,1.7,0.05,0.21,0.3,0.02,22.0,0.0,0.0,1.0,43.0,3.2
1.046,"Cheese, semi-hard, Port Salut",,1.4.7,https://www.matvaretabellen.no/en/cheese-semi-hard-port-salut/,321.0,kcal,1333.0,kJ,100.0,0.0,147.0,0.75,2.5,7.08,0.57,2.6,5.1,0.35,0.1,0.0,0.0,0.0,0.0,0.0,0.0,0.0,720.0,0.0,62.0,0.04,0.0,25.0,42.0,0.2,30.0,6.0,6.0,0.1,0.1,520.0,0.6,74.0,24.0,226.0,1.5,15.8,10.0,600.0,0.0,0.0,0.0,0.0,0.7,238.0,250.0,3.4,0.07,0.33,0.4,0.04,65.0,0.0,0.0,0.7,51.0,4.0
1.048,"Cheese, semi-hard, Ridderost",,1.4.7,https://www.matvaretabellen.no/en/cheese-semi-hard-ridderost/,422.0,kcal,1746.0,kJ,100.0,0.0,223.0,1.14,3.8,10.75,0.87,3.95,7.75,0.53,0.15,0.0,0.0,0.0,0.0,0.0,0.0,0.0,620.0,0.0,94.0,0.03,0.0,38.0,37.0,0.2,26.0,9.2,5.0,0.15,0.15,540.0,0.8,64.0,20.0,343.0,1.5,24.1,8.0,600.0,0.0,0.0,0.0,0.0,1.1,362.0,380.0,3.0,0.06,0.29,0.3,0.03,57.0,0.0,0.0,1.0,42.0,3.5
1.138,"Cheese, semi-hard, low-fat, Mozzarella, Norwegian",,1.4.4,https://www.matvaretabellen.no/en/cheese-semi-hard-low-fat-mozzarella-norwegian/,266.0,kcal,1112.2,kJ,100.0,0.0,94.0,1.77,0.51,4.1,0.37,1.66,3.26,0.22,0.06,0.0,0.0,0.0,0.0,0.0,0.0,0.0,940.0,0.6,39.0,0.05,0.0,16.0,35.0,0.3,38.0,3.9,7.5,0.06,0.06,690.0,0.4,89.0,30.0,144.0,1.0,10.1,12.0,400.0,0.0,0.0,0.0,0.6,0.5,152.0,159.0,2.8,0.09,0.36,0.5,0.04,49.0,0.0,0.0,0.4,53.0,5.3
1.032,"Cheese, skimmed milk, matured, sharp, Gammelost",,1.4.4,https://www.matvaretabellen.no/en/cheese-skimmed-milk-matured-sharp-gammelost/,221.0,kcal,940.0,kJ,100.0,0.0,6.0,0.02,0.06,0.17,0.01,0.06,0.12,0.01,0.0,0.0,0.0,0.0,0.0,0.0,0.0,0.0,150.0,0.0,1.0,0.09,0.0,0.6,44.0,0.3,13.0,0.1,15.1,0.0,0.0,530.0,0.0,98.0,54.0,9.0,0.1,0.4,20.0,20.0,0.0,0.0,0.0,0.0,0.0,10.0,10.0,0.8,0.05,0.75,2.5,0.08,22.0,0.0,0.0,0.0,45.0,2.8
1.059,"Cheese, whey spread",,1.4.5,https://www.matvaretabellen.no/en/cheese-whey-spread/,268.0,kcal,1129.0,kJ,100.0,0.0,45.0,0.24,0.8,2.26,0.18,0.83,1.63,0.11,0.03,0.0,0.0,0.0,0.0,0.0,0.0,0.0,363.0,42.0,20.0,0.01,0.0,8.0,68.0,0.1,67.0,1.9,1.6,0.03,0.03,430.0,0.2,1233.0,7.0,70.0,0.8,5.1,6.0,320.0,0.0,9.0,9.0,42.0,0.2,74.0,77.0,1.0,0.22,1.12,0.0,0.17,32.0,0.0,0.0,0.2,43.0,0.2
1.06,"Cheese, whey spread, lean",,1.4.5,https://www.matvaretabellen.no/en/cheese-whey-spread-lean/,244.0,kcal,1032.0,kJ,100.0,0.0,24.0,0.12,0.4,1.13,0.09,0.42,0.82,0.06,0.02,0.0,0.0,0.0,0.0,0.0,0.0,0.0,341.0,45.0,10.0,0.0,0.0,4.0,68.0,0.1,71.0,1.0,1.6,0.02,0.02,399.0,0.1,1273.0,7.0,36.0,0.8,2.5,6.0,300.0,0.0,9.0,9.0,45.0,0.1,38.0,40.0,1.0,0.22,0.88,0.0,0.0,53.0,0.0,0.0,0.1,44.0,0.1
1.22,"Cheese, whey spread, with iron",,1.4.5,https://www.matvaretabellen.no/en/cheese-whey-spread-with-iron/,272.0,kcal,1146.0,kJ,100.0,0.0,47.0,0.24,0.8,2.26,0.18,0.83,1.63,0.11,0.03,0.0,0.0,0.0,0.0,0.0,0.0,0.0,343.0,43.0,20.0,0.0,0.0,8.0,68.0,10.0,70.0,1.9,1.6,0.03,0.03,398.0,0.2,1256.0,7.0,72.0,0.8,5.1,6.0,300.0,0.0,9.0,9.0,43.0,0.2,76.0,79.0,1.0,0.22,0.87,0.0,0.0,52.0,0.0,0.0,0.2,42.0,0.1
1.055,"Cheese, whey, cow and goat milk",,1.4.5,https://www.matvaretabellen.no/en/cheese-whey-cow-and-goat-milk/,412.0,kcal,1716.0,kJ,100.0,0.0,123.0,0.84,2.8,7.92,0.64,2.91,5.71,0.39,0.11,0.0,0.0,0.0,0.0,0.0,0.0,0.0,460.0,30.0,69.0,0.02,0.0,28.0,164.0,0.0,71.0,6.8,2.6,0.11,0.11,510.0,0.6,1221.0,10.0,244.0,0.8,17.7,10.0,300.0,0.0,0.0,0.0,30.0,0.8,254.0,264.0,1.3,0.14,1.06,0.3,0.06,25.0,0.0,0.0,0.7,32.0,0.8
1.072,"Cheese, whey, cow and goat milk, low-fat",,1.4.5,https://www.matvaretabellen.no/en/cheese-whey-cow-and-goat-milk-low-fat/,360.0,kcal,1510.0,kJ,100.0,0.0,66.0,0.48,1.6,4.53,0.37,1.66,3.26,0.22,0.06,0.0,0.0,0.0,0.0,0.0,0.0,0.0,594.0,42.0,39.0,0.02,0.0,16.0,189.0,0.8,92.0,3.9,2.8,0.06,0.06,605.0,0.4,1519.0,12.0,140.0,0.9,10.1,13.0,360.0,0.0,0.0,0.0,42.0,0.5,146.0,151.0,1.5,0.16,1.09,0.0,0.0,39.0,0.0,0.0,0.4,30.0,1.0
1.053,"Cheese, whey, cow milk",,1.4.5,https://www.matvaretabellen.no/en/cheese-whey-cow-milk/,406.0,kcal,1693.0,kJ,100.0,0.0,149.0,0.78,2.6,7.36,0.6,2.7,5.3,0.36,0.1,0.0,0.0,0.0,0.0,0.0,0.0,0.0,540.0,32.0,64.0,0.02,0.0,26.0,134.0,0.2,79.0,6.3,2.6,0.1,0.1,603.0,0.6,1410.0,11.0,234.0,0.9,16.5,7.0,340.0,0.0,0.0,0.0,32.0,0.8,246.0,258.0,1.9,0.18,1.01,0.0,0.05,51.0,0.0,0.0,0.0,31.0,1.1
1.054,"Cheese, whey, cow milk, low-fat",,1.4.5,https://www.matvaretabellen.no/en/cheese-whey-cow-milk-low-fat/,356.0,kcal,1493.0,kJ,100.0,0.0,96.0,0.48,1.6,4.53,0.37,1.66,3.26,0.22,0.06,0.0,0.0,0.0,0.0,0.0,0.0,0.0,553.0,41.0,39.0,0.01,0.0,16.0,154.0,0.7,87.0,3.9,2.8,0.06,0.06,565.0,0.4,1452.0,12.0,147.0,0.9,10.1,8.0,360.0,0.0,0.0,0.0,41.0,0.5,155.0,163.0,1.5,0.19,1.05,0.0,0.0,39.0,0.0,0.0,0.4,31.0,1.0
1.052,"Cheese, whey, goat milk",,1.4.5,https://www.matvaretabellen.no/en/cheese-whey-goat-milk/,411.0,kcal,1713.0,kJ,100.0,0.0,0.0,0.85,2.25,7.94,0.45,3.43,5.76,0.48,0.09,0.0,0.0,0.0,0.0,0.0,0.0,0.0,553.0,29.0,80.0,0.03,0.0,27.0,307.0,0.2,95.0,6.3,3.0,0.09,0.5,747.0,0.6,1700.0,13.0,339.0,0.8,17.4,6.0,330.0,0.0,0.0,0.0,29.0,0.7,339.0,339.0,0.7,0.15,1.47,0.0,0.01,9.0,0.0,0.0,0.9,31.0,1.3
1.186,"Cheese, whey, unspecified",,1.4.5,https://www.matvaretabellen.no/en/cheese-whey-unspecified/,410.0,kcal,1707.3333333333333,kJ,100.0,0.0,91.0,0.82,2.55,7.74,0.56,3.01,5.59,0.41,0.1,0.0,0.0,0.0,0.0,0.0,0.0,0.0,518.0,30.3,71.0,0.02,0.0,27.0,202.0,0.2,82.0,6.5,2.8,0.1,0.24,620.0,0.6,1444.0,11.3,272.0,0.8,17.2,8.0,323.0,0.0,0.0,0.0,30.3,0.8,280.0,287.0,1.3,0.16,1.18,0.2,0.04,28.0,0.0,,0.8,31.0,1.1
1.185,"Cheese, white, unspecified",,1.4.7,https://www.matvaretabellen.no/en/cheese-white-unspecified/,348.0,kcal,1444.77,kJ,100.0,0.0,18.0,0.8,2.67,7.55,0.61,2.77,5.44,0.37,0.11,0.0,0.0,0.0,0.0,0.0,0.0,0.0,818.0,0.0,65.0,0.04,0.0,26.7,30.0,0.2,33.0,6.4,6.8,0.11,0.11,595.0,0.6,76.0,26.9,125.0,1.2,16.9,11.0,486.0,0.0,0.0,0.0,0.0,0.8,127.0,128.0,2.4,0.09,0.3,0.5,0.03,43.0,,,0.5,46.0,4.6
1.282,"Cheese, Østavind",,1.4.7,https://www.matvaretabellen.no/en/cheese-ostavind/,396.0,kcal,1643.0,kJ,100.0,0.0,146.0,0.96,3.2,9.06,0.74,3.33,6.53,0.45,0.13,0.0,0.0,0.0,0.0,0.0,0.0,0.0,675.0,0.0,79.0,0.0,0.0,32.0,15.0,0.0,0.0,7.7,6.3,0.13,0.13,460.0,0.7,0.0,27.0,260.0,1.0,20.3,10.0,400.0,0.0,0.0,0.0,0.0,1.0,272.0,284.0,3.6,0.0,0.17,0.0,0.0,31.0,0.0,0.0,0.0,41.0,4.0
10.215,"Cheeze doodles, with lentils",,10.5,https://www.matvaretabellen.no/en/cheeze-doodles-with-lentils/,512.0,kcal,2136.4,kJ,100.0,0.0,321.0,0.2,0.6,2.7,0.1,1.5,20.2,2.5,0.5,0.0,0.0,0.0,0.0,0.0,0.0,0.0,170.0,40.2,20.0,0.26,6.0,30.8,1.0,1.6,35.0,20.5,3.6,0.5,2.5,360.0,2.9,560.0,15.8,51.0,1.9,5.9,11.0,750.0,36.4,1.0,1.0,3.8,0.0,78.0,104.0,0.2,0.11,0.23,1.0,0.34,23.0,0.0,0.0,12.1,8.0,1.8
6.595,"Cherimoya, raw",Annona cherimola Mill.,13.2,https://www.matvaretabellen.no/en/cherimoya-raw/,70.0,kcal,295.0,kJ,69.0,0.0,2.0,0.01,0.01,0.1,0.03,0.05,0.02,0.03,0.16,0.0,0.0,0.0,0.0,0.0,0.0,0.0,10.0,12.9,0.0,0.07,3.0,0.7,0.1,0.3,17.0,0.1,0.9,0.16,0.03,26.0,0.2,287.0,1.6,0.0,0.0,0.2,1.0,7.0,0.0,0.0,0.0,12.9,0.0,0.0,0.0,0.0,0.1,0.13,0.6,0.26,23.0,13.0,0.0,0.3,82.0,0.2
6.506,"Cherries, raw",Prunus cerasus L.,13.1,https://www.matvaretabellen.no/en/cherries-raw/,41.0,kcal,174.0,kJ,86.0,0.0,178.0,0.0,0.0,0.0,0.0,0.0,0.0,0.0,0.0,0.0,0.0,0.0,0.0,0.0,0.0,0.0,18.0,9.0,0.0,0.1,1.0,0.0,0.5,0.3,13.0,0.0,0.3,0.0,0.0,25.0,0.0,220.0,0.7,0.0,0.0,0.0,0.0,0.0,0.0,0.0,0.0,9.0,0.0,15.0,29.0,0.0,0.04,0.02,0.2,0.03,4.0,4.0,0.0,0.6,89.0,0.1
6.507,"Cherries, sweet, raw",Prunus avium (L.) L.,13.1,https://www.matvaretabellen.no/en/cherries-sweet-raw/,52.0,kcal,222.0,kJ,89.0,0.0,61.0,0.0,0.0,0.01,0.0,0.0,0.02,0.01,0.01,0.0,0.0,0.0,0.0,0.0,0.0,0.0,14.0,11.3,0.0,0.08,1.0,0.1,0.5,0.2,10.0,0.0,0.3,0.01,0.01,23.0,0.0,214.0,0.9,0.0,0.0,0.0,0.0,0.0,0.0,0.0,0.0,11.3,0.0,5.0,10.0,0.0,0.03,0.01,0.1,0.03,11.0,9.0,0.0,0.3,86.0,0.1
6.809,Cherry jam,,13.3,https://www.matvaretabellen.no/en/cherry-jam/,176.0,kcal,749.0,kJ,100.0,0.0,61.0,0.0,0.0,0.0,0.0,0.0,0.0,0.0,0.0,0.0,0.0,0.0,0.0,0.0,0.0,0.0,7.0,43.6,0.0,0.04,0.4,0.0,0.2,0.1,5.0,0.0,0.1,0.0,0.0,10.0,0.0,80.0,0.3,0.0,0.0,0.0,0.0,0.0,0.0,40.0,40.0,43.6,0.0,5.0,10.0,0.0,0.01,0.01,0.07,0.01,1.0,1.0,0.0,0.2,56.0,0.0
6.039,"Chestnuts, roasted",Castanea sativa Mill.,14.2,https://www.matvaretabellen.no/en/chestnuts-roasted/,184.0,kcal,776.0,kJ,63.0,0.0,14.0,0.0,0.01,0.38,0.02,0.02,0.75,0.8,0.1,0.0,0.0,0.0,0.0,0.0,0.0,0.0,29.0,34.0,0.0,0.51,8.0,2.2,0.1,0.9,33.0,0.8,1.8,0.1,0.8,107.0,0.9,592.0,3.2,0.0,0.0,0.4,1.0,2.0,27.0,0.0,0.0,7.0,0.0,1.0,2.0,0.0,0.24,0.18,1.3,0.5,70.0,26.0,0.0,0.5,53.0,0.6
9.129,"Chewing gum, with sugar",,7.2,https://www.matvaretabellen.no/en/chewing-gum-with-sugar/,326.0,kcal,1383.8,kJ,100.0,0.0,0.0,0.0,0.0,0.0,0.0,0.0,0.0,0.0,0.0,0.0,0.0,0.0,0.0,0.0,0.0,0.0,0.0,81.0,0.0,0.0,0.0,0.0,0.0,0.0,0.0,0.0,0.1,0.0,0.0,0.0,0.0,2.0,0.4,0.0,0.0,0.0,0.0,1.0,0.0,81.0,81.0,81.0,0.0,0.0,0.0,0.0,0.0,0.0,0.0,0.0,0.0,0.0,0.0,0.0,19.0,0.0
5.38,"Chia seeds, dried",Salvia hispanica,14.1,https://www.matvaretabellen.no/en/chia-seeds-dried/,482.0,kcal,1986.2,kJ,100.0,0.0,0.0,0.0,0.0,2.06,0.03,1.0,2.11,5.62,19.25,0.0,0.0,0.0,0.0,0.0,0.0,0.0,545.0,1.8,0.0,1.6,41.0,34.2,0.0,6.5,320.0,2.1,7.7,19.25,5.62,645.0,24.9,640.0,21.4,0.0,0.0,3.1,10.0,0.0,0.0,0.0,0.0,1.8,0.0,0.0,0.0,0.0,0.47,0.2,4.1,0.14,71.0,2.0,0.0,0.0,2.0,5.1
6.213,"Chick peas, boiled",Cicer arietinum L. ,12,https://www.matvaretabellen.no/en/chick-peas-boiled/,105.0,kcal,440.0,kJ,100.0,0.0,0.0,0.0,0.0,0.18,0.0,0.03,0.48,0.92,0.04,0.0,0.0,0.0,0.0,0.0,0.0,0.0,39.0,9.8,0.0,0.2,8.0,2.2,0.0,1.6,44.0,0.4,1.9,0.04,0.92,124.0,1.0,299.0,7.4,0.0,0.0,0.2,2.0,1.0,8.7,0.0,0.0,1.2,0.0,0.0,0.0,0.0,0.1,0.03,0.4,0.14,36.0,0.0,0.0,0.8,72.0,1.1
3.242,"Chicken fillet, fried in fat","Gallus gallus (Linnaeus, 1758)",3.1,https://www.matvaretabellen.no/en/chicken-fillet-fried-in-fat/,153.0,kcal,646.0,kJ,100.0,0.0,5.0,0.11,0.1,0.57,0.06,0.31,1.8,0.75,0.14,0.0,0.01,0.0,0.04,0.0,0.01,0.02,5.0,0.0,54.0,0.03,0.0,4.7,0.8,0.4,31.0,1.9,17.0,0.18,0.81,261.0,1.0,432.0,27.7,16.0,0.2,1.3,12.0,70.0,0.0,0.0,0.0,0.0,0.0,16.0,16.0,0.2,0.2,0.16,9.4,0.5,6.0,4.0,0.3,0.7,68.0,0.8
3.481,"Chicken fillet, fried without fat","Gallus gallus (Linnaeus, 1758)",3.1,https://www.matvaretabellen.no/en/chicken-fillet-fried-without-fat/,134.0,kcal,568.0,kJ,100.0,0.0,0.0,0.0,0.01,0.3,0.05,0.13,0.53,0.29,0.03,0.0,0.01,0.0,0.05,0.01,0.02,0.02,5.0,0.0,54.0,0.03,0.0,2.0,0.6,0.4,31.0,0.6,17.5,0.07,0.37,253.0,0.4,346.0,29.1,7.0,0.1,0.5,13.0,59.0,0.0,0.0,0.0,0.0,0.0,7.0,7.0,0.2,0.18,0.15,9.7,0.57,7.0,3.0,0.0,0.7,69.0,0.8
3.307,"Chicken nuggets, deep fried, fast food restaurant","Gallus gallus (Linnaeus, 1758)",3.5,https://www.matvaretabellen.no/en/chicken-nuggets-deep-fried-fast-food-restaurant/,261.0,kcal,1094.598402150389,kJ,100.0,0.0,27.0,0.01,0.01,0.85,0.03,0.33,4.8,4.26,0.43,0.0,0.0,0.0,0.02,0.0,0.01,0.01,21.0,22.1,24.0,0.07,2.0,11.6,0.4,0.9,33.0,4.9,7.6,0.47,4.3,162.0,4.8,237.0,16.0,3.0,1.2,1.3,6.0,482.0,21.6,0.1,0.1,0.4,0.0,5.0,7.0,0.1,0.15,0.1,4.8,0.3,11.0,2.0,0.0,5.1,48.0,0.7
3.32,"Chicken nuggets, deep fried, industrially made","Gallus gallus (Linnaeus, 1758)",3.5,https://www.matvaretabellen.no/en/chicken-nuggets-deep-fried-industrially-made/,211.0,kcal,884.0,kJ,100.0,0.0,31.0,0.0,0.04,1.41,0.29,0.48,3.65,2.55,0.26,0.0,0.01,0.0,0.05,0.0,0.01,0.0,42.0,15.9,49.0,0.06,1.0,9.2,1.0,1.3,29.0,4.0,5.9,0.28,2.15,141.0,2.9,212.0,15.4,13.0,1.4,2.0,10.0,573.0,14.3,1.2,1.2,1.7,0.0,16.0,18.0,0.1,0.11,0.18,3.1,0.2,12.0,4.0,0.1,2.8,58.0,1.5
3.331,"Chicken, drumstick, with skin, raw","Gallus gallus (Linnaeus, 1758)",3.1,https://www.matvaretabellen.no/en/chicken-drumstick-with-skin-raw/,149.0,kcal,623.0,kJ,69.0,0.0,0.0,0.0,0.06,1.9,0.45,0.59,3.34,1.81,0.15,0.0,0.01,0.0,0.08,0.0,0.02,0.01,9.0,0.0,67.0,0.05,0.0,9.0,2.0,0.6,22.0,3.8,7.4,0.18,1.95,171.0,2.2,279.0,17.2,21.0,0.2,2.5,11.0,95.0,0.0,0.0,0.0,0.0,0.0,21.0,21.0,0.2,0.17,0.19,4.2,0.28,8.0,3.0,0.2,1.3,74.0,1.7
3.395,"Chicken, drumstick, with skin, roasted","Gallus gallus (Linnaeus, 1758)",3.1,https://www.matvaretabellen.no/en/chicken-drumstick-with-skin-roasted/,161.0,kcal,675.0,kJ,68.0,0.0,0.0,0.0,0.06,1.78,0.42,0.56,3.13,1.69,0.14,0.0,0.01,0.0,0.08,0.0,0.02,0.01,11.0,0.0,83.0,0.04,0.0,8.4,3.0,0.8,22.0,3.6,9.2,0.16,1.83,171.0,2.0,210.0,21.5,20.0,0.3,2.4,14.0,101.0,0.0,0.0,0.0,0.0,0.0,20.0,20.0,0.2,0.13,0.21,4.2,0.21,6.0,3.0,0.2,1.3,70.0,2.1
3.334,"Chicken, drumstick, without skin, raw","Gallus gallus (Linnaeus, 1758)",3.1,https://www.matvaretabellen.no/en/chicken-drumstick-without-skin-raw/,115.0,kcal,481.0,kJ,66.0,0.0,0.0,0.0,0.03,0.9,0.23,0.3,1.58,0.92,0.07,0.0,0.01,0.0,0.08,0.01,0.02,0.01,10.0,0.0,63.0,0.06,0.0,4.7,1.0,0.6,23.0,1.8,7.5,0.1,1.05,177.0,1.2,292.0,18.0,16.0,0.3,1.2,12.0,100.0,0.0,0.0,0.0,0.0,0.0,16.0,16.0,0.2,0.18,0.2,4.2,0.31,8.0,3.0,0.0,1.2,77.0,1.8
3.396,"Chicken, drumstick, without skin, roasted","Gallus gallus (Linnaeus, 1758)",3.1,https://www.matvaretabellen.no/en/chicken-drumstick-without-skin-roasted/,146.0,kcal,612.0,kJ,65.0,0.0,0.0,0.0,0.04,1.3,0.32,0.42,2.29,1.26,0.1,0.0,0.01,0.0,0.08,0.0,0.01,0.01,11.0,0.0,76.0,0.04,0.0,6.2,1.0,0.8,23.0,2.7,9.6,0.13,0.57,184.0,1.5,225.0,22.5,18.0,0.3,1.8,15.0,104.0,0.0,0.0,0.0,0.0,0.0,18.0,18.0,0.2,0.14,0.23,4.4,0.24,6.0,3.0,0.0,1.2,71.0,2.0
3.418,"Chicken, fillet, simmered","Gallus gallus (Linnaeus, 1758)",3.1,https://www.matvaretabellen.no/en/chicken-fillet-simmered/,135.0,kcal,571.0,kJ,100.0,0.0,0.0,0.0,0.01,0.25,0.04,0.11,0.44,0.25,0.02,0.0,0.01,0.0,0.04,0.0,0.01,0.02,5.0,0.0,62.0,0.02,0.0,1.6,0.7,0.4,32.0,0.5,20.0,0.06,0.31,254.0,0.4,226.0,30.0,6.0,0.1,0.4,15.0,33.0,0.0,0.0,0.0,0.0,0.0,6.0,6.0,0.2,0.19,0.18,8.3,0.65,7.0,4.0,0.0,0.5,68.0,0.9
3.205,"Chicken, fillet, without skin, raw","Gallus gallus (Linnaeus, 1758)",3.1,https://www.matvaretabellen.no/en/chicken-fillet-without-skin-raw/,111.0,kcal,467.0,kJ,100.0,0.0,0.0,0.0,0.01,0.32,0.05,0.14,0.56,0.31,0.03,0.0,0.01,0.0,0.05,0.01,0.02,0.02,4.0,0.0,43.0,0.03,0.0,2.1,0.5,0.4,32.0,0.6,13.8,0.07,0.39,250.0,0.5,390.0,23.0,7.0,0.1,0.5,10.0,56.0,0.0,0.0,0.0,0.0,0.0,7.0,7.0,0.3,0.24,0.13,9.6,0.74,10.0,3.0,0.0,0.7,75.0,0.6
3.225,"Chicken, leg (thigh and drumstick), with skin, raw","Gallus gallus (Linnaeus, 1758)",3.1,https://www.matvaretabellen.no/en/chicken-leg-thigh-and-drumstick-with-skin-raw/,177.0,kcal,737.0,kJ,78.0,0.0,0.0,0.0,0.08,2.69,0.63,0.87,4.72,2.5,0.21,0.0,0.02,0.0,0.09,0.0,0.02,0.01,9.0,0.0,64.0,0.05,0.0,12.1,1.0,0.6,22.0,5.4,7.3,0.23,1.93,173.0,2.9,278.0,16.9,25.0,0.2,3.6,12.0,92.0,0.0,0.0,0.0,0.0,0.0,25.0,25.0,0.2,0.17,0.19,4.2,0.29,8.0,3.0,0.3,1.4,71.0,1.5
3.244,"Chicken, leg (thigh and drumstick), with skin, roasted","Gallus gallus (Linnaeus, 1758)",3.1,https://www.matvaretabellen.no/en/chicken-leg-thigh-and-drumstick-with-skin-roasted/,187.0,kcal,781.0,kJ,77.0,0.0,0.0,0.0,0.08,2.52,0.59,0.82,4.42,2.34,0.2,0.0,0.02,0.0,0.09,0.0,0.02,0.01,11.0,0.0,79.0,0.04,0.0,11.4,2.0,0.8,22.0,5.1,9.1,0.22,1.81,173.0,2.7,208.0,21.1,23.0,0.2,3.4,15.0,98.0,0.0,0.0,0.0,0.0,0.0,23.0,23.0,0.2,0.13,0.21,4.2,0.22,6.0,3.0,0.2,1.4,68.0,1.9
3.332,"Chicken, leg (thigh and drumstick), without skin, raw","Gallus gallus (Linnaeus, 1758)",3.1,https://www.matvaretabellen.no/en/chicken-leg-thigh-and-drumstick-without-skin-raw/,131.0,kcal,550.0,kJ,74.0,0.0,0.0,0.0,0.04,1.39,0.34,0.44,2.44,1.35,0.11,0.0,0.02,0.0,0.09,0.0,0.02,0.01,9.0,0.0,60.0,0.06,0.0,6.6,1.0,0.7,23.0,2.8,7.7,0.13,0.6,184.0,1.6,300.0,18.0,19.0,0.2,1.9,12.0,98.0,0.0,0.0,0.0,0.0,0.0,19.0,19.0,0.2,0.19,0.21,4.4,0.32,8.0,3.0,0.0,1.2,75.0,1.6
3.392,"Chicken, leg (thigh and drumstick), without skin, roasted","Gallus gallus (Linnaeus, 1758)",3.1,https://www.matvaretabellen.no/en/chicken-leg-thigh-and-drumstick-without-skin-roasted/,146.0,kcal,612.0,kJ,74.0,0.0,0.0,0.0,0.04,1.3,0.32,0.42,2.29,1.26,0.1,0.0,0.01,0.0,0.08,0.0,0.01,0.01,11.0,0.0,76.0,0.04,0.0,6.2,1.0,0.8,23.0,2.7,9.6,0.13,0.57,184.0,1.5,225.0,22.5,18.0,0.3,1.8,15.0,104.0,0.0,0.0,0.0,0.0,0.0,18.0,18.0,0.2,0.14,0.23,4.4,0.24,6.0,3.0,0.0,1.2,71.0,2.0
3.366,"Chicken, minced meat, 8 % fat, raw","Gallus gallus (Linnaeus, 1758)",3.8,https://www.matvaretabellen.no/en/chicken-minced-meat-8-fat-raw/,145.0,kcal,605.0,kJ,100.0,0.0,0.0,0.0,0.06,1.6,0.36,0.53,2.84,1.62,0.15,0.0,0.01,0.0,0.08,0.01,0.02,0.02,23.0,0.0,52.0,0.05,0.0,8.1,0.5,0.7,26.0,3.2,8.4,0.2,1.75,215.0,2.0,327.0,18.0,21.0,0.2,2.2,13.0,66.0,0.0,0.0,0.0,0.0,0.0,21.0,21.0,0.3,0.2,0.2,5.1,0.35,12.0,2.0,0.0,1.1,74.0,1.5
3.478,"Chicken, minced meat, fried without fat","Gallus gallus (Linnaeus, 1758)",3.8,https://www.matvaretabellen.no/en/chicken-minced-meat-fried-without-fat/,174.0,kcal,731.0,kJ,100.0,0.0,0.0,0.0,0.08,2.19,0.38,0.72,3.04,1.73,0.17,0.0,0.02,0.0,0.08,0.01,0.02,0.02,31.0,0.0,71.0,0.07,0.0,8.6,0.7,0.9,30.0,3.5,11.5,0.21,1.87,250.0,2.1,345.0,24.2,23.0,0.2,2.4,17.0,77.0,0.0,0.0,0.0,0.0,0.0,23.0,23.0,0.3,0.19,0.24,5.7,0.31,12.0,2.0,0.0,1.2,67.0,2.0
3.39,"Chicken, skin, raw","Gallus gallus (Linnaeus, 1758)",3.1,https://www.matvaretabellen.no/en/chicken-skin-raw/,383.0,kcal,1582.5175,kJ,100.0,0.0,0.0,0.0,0.27,8.58,1.93,2.55,15.1,7.73,0.66,0.0,0.04,0.0,0.1,0.0,0.0,0.0,7.0,0.0,88.0,0.03,0.0,37.4,22.0,0.6,14.0,17.2,5.9,0.68,7.98,127.0,8.7,195.0,11.7,56.0,0.2,11.5,11.0,61.0,0.0,0.0,0.0,0.0,0.0,56.0,56.0,0.4,0.08,0.08,3.8,0.11,8.0,2.0,1.7,2.1,51.0,0.9
3.33,"Chicken, thigh (leg without drumstick), with skin, raw","Gallus gallus (Linnaeus, 1758)",3.1,https://www.matvaretabellen.no/en/chicken-thigh-leg-without-drumstick-with-skin-raw/,194.0,kcal,807.0,kJ,85.0,0.0,0.0,0.0,0.1,3.19,0.75,0.97,5.61,2.95,0.25,0.0,0.02,0.0,0.09,0.0,0.02,0.0,9.0,0.0,64.0,0.05,0.0,14.1,2.0,0.7,22.0,6.4,7.6,0.26,3.12,177.0,3.4,285.0,16.7,28.0,0.2,4.3,12.0,89.0,0.0,0.0,0.0,0.0,0.0,28.0,28.0,0.3,0.17,0.18,4.5,0.3,8.0,3.0,0.3,1.4,69.0,1.3
3.393,"Chicken, thigh (leg without drumstick), with skin, roasted","Gallus gallus (Linnaeus, 1758)",3.1,https://www.matvaretabellen.no/en/chicken-thigh-leg-without-drumstick-with-skin-roasted/,203.0,kcal,845.0,kJ,85.0,0.0,0.0,0.0,0.1,2.99,0.7,0.91,5.26,2.76,0.23,0.0,0.02,0.0,0.09,0.0,0.02,0.0,10.0,0.0,80.0,0.04,0.0,13.2,3.0,0.8,22.0,6.0,9.5,0.25,2.92,177.0,3.2,214.0,20.9,26.0,0.2,4.0,15.0,95.0,0.0,0.0,0.0,0.0,0.0,26.0,26.0,0.2,0.13,0.2,4.5,0.22,6.0,3.0,0.3,1.4,66.0,1.6
3.333,"Chicken, thigh (leg without drumstick), without skin, raw","Gallus gallus (Linnaeus, 1758)",3.1,https://www.matvaretabellen.no/en/chicken-thigh-leg-without-drumstick-without-skin-raw/,147.0,kcal,615.0,kJ,82.0,0.0,0.0,0.0,0.06,1.84,0.45,0.58,3.24,1.75,0.14,0.0,0.02,0.0,0.09,0.0,0.02,0.01,9.0,0.0,58.0,0.06,0.0,8.3,1.0,0.7,24.0,3.7,7.9,0.16,1.9,190.0,2.1,307.0,18.0,21.0,0.2,2.5,13.0,96.0,0.0,0.0,0.0,0.0,0.0,21.0,21.0,0.2,0.19,0.21,4.6,0.34,8.0,3.0,0.0,1.3,74.0,1.4
3.394,"Chicken, thigh (leg without drumstick), without skin, roasted","Gallus gallus (Linnaeus, 1758)",3.1,https://www.matvaretabellen.no/en/chicken-thigh-leg-without-drumstick-without-skin-roasted/,160.0,kcal,672.0,kJ,82.0,0.0,0.0,0.0,0.05,1.72,0.42,0.54,3.04,1.64,0.13,0.0,0.02,0.0,0.08,0.0,0.02,0.01,11.0,0.0,72.0,0.04,0.0,7.8,1.0,0.8,24.0,3.5,9.9,0.15,1.78,190.0,1.9,231.0,22.5,20.0,0.3,2.3,16.0,102.0,0.0,0.0,0.0,0.0,0.0,20.0,20.0,0.2,0.14,0.23,4.6,0.26,6.0,3.0,0.0,1.3,70.0,1.8
3.391,"Chicken, with skin, landkylling, roasted","Gallus gallus (Linnaeus, 1758)",3.1,https://www.matvaretabellen.no/en/chicken-with-skin-landkylling-roasted/,193.0,kcal,807.0,kJ,,0.0,0.0,0.0,0.04,2.09,0.45,0.54,3.96,1.58,0.17,0.0,0.02,0.0,0.07,0.0,0.01,0.0,8.0,0.0,56.0,0.02,0.0,10.3,5.0,0.5,26.0,4.5,13.2,0.18,1.72,200.0,1.9,248.0,25.0,25.0,0.2,2.7,19.0,70.0,0.0,0.0,0.0,0.0,0.0,25.0,25.0,0.3,0.08,0.14,6.9,0.36,5.0,3.0,0.0,1.0,65.0,1.4
3.006,"Chicken, with skin, raw","Gallus gallus (Linnaeus, 1758)",3.1,https://www.matvaretabellen.no/en/chicken-with-skin-raw/,162.0,kcal,676.0,kJ,71.0,0.0,0.0,0.0,0.07,2.27,0.51,0.7,3.96,2.07,0.17,0.0,0.02,0.0,0.07,0.0,0.01,0.01,9.0,0.0,68.0,0.04,0.0,9.9,4.0,0.5,24.0,4.6,10.0,0.2,1.93,187.0,2.4,302.0,18.3,23.0,0.2,3.1,11.0,76.0,0.0,0.0,0.0,0.0,0.0,23.0,23.0,0.3,0.17,0.14,6.6,0.44,6.0,4.0,0.4,1.2,72.0,1.0
3.373,"Chicken, with skin, raw, landkylling","Gallus gallus (Linnaeus, 1758)",3.1,https://www.matvaretabellen.no/en/chicken-with-skin-raw-landkylling/,179.0,kcal,747.0,kJ,71.0,0.0,0.0,0.0,0.05,2.23,0.48,0.57,4.23,1.68,0.18,0.0,0.02,0.0,0.08,0.0,0.02,0.0,7.0,0.0,45.0,0.03,0.0,11.0,4.0,0.5,26.0,4.8,10.6,0.19,1.83,200.0,2.0,330.0,20.0,27.0,0.2,2.9,15.0,66.0,0.0,0.0,0.0,0.0,0.0,27.0,27.0,0.3,0.11,0.12,6.9,0.48,7.0,3.0,0.0,1.0,69.0,1.1
3.007,"Chicken, with skin, roasted","Gallus gallus (Linnaeus, 1758)",3.1,https://www.matvaretabellen.no/en/chicken-with-skin-roasted/,175.0,kcal,731.0,kJ,73.0,0.0,0.0,0.0,0.07,2.13,0.47,0.66,3.72,1.94,0.16,0.0,0.02,0.0,0.06,0.0,0.01,0.01,10.0,0.0,85.0,0.03,0.0,9.3,5.0,0.6,24.0,4.3,12.4,0.19,1.81,187.0,2.2,226.0,22.8,21.0,0.2,2.9,13.0,81.0,0.0,0.0,0.0,0.0,0.0,21.0,21.0,0.2,0.13,0.16,6.6,0.33,5.0,4.0,0.3,1.2,68.0,1.2
3.292,"Chicken, without skin, raw","Gallus gallus (Linnaeus, 1758)",3.1,https://www.matvaretabellen.no/en/chicken-without-skin-raw/,107.0,kcal,452.0,kJ,66.0,0.0,0.0,0.0,0.02,0.69,0.15,0.25,1.18,0.66,0.05,0.0,0.01,0.0,0.06,0.0,0.01,0.01,9.0,0.0,62.0,0.04,0.0,3.0,1.0,0.5,27.0,1.4,11.1,0.08,0.77,203.0,0.8,330.0,20.0,14.0,0.2,1.0,11.0,81.0,0.0,0.0,0.0,0.0,0.0,14.0,14.0,0.2,0.19,0.16,7.4,0.53,6.0,4.0,0.0,0.9,76.0,1.0
3.246,"Chicken, without skin, roasted","Gallus gallus (Linnaeus, 1758)",3.1,https://www.matvaretabellen.no/en/chicken-without-skin-roasted/,134.0,kcal,566.0,kJ,70.0,0.0,0.0,0.0,0.03,0.87,0.19,0.31,1.48,0.83,0.06,0.0,0.02,0.0,0.08,0.01,0.01,0.01,11.0,0.0,78.0,0.05,0.0,3.8,1.0,0.6,34.0,1.7,13.8,0.1,0.96,253.0,1.1,413.0,25.0,17.0,0.3,1.2,13.0,101.0,0.0,0.0,0.0,0.0,0.0,17.0,17.0,0.3,0.24,0.2,9.3,0.66,7.0,5.0,0.0,1.2,71.0,1.2
6.032,"Chicory, endive, raw",Cichorium endivia L.,6.2,https://www.matvaretabellen.no/en/chicory-endive-raw/,13.0,kcal,55.0,kJ,86.0,0.0,48.0,0.0,0.0,0.02,0.0,0.0,0.0,0.04,0.01,0.0,0.0,0.0,0.0,0.0,0.0,0.0,22.0,1.0,0.0,0.01,2.0,0.1,1.0,0.5,7.0,0.0,0.7,0.01,0.04,21.0,0.0,187.0,1.0,0.0,0.0,0.0,1.0,2.0,0.0,0.0,0.0,1.0,0.0,4.0,8.0,0.0,0.07,0.14,0.5,0.05,140.0,4.0,0.0,0.1,96.0,0.2
6.123,"Chicory, raddichio, raw",Chichorium intybus L.,6.2,https://www.matvaretabellen.no/en/chicory-raddichio-raw/,18.0,kcal,76.0,kJ,91.0,0.0,0.0,0.0,0.0,0.05,0.0,0.0,0.01,0.09,0.02,0.0,0.0,0.0,0.0,0.0,0.0,0.0,22.0,1.7,0.0,0.04,2.0,0.3,0.7,0.3,9.0,0.0,0.5,0.02,0.09,38.0,0.1,320.0,1.4,0.0,0.0,0.1,1.0,7.0,0.0,0.0,0.0,1.7,0.0,0.0,0.0,0.0,0.09,0.15,0.3,0.08,15.0,5.0,0.0,2.3,95.0,0.2
6.061,"Chicory, raw",Cichorium intybus L.,6.2,https://www.matvaretabellen.no/en/chicory-raw/,15.0,kcal,64.0,kJ,80.0,0.0,120.0,0.0,0.01,0.15,0.0,0.01,0.01,0.27,0.05,0.0,0.0,0.0,0.0,0.0,0.0,0.0,21.0,0.9,0.0,0.05,2.0,0.6,1.0,0.4,6.0,0.0,0.2,0.05,0.28,27.0,0.3,170.0,0.5,0.0,0.0,0.2,,1.0,0.2,0.0,0.0,0.7,0.0,10.0,20.0,0.0,0.14,0.0,0.1,0.01,14.0,5.0,0.0,0.1,96.0,0.2
3.462,Chili con carne,,3.7,https://www.matvaretabellen.no/en/chili-con-carne/,93.0,kcal,388.0,kJ,100.0,0.0,215.0,0.02,0.13,1.0,0.14,0.59,1.49,0.56,0.06,0.0,0.0,0.0,0.01,0.0,0.0,0.0,23.0,4.2,20.0,0.09,4.0,4.4,2.0,1.3,18.0,1.8,3.2,0.06,0.56,75.0,0.7,189.0,7.3,7.0,0.4,1.8,3.0,151.0,1.3,0.2,0.2,2.8,,25.0,42.0,0.5,0.05,0.1,1.0,0.13,13.0,15.0,0.1,1.1,81.0,1.6
6.152,Chili powder,Capsicum spp.,16,https://www.matvaretabellen.no/en/chili-powder/,312.0,kcal,1288.88,kJ,100.0,0.0,15000.0,0.08,0.19,1.62,0.08,0.4,3.12,7.47,0.52,0.0,0.0,0.0,0.0,0.0,0.0,0.0,330.0,14.9,0.0,1.0,35.0,14.3,0.5,17.3,149.0,3.2,13.9,0.52,7.49,300.0,8.0,1950.0,13.5,0.0,7.2,2.5,20.0,2867.0,7.7,0.0,0.0,7.2,0.0,1250.0,2500.0,0.0,0.25,0.94,11.6,2.09,28.0,1.0,0.0,38.1,23.0,4.3
10.177,"Chili sauce, sweet",,10.11,https://www.matvaretabellen.no/en/chili-sauce-sweet/,205.0,kcal,866.0,kJ,100.0,0.0,237.0,0.0,0.0,0.2,0.0,0.1,0.7,0.9,0.2,0.0,0.0,0.0,0.0,0.0,0.0,0.0,13.0,43.3,0.0,,1.0,2.9,2.0,0.7,10.0,0.7,0.6,0.2,0.9,14.0,1.2,130.0,0.8,0.0,2.9,0.3,0.0,1176.0,0.0,43.3,43.3,43.3,0.0,20.0,39.0,0.0,0.02,0.03,0.5,0.14,13.0,1.0,0.0,1.2,52.0,0.1
13.096,Chilli nuts,,10.5,https://www.matvaretabellen.no/en/chilli-nuts/,519.0,kcal,2161.9,kJ,100.0,0.0,147.0,0.01,0.03,2.86,0.04,0.7,20.23,4.83,0.34,0.0,0.0,0.0,0.0,0.0,0.0,0.0,56.0,37.2,1.0,0.52,7.0,32.3,2.0,1.7,112.0,21.0,11.3,0.34,4.83,243.0,5.2,397.0,16.1,0.0,2.7,5.1,19.0,1063.0,30.7,6.1,6.1,6.5,0.0,12.0,24.0,0.0,0.5,0.09,8.6,0.79,59.0,1.0,0.0,3.4,7.0,1.6
13.092,"Chilli nuts, Den lille nøttefabrikken",,10.5,https://www.matvaretabellen.no/en/chilli-nuts-den-lille-nottefabrikken/,531.0,kcal,2207.6,kJ,100.0,0.0,188.0,0.0,0.01,2.65,0.04,0.98,21.0,6.69,0.65,0.0,0.0,0.0,0.0,0.0,0.0,0.0,67.0,31.2,1.0,0.45,7.0,35.0,2.0,1.9,140.0,21.5,12.4,0.65,6.69,270.0,7.3,460.0,19.0,0.0,2.8,5.4,35.0,1100.0,26.0,5.1,5.1,5.2,0.0,16.0,31.0,0.0,0.52,0.08,9.2,0.62,52.0,1.0,0.0,4.1,7.0,2.0
13.091,"Chilli nuts, Eldorado",,10.5,https://www.matvaretabellen.no/en/chilli-nuts-eldorado/,522.0,kcal,2173.9,kJ,100.0,0.0,170.0,0.0,0.01,1.81,0.05,0.5,20.3,4.77,0.3,0.0,0.0,0.0,0.0,0.0,0.0,0.0,46.0,40.3,1.0,0.52,8.0,32.0,2.0,1.7,95.0,21.2,10.2,0.31,4.77,220.0,5.1,350.0,14.4,0.0,2.8,3.7,10.0,1100.0,34.0,5.6,5.6,6.3,0.0,14.0,28.0,0.0,0.52,0.09,7.8,1.1,62.0,2.0,0.0,3.7,6.0,1.4
13.09,"Chilli nuts, Polly",,10.5,https://www.matvaretabellen.no/en/chilli-nuts-polly/,505.0,kcal,2104.2,kJ,100.0,0.0,84.0,0.02,0.07,4.13,0.04,0.63,19.4,3.03,0.06,0.0,0.0,0.0,0.0,0.0,0.0,0.0,55.0,40.0,1.0,0.59,7.0,30.0,2.0,1.6,100.0,20.4,11.2,0.06,3.03,240.0,3.1,380.0,15.0,0.0,2.5,6.2,12.0,990.0,32.0,7.5,7.5,8.0,0.0,7.0,14.0,0.0,0.47,0.1,8.7,0.66,62.0,1.0,0.0,2.4,8.0,1.5
6.034,"Chives, raw",Allium schoenoprasum L.,16,https://www.matvaretabellen.no/en/chives-raw/,26.0,kcal,108.0,kJ,100.0,0.0,3710.0,0.0,0.03,0.08,0.0,0.01,0.07,0.2,0.01,0.0,0.0,0.0,0.0,0.0,0.0,0.0,138.0,1.3,0.0,0.06,3.0,0.4,0.3,1.2,19.0,0.1,1.1,0.01,0.2,50.0,0.4,313.0,2.7,0.0,0.0,0.0,0.0,1.0,0.0,0.0,0.0,1.3,0.0,309.0,618.0,0.0,0.05,0.08,0.6,0.18,55.0,23.0,0.0,3.7,93.0,0.3
9.117,"Chocolate bar, jelly and marzipan covered with chocolate, Troika",,7.2,https://www.matvaretabellen.no/en/chocolate-bar-jelly-and-marzipan-covered-with-chocolate-troika/,445.0,kcal,1866.3,kJ,100.0,0.0,0.0,0.03,0.13,4.86,0.07,3.26,6.73,1.5,0.03,0.02,0.02,0.02,0.02,0.02,0.02,0.02,56.0,65.6,2.0,0.34,4.0,17.8,3.0,2.2,49.0,6.8,1.1,0.03,1.5,118.0,1.5,178.0,3.7,0.0,0.1,8.4,0.0,29.0,7.0,55.0,55.0,58.6,0.1,0.0,0.0,0.2,0.05,0.19,0.5,0.02,7.0,0.0,0.0,1.9,9.0,0.7
9.017,"Chocolate bar, milk",,7.2,https://www.matvaretabellen.no/en/chocolate-bar-milk/,541.0,kcal,2256.3,kJ,100.0,0.0,45.0,0.18,0.7,8.49,0.15,9.52,9.19,1.06,0.09,0.03,0.03,0.03,0.03,0.03,0.03,0.06,231.0,53.1,21.0,0.38,3.0,32.3,38.0,0.9,65.0,9.4,1.9,0.21,1.07,321.0,1.3,444.0,8.1,22.0,0.2,19.9,0.0,72.0,0.7,45.0,45.0,52.4,0.2,26.0,29.0,0.6,0.15,0.59,0.5,0.05,11.0,0.0,0.0,0.6,4.0,1.3
9.116,"Chocolate bar, milk, aerated",,7.2,https://www.matvaretabellen.no/en/chocolate-bar-milk-aerated/,522.0,kcal,2177.2,kJ,100.0,0.0,17.0,0.88,0.55,6.18,0.11,6.95,10.26,1.77,0.08,0.03,0.03,0.03,0.03,0.03,0.03,0.03,277.0,51.8,18.0,0.28,3.0,30.3,3.0,2.1,61.0,11.2,1.9,0.08,1.77,363.0,1.3,508.0,9.1,18.0,0.3,16.2,0.0,121.0,0.7,44.0,44.0,51.1,0.1,19.0,20.0,0.6,0.12,0.54,0.4,0.09,18.0,0.0,0.0,0.5,6.0,1.4
5.293,"Chocolate butter cream, with butter",,7.3,https://www.matvaretabellen.no/en/chocolate-butter-cream-with-butter/,486.0,kcal,2039.875,kJ,100.0,0.0,121.0,0.62,2.05,5.8,0.47,2.13,4.18,0.29,0.08,0.0,0.0,0.0,0.0,0.0,0.0,0.0,5.0,75.1,51.0,0.01,0.0,20.5,7.0,0.0,0.0,5.0,0.0,0.08,0.08,6.0,0.5,10.0,0.3,185.0,0.3,13.0,1.0,110.0,0.0,75.0,75.0,75.1,0.6,195.0,205.0,0.0,0.0,0.01,0.0,0.01,0.0,0.0,2.5,0.5,4.0,0.0
5.294,"Chocolate butter cream, with hard margarine",,7.3,https://www.matvaretabellen.no/en/chocolate-butter-cream-with-hard-margarine/,522.0,kcal,2174.5442,kJ,100.0,0.0,161.0,4.2,1.71,2.58,0.05,4.6,13.38,4.22,1.72,0.0,0.0,0.0,0.04,0.0,0.0,0.02,11.0,46.3,66.0,0.02,0.0,36.8,6.0,0.4,1.0,13.8,0.4,1.74,4.27,40.0,6.0,10.0,1.5,435.0,0.7,14.5,4.0,282.0,0.0,46.1,46.1,46.3,0.0,449.0,461.0,0.4,0.02,0.03,0.0,0.02,11.0,0.0,5.2,7.5,15.0,0.3
10.143,Chocolate fondant,,7.3,https://www.matvaretabellen.no/en/chocolate-fondant/,404.0,kcal,1683.2088081774684,kJ,100.0,0.0,80.0,0.47,1.57,6.41,0.46,3.57,6.16,1.14,0.11,0.01,0.01,0.01,0.08,0.01,0.01,0.04,41.0,36.7,160.0,0.23,2.0,24.7,19.0,1.8,32.0,6.9,2.0,0.15,1.1,137.0,1.4,162.0,7.8,170.0,0.3,14.0,9.0,139.0,7.9,25.9,25.9,28.8,0.5,176.0,183.0,0.6,0.08,0.16,0.3,0.06,16.0,0.0,2.8,2.4,29.0,1.0
5.292,Chocolate frosting,,7.3,https://www.matvaretabellen.no/en/chocolate-frosting/,382.0,kcal,1606.4326,kJ,100.0,0.0,12.0,0.05,0.13,2.81,0.04,3.62,3.54,0.44,0.03,0.01,0.01,0.01,0.01,0.01,0.01,0.01,31.0,65.2,3.0,0.4,2.0,11.8,1.0,2.0,50.0,3.7,0.7,0.03,0.46,85.0,0.5,174.0,2.6,2.0,0.0,7.0,0.0,7.0,0.5,59.0,59.0,64.6,0.0,3.0,4.0,0.1,0.06,0.04,0.3,0.02,5.0,0.0,0.0,0.3,18.0,0.8
10.144,Chocolate mousse,,7.3,https://www.matvaretabellen.no/en/chocolate-mousse/,358.0,kcal,1489.892188651437,kJ,100.0,0.0,82.0,0.42,1.36,6.26,0.39,4.23,6.27,0.97,0.09,0.01,0.01,0.01,0.06,0.01,0.01,0.04,64.0,28.1,123.0,0.31,2.0,24.3,12.0,2.0,40.0,6.9,1.5,0.12,0.93,151.0,1.2,164.0,5.8,162.0,0.1,14.0,7.0,51.0,0.4,22.4,22.4,27.7,0.4,168.0,175.0,0.8,0.07,0.19,0.2,0.05,19.0,0.0,0.8,1.6,40.0,1.0
9.169,Chocolate puffed rice balls,,7.2,https://www.matvaretabellen.no/en/chocolate-puffed-rice-balls/,501.0,kcal,2087.0541136898755,kJ,100.0,0.0,8.0,11.43,4.71,4.29,0.06,2.81,4.21,0.91,0.03,0.01,0.01,0.01,0.03,0.01,0.01,0.02,38.0,47.5,42.0,0.27,1.0,32.6,7.0,1.0,24.0,4.0,1.1,0.05,0.94,91.0,1.0,125.0,3.9,21.0,0.2,27.0,3.0,67.0,10.7,34.5,34.5,36.8,0.0,22.0,22.0,0.3,0.04,0.09,0.3,0.03,8.0,0.0,0.3,2.8,15.0,0.7
9.01,"Chocolate spread, Sjokade",,7.4,https://www.matvaretabellen.no/en/chocolate-spread-sjokade/,376.0,kcal,1563.8046878116895,kJ,100.0,0.0,2.0,7.72,3.14,1.73,0.0,0.84,1.82,0.54,0.05,0.0,0.0,0.0,0.0,0.0,0.0,0.0,5.0,40.7,0.0,0.18,18.0,19.1,0.2,0.5,26.0,1.8,0.3,0.05,0.54,35.0,0.6,175.0,1.1,0.0,0.1,15.6,0.0,25.0,0.5,40.1,40.1,40.2,0.0,0.0,0.0,0.0,0.0,0.01,0.1,0.0,2.0,0.0,0.0,0.3,21.0,0.5
9.102,Chocolate wafer bar,,7.2,https://www.matvaretabellen.no/en/chocolate-wafer-bar/,529.0,kcal,2207.478071928072,kJ,100.0,0.0,35.0,0.14,0.52,7.2,0.12,7.53,10.04,1.94,0.13,0.02,0.02,0.02,0.02,0.02,0.02,0.04,175.0,54.2,15.0,0.45,3.0,30.4,28.0,1.2,72.0,10.3,1.9,0.22,1.94,271.0,2.2,492.0,7.8,17.0,0.3,16.4,0.0,120.0,9.1,39.8,39.8,45.1,0.1,20.0,22.0,0.4,0.12,0.44,0.6,0.05,12.0,0.0,0.0,1.3,4.0,1.5
9.157,"Chocolate, Mars",,7.2,https://www.matvaretabellen.no/en/chocolate-mars/,424.0,kcal,1780.0,kJ,100.0,0.0,15.0,0.01,0.29,3.56,0.04,2.99,6.25,0.76,0.04,0.0,0.0,0.0,0.0,0.0,0.0,0.0,118.0,66.6,10.0,0.18,2.0,15.3,19.0,1.7,35.0,6.4,1.1,0.04,0.77,125.0,0.8,269.0,4.1,33.0,0.4,7.3,1.0,174.0,3.3,38.7,38.7,63.3,0.1,34.0,35.0,0.0,0.17,0.2,0.4,0.03,5.0,0.0,0.1,2.0,13.0,0.6
9.158,"Chocolate, Milky Way",,7.2,https://www.matvaretabellen.no/en/chocolate-milky-way/,465.0,kcal,1955.7,kJ,100.0,0.0,0.0,0.1,0.29,3.34,0.05,3.43,6.23,0.69,0.04,0.0,0.0,0.0,0.0,0.0,0.0,0.0,117.0,76.6,9.0,0.13,1.0,15.7,38.0,2.0,25.0,6.4,1.0,0.05,0.69,114.0,0.7,240.0,3.8,24.0,0.6,7.7,1.0,220.0,6.9,47.1,47.1,69.7,0.1,24.0,24.0,0.0,0.18,0.21,0.4,0.03,5.0,0.0,0.2,2.0,3.0,0.5
9.159,"Chocolate, Snickers",,7.2,https://www.matvaretabellen.no/en/chocolate-snickers/,498.0,kcal,2080.7,kJ,100.0,0.0,7.0,0.1,0.2,4.62,0.02,3.24,15.13,2.01,0.05,0.0,0.0,0.0,0.01,0.0,0.0,0.0,101.0,52.2,4.0,0.35,3.0,28.2,19.0,1.9,80.0,15.6,3.4,0.05,2.03,210.0,2.1,388.0,7.5,10.0,0.5,9.2,6.0,187.0,6.1,30.3,30.3,46.1,0.0,11.0,11.0,0.0,0.12,0.16,2.1,0.04,11.0,0.0,1.5,4.3,9.0,1.4
9.019,"Chocolate, cooking, plain, minimum 35 % cocoa",,7.2,https://www.matvaretabellen.no/en/chocolate-cooking-plain-minimum-35-cocoa/,511.0,kcal,2133.8,kJ,100.0,0.0,27.0,0.13,0.3,6.59,0.1,8.49,8.28,1.04,0.08,0.03,0.03,0.03,0.03,0.03,0.03,0.03,73.0,56.8,7.0,0.92,5.0,27.6,3.0,4.7,116.0,8.6,1.7,0.08,1.07,200.0,1.1,405.0,6.2,5.0,0.0,16.4,0.0,16.0,1.2,42.3,42.3,55.6,0.1,7.0,9.0,0.3,0.15,0.11,0.7,0.04,12.0,0.0,0.0,0.6,4.0,1.8
9.104,"Chocolate, cooking, with milk, minimum 25 % cocoa",,7.2,https://www.matvaretabellen.no/en/chocolate-cooking-with-milk-minimum-25-cocoa/,527.0,kcal,2200.8,kJ,100.0,0.0,36.0,0.14,0.47,7.38,0.14,8.84,8.84,1.02,0.08,0.03,0.03,0.03,0.03,0.03,0.03,0.03,151.0,56.7,14.0,0.49,3.0,29.5,3.0,3.1,76.0,9.1,1.8,0.08,1.03,244.0,1.1,415.0,7.0,24.0,0.1,17.7,0.0,53.0,1.1,48.6,48.6,55.6,0.1,27.0,30.0,0.6,0.14,0.07,0.6,0.05,8.0,0.0,0.0,0.6,4.0,1.3
9.133,"Chocolate, dark, 70 % cocoa",,7.2,https://www.matvaretabellen.no/en/chocolate-dark-70-cocoa/,578.0,kcal,2395.8,kJ,100.0,0.0,18.0,0.0,0.1,11.0,0.1,15.4,13.9,1.0,0.1,0.04,0.04,0.04,0.0,0.0,0.0,0.0,51.0,31.9,3.0,1.37,11.0,43.9,0.0,9.4,170.0,13.9,2.2,0.1,1.0,230.0,1.0,560.0,8.4,0.0,0.0,27.0,0.0,5.0,3.7,28.0,28.0,28.2,0.0,1.0,3.0,0.3,0.12,0.09,0.8,0.07,15.0,0.0,3.7,0.8,5.0,2.6
9.176,"Chocolate, dark, 85 % cocoa",,7.2,https://www.matvaretabellen.no/en/chocolate-dark-85-cocoa/,588.0,kcal,2429.6,kJ,100.0,0.0,17.0,0.0,0.0,11.7,0.1,17.7,15.3,0.9,0.1,0.0,0.0,0.0,0.0,0.0,0.0,0.0,63.0,19.5,2.0,1.9,14.0,48.6,0.0,16.5,220.0,15.4,3.0,0.1,0.9,290.0,1.0,710.0,11.1,0.0,0.0,30.1,0.0,0.0,4.6,15.0,15.0,14.9,0.0,1.0,2.0,0.3,0.14,0.13,1.1,0.14,20.0,0.0,4.8,0.7,7.0,3.4
9.103,"Chocolate, filled",,7.2,https://www.matvaretabellen.no/en/chocolate-filled/,487.0,kcal,2036.5,kJ,100.0,0.0,16.0,0.71,0.44,4.96,0.09,5.58,8.23,1.42,0.07,0.02,0.02,0.02,0.02,0.02,0.02,0.02,101.0,60.2,7.0,0.4,3.0,24.3,3.0,1.3,60.0,8.2,1.6,0.07,1.42,168.0,1.5,286.0,5.2,7.0,0.3,12.3,0.0,100.0,4.5,52.0,52.0,55.7,1.1,8.0,9.0,0.2,0.08,0.3,0.7,0.05,10.0,0.0,0.0,2.1,7.0,1.0
9.156,"Chocolate, filled with coconut, Bounty",,7.2,https://www.matvaretabellen.no/en/chocolate-filled-with-coconut-bounty/,479.0,kcal,1999.57,kJ,100.0,0.0,8.0,5.63,2.33,4.81,0.05,4.56,4.28,0.54,0.04,0.0,0.0,0.0,0.0,0.0,0.0,0.0,79.0,56.1,7.0,,4.0,25.7,13.0,1.6,47.0,4.3,1.0,0.04,0.54,125.0,0.6,316.0,3.6,19.0,0.2,19.5,5.0,82.0,9.9,41.7,41.7,46.2,,20.0,20.0,0.2,0.02,0.12,0.4,0.06,13.0,0.0,0.6,0.2,10.0,0.8
9.155,"Chocolate, filled with mint, After Eight",,7.2,https://www.matvaretabellen.no/en/chocolate-filled-with-mint-after-eight/,423.0,kcal,1772.9,kJ,100.0,0.0,15.0,0.03,0.07,4.0,0.04,5.36,5.03,0.5,0.04,0.0,0.0,0.0,0.0,0.0,0.0,0.0,49.0,62.9,3.0,0.06,5.0,16.3,8.0,0.7,0.0,5.1,0.9,0.04,0.5,104.0,0.5,389.0,3.7,74.0,0.0,9.8,3.0,6.0,0.0,54.1,54.1,62.9,0.0,75.0,76.0,0.0,0.16,0.01,0.5,0.35,1.0,0.0,0.0,1.5,12.0,0.6
9.177,"Chocolate, filled with toffee",,7.2,https://www.matvaretabellen.no/en/chocolate-filled-with-toffee/,444.0,kcal,1858.3,kJ,100.0,0.0,11.0,0.6,0.5,6.4,0.1,6.6,6.7,0.8,0.0,0.0,0.0,0.0,0.0,0.0,0.0,0.0,99.0,52.8,8.0,0.24,2.0,23.4,2.0,2.7,34.0,6.8,1.1,0.0,0.8,120.0,0.8,270.0,4.5,19.0,0.3,14.7,0.0,100.0,3.0,44.0,44.0,49.8,0.0,20.0,20.0,0.3,0.04,0.17,0.3,0.03,14.0,0.0,0.8,0.6,17.0,0.7
9.018,"Chocolate, milk, with nuts",,7.2,https://www.matvaretabellen.no/en/chocolate-milk-with-nuts/,470.0,kcal,1966.5,kJ,100.0,0.0,36.0,0.14,0.53,6.4,0.11,7.17,6.92,0.8,0.07,0.02,0.02,0.02,0.02,0.02,0.02,0.05,224.0,51.9,16.0,0.57,4.0,24.3,3.0,2.1,87.0,10.5,2.1,0.16,0.8,312.0,1.2,451.0,9.1,13.0,0.2,11.2,0.0,65.0,0.9,44.0,44.0,51.0,0.1,16.0,19.0,0.5,0.15,0.45,0.6,0.01,24.0,0.0,0.0,3.6,11.0,1.6
9.178,"Chocolate, milk, with peanuts",,7.2,https://www.matvaretabellen.no/en/chocolate-milk-with-peanuts/,511.0,kcal,2138.6,kJ,,0.0,5.0,0.0,0.01,4.6,0.05,4.33,11.1,5.03,0.05,0.0,0.0,0.0,0.0,0.0,0.0,0.0,130.0,59.1,9.0,0.42,4.0,25.3,8.0,1.6,69.0,11.3,4.9,0.05,5.03,126.0,5.1,364.0,9.8,36.0,0.1,9.3,1.0,36.0,5.5,,,53.6,0.0,36.0,36.0,9.0,0.1,0.18,3.3,0.1,30.0,0.0,0.0,1.4,2.0,1.1
9.134,"Chocolate, white",,7.2,https://www.matvaretabellen.no/en/chocolate-white/,544.0,kcal,2273.0,kJ,100.0,0.0,24.0,0.1,0.4,7.7,0.1,10.4,9.3,0.9,0.1,0.0,0.0,0.0,0.0,0.0,0.0,0.0,160.0,60.7,17.0,0.01,0.0,31.2,3.0,0.1,20.0,9.4,1.2,0.1,0.9,260.0,0.9,290.0,5.1,47.0,0.2,19.5,0.0,70.0,0.5,50.0,50.0,60.2,0.1,49.0,51.0,0.5,0.05,0.33,0.3,0.07,13.0,1.0,3.1,0.7,3.0,0.6
9.154,"Chocolate, with almond butter, Daim",,7.2,https://www.matvaretabellen.no/en/chocolate-with-almond-butter-daim/,540.0,kcal,2257.01,kJ,100.0,0.0,5.0,0.8,0.93,7.53,0.15,5.46,11.24,1.94,0.31,0.0,0.0,0.0,0.0,0.0,0.0,0.0,57.0,60.1,22.0,,2.0,31.1,21.0,1.0,27.0,11.6,1.0,0.31,1.94,110.0,2.3,174.0,4.1,60.0,0.8,15.9,1.0,321.0,8.6,40.7,40.7,51.5,0.3,61.0,60.0,0.2,0.03,0.21,0.3,0.03,15.0,0.0,0.1,3.1,3.0,0.6
5.472,"Ciabatta, gluten-free, Schär",,5.6.1,https://www.matvaretabellen.no/en/ciabatta-gluten-free-schar/,286.0,kcal,1201.41,kJ,100.0,0.0,0.0,0.0,0.0,0.47,0.05,0.24,2.4,2.32,1.15,0.0,0.0,0.0,0.0,0.0,0.0,0.0,22.0,44.6,0.0,0.21,10.0,7.2,0.0,1.3,48.0,2.4,2.6,1.15,2.32,109.0,3.5,238.0,6.0,0.0,0.8,0.8,0.0,323.0,38.6,3.0,3.0,6.0,0.0,0.0,0.0,0.0,0.43,0.13,1.6,0.14,66.0,0.0,0.0,3.0,33.0,1.0
13.063,"Cider, sweet, 4,5 vol-% alcohol",,9.3,https://www.matvaretabellen.no/en/cider-sweet-4-5-vol-alcohol/,59.0,kcal,249.0,kJ,100.0,3.6,0.0,0.0,0.0,0.0,0.0,0.0,0.0,0.0,0.0,0.0,0.0,0.0,0.0,0.0,0.0,0.0,8.0,8.5,0.0,0.04,0.0,0.0,0.0,0.5,3.0,0.0,0.0,0.0,0.0,3.0,0.0,72.0,0.0,0.0,0.0,0.0,0.0,7.0,0.0,7.8,8.5,8.5,0.0,0.0,0.0,0.0,0.0,0.0,0.0,0.01,0.0,0.0,0.0,0.0,88.0,0.0
5.187,"Cinnamon roll, home-made",,5.10,https://www.matvaretabellen.no/en/cinnamon-roll-home-made/,339.0,kcal,1427.0431814725891,kJ,100.0,0.0,41.0,0.53,0.54,1.48,0.09,0.86,3.21,1.29,0.35,0.0,0.0,0.0,0.0,0.0,0.0,0.0,60.0,52.8,9.0,0.09,3.0,10.0,7.0,0.8,24.0,3.4,2.6,0.35,1.27,118.0,1.7,187.0,8.1,85.0,0.2,4.1,1.0,70.0,37.3,13.8,13.8,15.6,0.1,88.0,91.0,0.2,0.18,0.11,1.1,0.08,32.0,1.0,1.3,1.2,26.0,0.9
5.314,"Cinnamon roll, sugar coated, industrially made",,5.10,https://www.matvaretabellen.no/en/cinnamon-roll-sugar-coated-industrially-made/,308.0,kcal,1296.8992378810594,kJ,100.0,0.0,18.0,0.56,0.53,1.43,0.11,0.5,3.81,1.4,0.42,0.0,0.0,0.0,0.01,0.0,0.0,0.0,46.0,46.6,18.0,0.07,2.0,10.3,5.0,0.7,19.0,4.0,1.9,0.42,1.37,140.0,1.8,152.0,6.2,31.0,0.8,3.6,3.0,327.0,26.0,18.8,18.8,20.6,0.1,32.0,34.0,0.1,0.14,0.12,0.8,0.07,28.0,1.0,0.5,1.5,35.0,0.8
5.315,"Cinnamon roll, with custard and icing, industrially made",,5.10,https://www.matvaretabellen.no/en/cinnamon-roll-with-custard-and-icing-industrially-made/,295.0,kcal,1241.6626027496998,kJ,100.0,0.0,16.0,0.47,0.47,1.27,0.1,0.44,3.23,1.17,0.35,0.0,0.0,0.0,0.0,0.0,0.0,0.0,49.0,47.4,16.0,0.06,2.0,8.8,5.0,0.6,17.0,3.4,1.7,0.35,1.15,125.0,1.5,140.0,5.5,26.0,0.7,3.2,2.0,276.0,21.9,23.6,23.6,25.5,0.1,28.0,28.0,0.1,0.12,0.11,0.7,0.06,23.0,1.0,0.4,1.2,36.0,0.7
6.156,"Cinnamon, ground",Cinnamomum aromaticum Nees,16,https://www.matvaretabellen.no/en/cinnamon-ground/,246.0,kcal,1016.21,kJ,100.0,0.0,112.0,0.01,0.01,0.1,0.0,0.08,0.25,0.04,0.01,0.0,0.0,0.0,0.0,0.0,0.0,0.0,1002.0,28.1,0.0,0.34,53.0,1.2,0.5,8.3,60.0,0.2,2.0,0.01,0.04,64.0,0.1,431.0,4.0,0.0,0.0,0.3,3.0,10.0,25.9,0.0,0.0,2.2,0.0,9.0,18.0,0.0,0.02,0.04,1.3,0.16,6.0,4.0,0.0,2.3,14.0,1.8
6.526,"Clementine, raw",Citrus clementina hort. ex Tan.,13.2,https://www.matvaretabellen.no/en/clementine-raw/,40.0,kcal,168.0,kJ,77.0,0.0,105.0,0.0,0.0,0.01,0.0,0.0,0.02,0.01,0.01,0.0,0.0,0.0,0.0,0.0,0.0,0.0,25.0,8.1,0.0,0.04,1.0,0.2,0.0,0.1,10.0,0.0,0.5,0.01,0.02,19.0,0.0,154.0,0.9,0.0,0.0,0.0,0.0,1.0,0.0,0.0,0.0,8.1,0.0,9.0,17.0,0.0,0.13,0.02,0.3,0.07,24.0,37.0,0.0,0.6,90.0,0.0
6.508,"Cloudberries, raw",Rubus chamaemorus L.,13.1,https://www.matvaretabellen.no/en/cloudberries-raw/,46.0,kcal,191.0,kJ,100.0,0.0,140.0,0.0,0.0,0.06,0.0,0.01,0.07,0.32,0.27,0.0,0.0,0.0,0.0,0.0,0.0,0.0,17.0,4.4,0.0,0.07,6.0,1.1,0.2,0.5,30.0,0.1,0.8,0.27,0.32,41.0,0.7,218.0,1.6,0.0,0.0,0.1,0.0,1.0,0.0,0.0,0.0,4.4,0.0,12.0,23.0,0.0,0.02,0.02,0.5,0.07,49.0,95.0,0.0,3.2,87.0,0.6
6.81,Cloudberry jam,,13.3,https://www.matvaretabellen.no/en/cloudberry-jam/,141.0,kcal,596.0,kJ,100.0,0.0,54.0,0.0,0.0,0.03,0.0,0.0,0.03,0.14,0.12,0.0,0.0,0.0,0.0,0.0,0.0,0.0,7.0,32.0,0.0,0.03,3.0,0.5,0.1,0.2,14.0,0.0,0.3,0.12,0.14,18.0,0.3,89.0,0.7,0.0,0.0,0.0,0.0,0.0,0.0,30.0,30.0,32.0,0.0,4.0,9.0,0.0,0.01,0.01,0.2,0.03,13.0,34.0,0.0,1.4,64.0,0.3
6.509,"Cloudberry jam, frozen, ",Rubus chamaemorus L.,13.3,https://www.matvaretabellen.no/en/cloudberry-jam-frozen/,112.0,kcal,472.0,kJ,100.0,0.0,84.0,0.0,0.0,0.05,0.0,0.01,0.06,0.26,0.22,0.0,0.0,0.0,0.0,0.0,0.0,0.0,13.0,22.8,0.0,0.06,4.0,0.9,0.1,0.4,19.0,0.1,0.6,0.22,0.26,26.0,0.6,105.0,1.2,0.0,0.0,0.1,0.0,1.0,0.0,20.0,20.0,22.8,0.0,7.0,14.0,0.0,0.01,0.01,0.3,0.04,20.0,30.0,0.0,2.6,71.0,0.5
6.162,"Cloves, ground",Syzygium aromaticum (L.) Merr & L.M.Perry,16,https://www.matvaretabellen.no/en/cloves-ground/,335.0,kcal,1390.89,kJ,100.0,0.0,45.0,0.04,0.26,1.86,0.03,0.68,0.78,2.56,0.59,0.0,0.01,0.05,0.05,0.01,0.18,0.0,632.0,31.6,0.0,0.37,34.0,13.0,0.5,11.8,259.0,1.4,2.6,0.83,2.63,104.0,3.6,1020.0,6.0,0.0,0.7,4.0,7.0,277.0,29.2,0.0,0.0,2.4,0.0,4.0,7.0,0.0,0.16,0.22,1.6,0.39,25.0,0.0,0.0,8.8,16.0,2.3
9.175,Cocoa beans,Theobroma cacao L.,7.2,https://www.matvaretabellen.no/en/cocoa-beans/,605.0,kcal,2490.3,kJ,100.0,0.0,22.0,0.0,0.0,12.2,0.1,13.7,13.5,1.3,0.1,0.0,0.0,0.0,0.0,0.0,0.0,0.0,79.0,4.6,0.0,2.03,35.0,51.9,0.0,2.4,280.0,13.6,3.5,0.1,1.3,450.0,1.4,800.0,12.6,0.0,0.0,26.5,18.0,0.0,4.1,0.0,0.0,0.5,0.0,2.0,3.0,0.0,0.26,0.08,1.4,0.08,20.0,0.0,1.2,0.6,0.0,4.1
8.263,Cocoa butter,Theobroma cacao L.,8.5,https://www.matvaretabellen.no/en/cocoa-butter/,896.0,kcal,3681.5,kJ,100.0,0.0,0.0,0.0,0.0,24.7,0.5,33.3,32.3,2.9,0.5,0.0,0.0,0.0,0.0,0.0,0.0,0.0,0.0,0.0,3.0,0.0,0.0,99.5,0.0,0.0,0.0,32.8,0.0,0.5,2.9,0.0,3.3,0.0,0.0,0.0,0.0,59.0,0.0,0.0,0.0,0.0,0.0,0.0,0.0,0.0,0.0,0.0,0.0,0.0,0.0,0.0,0.0,0.0,0.0,1.1,1.0,0.0
9.011,Cocoa powder,,10.7,https://www.matvaretabellen.no/en/cocoa-powder/,379.0,kcal,1571.8,kJ,100.0,0.0,40.0,0.0,0.03,5.77,0.0,6.68,7.36,0.77,0.0,0.0,0.0,0.0,0.0,0.0,0.0,0.0,105.0,11.0,0.0,3.6,24.0,21.9,3.0,11.0,523.0,7.2,5.8,0.0,0.77,660.0,0.6,3490.0,22.5,0.0,0.1,12.8,1.0,35.0,11.0,0.0,0.0,0.0,0.0,3.0,6.0,0.0,0.1,0.15,2.0,0.07,38.0,0.0,0.0,0.2,21.0,10.1
10.021,"Cocoa, instant powder, prepared",,9.1,https://www.matvaretabellen.no/en/cocoa-instant-powder-prepared/,52.0,kcal,218.0,kJ,100.0,0.0,0.0,0.15,0.05,0.06,0.0,0.09,0.05,0.0,0.0,0.0,0.0,0.0,0.0,0.0,0.0,0.0,5.0,9.3,0.0,0.15,1.0,0.7,0.5,1.0,21.0,0.0,0.3,0.0,0.0,26.0,0.0,203.0,1.5,0.0,0.1,0.4,0.0,39.0,0.5,8.8,8.8,8.9,0.0,0.0,0.0,0.0,0.01,0.01,0.07,0.0,5.0,0.0,0.0,0.0,88.0,0.3
9.109,"Cocoa, instant powder, with milk, Rett i koppen",,10.7,https://www.matvaretabellen.no/en/cocoa-instant-powder-with-milk-rett-i-koppen/,375.0,kcal,1581.7,kJ,100.0,0.0,0.0,1.11,0.34,0.43,0.0,0.65,0.35,0.03,0.0,0.0,0.0,0.0,0.0,0.0,0.0,0.0,33.0,67.5,0.0,1.1,7.0,5.1,3.0,7.0,155.0,0.3,2.4,0.0,0.03,190.0,0.0,1470.0,11.1,0.0,0.7,3.0,2.0,280.0,3.3,64.0,64.0,64.2,0.0,0.0,0.0,0.0,0.06,0.04,0.5,0.02,38.0,0.0,0.0,0.1,9.0,1.9
9.012,"Cocoa, instant powder, without milk",,10.7,https://www.matvaretabellen.no/en/cocoa-instant-powder-without-milk/,386.0,kcal,1632.3,kJ,100.0,0.0,0.0,0.0,0.0,0.63,0.0,0.82,0.83,0.07,0.0,0.0,0.0,0.0,0.0,0.0,0.0,0.0,33.0,83.3,0.0,0.84,6.0,2.5,3.0,7.0,133.0,0.8,1.3,0.0,0.07,190.0,0.1,842.0,4.5,0.0,0.5,1.5,2.0,217.0,3.3,80.0,80.0,80.0,0.0,0.0,0.0,0.0,0.06,0.04,0.5,0.02,4.0,0.0,0.0,0.1,4.0,2.3
1.197,"Cocoa, prepared from instant powder and low-fat milk",,1.1,https://www.matvaretabellen.no/en/cocoa-prepared-from-instant-powder-and-low-fat-milk/,63.0,kcal,268.0,kJ,100.0,0.0,2.0,0.02,0.07,0.24,0.01,0.13,0.2,0.01,0.0,0.0,0.0,0.0,0.0,0.0,0.0,0.0,126.0,10.0,2.0,0.06,0.4,0.9,15.0,0.5,15.0,0.2,0.9,0.0,0.01,118.0,0.0,220.0,3.6,2.0,0.1,0.5,1.0,53.0,0.2,5.6,5.6,9.8,0.0,2.0,2.0,0.5,0.03,0.14,0.09,0.02,3.0,0.0,0.3,0.0,85.0,0.4
1.34,"Cocoa, prepared from instant powder and milk",,1.1,https://www.matvaretabellen.no/en/cocoa-prepared-from-instant-powder-and-milk/,67.0,kcal,283.0,kJ,100.0,0.0,2.0,0.04,0.11,0.36,0.02,0.17,0.28,0.02,0.0,0.0,0.0,0.0,0.0,0.0,0.0,0.0,125.0,10.0,3.0,0.07,0.4,1.3,15.0,0.5,16.0,0.3,0.9,0.0,0.01,118.0,0.0,220.0,3.6,3.0,0.1,0.8,1.0,53.0,0.2,5.6,5.6,9.8,0.0,3.0,3.0,0.5,0.03,0.14,0.09,0.02,3.0,0.0,0.2,0.0,85.0,0.4
1.339,"Cocoa, prepared from instant powder and whole milk",,1.1,https://www.matvaretabellen.no/en/cocoa-prepared-from-instant-powder-and-whole-milk/,86.0,kcal,363.0,kJ,100.0,0.0,5.0,0.11,0.34,1.0,0.07,0.41,0.74,0.05,0.01,0.0,0.0,0.0,0.0,0.0,0.0,0.0,125.0,10.0,9.0,0.08,0.4,3.5,15.0,0.5,20.0,0.8,0.8,0.01,0.03,118.0,0.1,220.0,3.5,7.0,0.1,2.2,1.0,52.0,0.2,5.6,5.6,9.8,0.1,7.0,7.0,0.5,0.01,0.14,0.05,0.01,2.0,0.0,0.0,0.0,83.0,0.6
1.196,"Cocoa, prepared with low-fat milk",,1.1,https://www.matvaretabellen.no/en/cocoa-prepared-with-low-fat-milk/,80.0,kcal,338.0,kJ,100.0,0.0,3.0,0.02,0.07,0.43,0.01,0.34,0.44,0.04,0.0,0.0,0.0,0.0,0.0,0.0,0.0,0.0,129.0,11.7,2.0,0.15,1.0,1.6,15.0,0.4,27.0,0.4,1.1,0.0,0.03,132.0,0.0,303.0,4.2,2.0,0.1,1.0,1.0,40.0,0.4,7.0,7.0,11.3,0.0,3.0,2.0,0.5,0.03,0.14,0.1,0.02,4.0,0.0,0.3,0.0,82.0,0.6
13.097,"Coconut based beverage, with calsium og vitamins (vit B12, vit D)",,9.5,https://www.matvaretabellen.no/en/coconut-based-beverage-with-calsium-og-vitamins-vit-b12-vit-d/,24.0,kcal,101.0,kJ,100.0,0.0,0.0,0.43,0.17,0.07,0.0,0.03,0.05,0.01,0.0,0.0,0.0,0.0,0.0,0.0,0.0,0.0,150.0,4.0,0.0,,0.0,0.9,0.0,0.1,3.0,0.0,0.0,0.0,0.01,70.0,0.0,20.0,0.0,0.0,0.1,0.8,0.0,47.0,2.2,0.0,0.0,1.8,0.0,0.0,0.0,0.3,0.0,0.0,0.0,0.01,1.0,0.0,0.4,0.0,95.0,0.0
5.445,Coconut flour,Cocos nucifera L.,5.1,https://www.matvaretabellen.no/en/coconut-flour/,648.0,kcal,2664.6,kJ,100.0,0.0,0.0,27.36,9.74,4.26,0.0,1.66,2.37,0.38,0.0,0.0,0.0,0.0,0.0,0.0,0.0,0.0,13.0,5.2,0.0,0.76,25.0,61.3,0.0,2.8,100.0,2.4,1.7,0.0,0.38,165.0,0.4,710.0,6.5,0.0,0.0,53.3,8.0,19.0,0.0,0.0,0.0,5.2,0.0,0.0,0.0,0.0,0.03,0.0,0.6,0.09,21.0,0.0,0.0,0.0,2.0,1.5
5.098,Coconut macaroon,,5.8,https://www.matvaretabellen.no/en/coconut-macaroon/,461.0,kcal,1920.2212128143508,kJ,100.0,0.0,0.0,14.06,5.34,2.26,0.0,0.81,1.29,0.22,0.0,0.0,0.0,0.0,0.0,0.0,0.0,0.0,7.0,42.0,0.0,0.29,4.0,29.2,1.0,1.1,51.0,1.3,1.8,0.0,0.22,85.0,0.2,354.0,5.6,0.0,0.2,26.3,1.0,62.0,0.0,39.1,39.1,42.0,0.0,0.0,0.0,0.0,0.01,0.06,0.5,0.05,2.0,0.0,0.0,0.0,19.0,0.5
6.701,"Coconut milk, canned",Cocos nucifera L.,10.7,https://www.matvaretabellen.no/en/coconut-milk-canned/,209.0,kcal,861.0,kJ,100.0,0.0,0.0,9.44,3.73,1.8,0.0,1.1,0.9,0.23,0.0,0.0,0.0,0.0,0.0,0.0,0.0,0.0,18.0,1.5,0.0,0.22,2.0,21.3,0.7,3.3,46.0,0.9,0.9,0.0,0.23,96.0,0.2,220.0,2.0,0.0,0.0,18.9,0.0,13.0,0.0,0.0,0.0,1.5,0.0,0.0,0.0,0.0,0.02,0.0,0.6,0.03,14.0,1.0,0.0,0.1,74.0,0.6
6.78,"Coconut milk, light, canned",Cocos nucifera L.,10.7,https://www.matvaretabellen.no/en/coconut-milk-light-canned/,72.0,kcal,297.0,kJ,100.0,0.0,2.0,3.21,1.27,0.61,0.0,0.37,0.31,0.08,0.0,0.0,0.0,0.0,0.0,0.0,0.0,0.0,3.0,0.8,0.0,,1.0,7.1,0.7,0.3,12.0,0.4,0.2,0.0,0.08,18.0,0.1,77.0,0.6,0.0,0.1,6.3,2.0,34.0,0.0,0.0,0.0,0.8,0.0,0.0,0.0,0.0,0.0,0.0,0.1,0.01,9.0,0.0,0.0,0.0,90.0,0.2
6.554,"Coconut, desiccated, not sweetened",Cocos nucifera L.,13.3,https://www.matvaretabellen.no/en/coconut-desiccated-not-sweetened/,674.0,kcal,2774.89,kJ,100.0,0.0,0.0,32.4,12.3,5.2,0.0,1.86,2.96,0.51,0.0,0.0,0.0,0.0,0.0,0.0,0.0,0.0,12.0,6.4,0.0,0.71,9.0,67.2,1.0,2.4,109.0,3.0,2.5,0.0,0.51,185.0,0.5,793.0,6.3,0.0,0.1,60.7,0.0,25.0,0.0,0.0,0.0,6.4,0.0,0.0,0.0,0.0,0.03,0.0,1.4,0.12,6.0,0.0,0.0,0.0,11.0,1.2
6.769,"Coconut, raw",Cocos nucifera L.,13.2,https://www.matvaretabellen.no/en/coconut-raw/,358.0,kcal,1473.14,kJ,52.0,0.0,0.0,14.86,5.87,2.84,0.0,1.73,1.43,0.37,0.0,0.0,0.0,0.0,0.0,0.0,0.0,0.0,14.0,6.2,0.0,0.43,9.0,33.5,1.0,2.4,32.0,1.4,1.1,0.0,0.37,113.0,0.4,356.0,3.3,0.0,0.1,29.7,2.0,20.0,0.0,0.0,0.0,6.2,0.0,0.0,0.0,0.0,0.07,0.02,0.5,0.05,26.0,3.0,0.0,0.2,48.0,1.1
8.264,"Cod liver oil, Biopharma",,10.10,https://www.matvaretabellen.no/en/cod-liver-oil-biopharma/,891.0,kcal,3663.0,kJ,100.0,0.0,0.0,0.0,3.58,8.93,7.17,1.9,17.6,2.08,0.72,0.0,0.0,0.61,0.36,6.89,0.97,10.39,0.0,0.0,500.0,0.0,0.0,99.0,0.0,0.0,0.0,45.2,0.0,19.59,2.45,0.0,25.9,0.0,0.0,3810.0,0.0,15.0,0.0,0.0,0.0,0.0,0.0,0.0,0.0,3810.0,3810.0,0.0,0.0,0.0,0.0,0.0,0.0,0.0,410.0,166.0,1.0,0.0
8.008,"Cod liver oil, Møllers tran",,10.10,https://www.matvaretabellen.no/en/cod-liver-oil-mollers-tran/,900.0,kcal,3700.0,kJ,100.0,0.0,0.0,0.0,3.64,8.38,8.07,1.66,19.1,2.09,0.88,0.0,0.0,0.65,0.4,7.7,1.16,11.18,0.0,0.0,500.0,0.0,0.0,100.0,0.0,0.0,0.0,46.4,0.0,21.57,2.49,0.0,27.9,0.0,0.0,2770.0,0.0,14.4,0.0,0.0,0.0,0.0,0.0,0.0,0.0,2770.0,2770.0,0.0,0.0,0.0,0.0,0.0,0.0,0.0,220.0,94.0,0.0,0.0
8.03,"Cod liver oil, capsules, Møllers Dobbel",,10.10,https://www.matvaretabellen.no/en/cod-liver-oil-capsules-mollers-dobbel/,675.0,kcal,2785.0,kJ,100.0,0.0,0.0,0.0,1.02,2.68,2.37,0.64,6.21,4.54,2.59,0.0,0.0,0.0,0.0,10.37,1.3,14.26,0.0,0.0,330.0,0.0,0.0,67.0,0.0,0.0,0.0,9.3,3.0,36.1,1.53,0.0,37.8,0.0,18.0,13889.0,0.0,9.2,0.0,0.0,0.0,0.0,0.0,0.0,0.0,13889.0,13889.0,0.0,0.0,0.0,0.0,0.0,0.0,0.0,833.0,556.0,15.0,0.0
4.051,"Cod liver, raw","Gadus morhua Linnaeus, 1758",4.1.5,https://www.matvaretabellen.no/en/cod-liver-raw/,553.0,kcal,2276.5,kJ,,0.0,0.0,0.0,2.06,7.11,2.76,1.74,11.25,0.93,0.5,0.0,0.0,0.36,0.25,4.74,0.0,6.18,5.0,0.0,245.0,0.4,0.0,59.0,355.0,1.7,9.0,27.4,3.2,13.71,1.34,138.0,15.0,156.0,5.5,4794.0,0.1,9.4,80.0,48.0,0.0,0.0,0.0,0.0,0.0,4794.0,4794.0,43.0,0.11,0.3,2.2,0.09,107.0,0.0,89.7,5.2,36.0,1.2
4.312,"Cod roe, boiled","Gadus morhua Linnaeus, 1758",4.1.5,https://www.matvaretabellen.no/en/cod-roe-boiled/,100.0,kcal,422.0,kJ,100.0,0.0,0.0,0.0,0.03,0.41,0.08,0.05,0.32,0.02,0.01,0.0,0.0,0.0,0.07,0.31,0.03,0.63,9.0,0.0,359.0,0.12,0.0,2.5,195.0,0.8,12.0,0.4,6.1,0.97,0.1,381.0,1.1,227.0,19.3,26.0,0.2,0.5,105.0,95.0,0.0,0.0,0.0,0.0,0.0,26.0,26.0,17.3,0.64,0.51,0.9,0.2,17.0,17.0,4.8,10.3,78.0,5.0
4.318,"Cod roe, canned, fried in fat","Gadus morhua Linnaeus, 1758",4.1.5,https://www.matvaretabellen.no/en/cod-roe-canned-fried-in-fat/,220.0,kcal,918.0,kJ,100.0,0.0,18.0,0.43,0.38,1.49,0.15,0.77,5.38,1.9,0.45,0.0,0.0,0.02,0.02,0.21,0.02,0.3,12.0,0.0,326.0,0.22,0.0,13.3,190.0,0.8,8.0,5.5,5.3,1.0,1.9,280.0,2.8,141.0,25.1,103.0,0.3,3.8,20.0,134.0,0.0,0.0,0.0,0.0,0.1,105.0,106.0,8.7,0.61,0.23,0.4,0.25,9.0,0.0,16.2,6.1,62.0,3.4
4.1,"Cod roe, compressed, canned","Gadus morhua Linnaeus, 1758",4.1.5,https://www.matvaretabellen.no/en/cod-roe-compressed-canned/,126.0,kcal,531.0,kJ,100.0,0.0,0.0,0.0,0.02,0.31,0.09,0.03,0.28,0.01,0.0,0.0,0.0,0.02,0.02,0.24,0.02,0.33,11.0,0.0,330.0,0.24,0.0,1.9,195.0,1.0,9.0,0.4,5.5,0.61,0.03,320.0,0.6,170.0,27.1,79.0,0.3,0.4,20.0,110.0,0.0,0.0,0.0,0.0,0.0,79.0,79.0,10.0,0.78,0.26,0.5,0.32,12.0,0.0,18.0,6.2,71.0,3.5
4.052,"Cod roe, raw","Gadus morhua Linnaeus, 1758",4.1.5,https://www.matvaretabellen.no/en/cod-roe-raw/,116.0,kcal,491.0,kJ,100.0,0.0,0.0,0.0,0.03,0.42,0.08,0.05,0.33,0.02,0.01,0.0,0.0,0.0,0.08,0.32,0.03,0.65,8.0,0.0,323.0,0.12,0.0,2.6,195.0,0.9,13.0,0.5,5.5,1.0,0.1,403.0,1.1,272.0,23.2,28.0,0.3,0.5,105.0,101.0,0.0,0.0,0.0,0.0,0.0,28.0,28.0,19.5,0.77,0.66,1.2,0.26,22.0,19.0,5.2,10.3,74.0,4.5
4.348,"Cod, breaded, industrially made, Findus Steketorsk","Gadus morhua Linnaeus, 1758",4.4,https://www.matvaretabellen.no/en/cod-breaded-industrially-made-findus-steketorsk/,135.0,kcal,571.0,kJ,100.0,0.0,0.0,0.0,0.0,0.09,0.01,0.01,0.05,0.14,0.01,0.0,0.0,0.0,0.01,0.05,0.0,0.11,16.0,17.6,42.0,0.05,1.0,0.5,47.0,0.4,22.0,0.1,3.8,0.18,0.15,160.0,0.3,280.0,14.3,1.0,0.4,0.1,14.0,150.0,16.0,1.6,1.6,1.6,0.0,1.0,1.0,0.9,0.09,0.04,1.2,0.12,8.0,0.0,0.0,0.5,66.0,0.4
4.281,"Cod, breaded, pre-fried, filled, roasted","Gadus morhua Linnaeus, 1758",4.1.2,https://www.matvaretabellen.no/en/cod-breaded-pre-fried-filled-roasted/,185.0,kcal,771.0,kJ,100.0,0.0,22.0,0.07,0.23,1.07,0.07,0.38,4.84,1.67,0.6,0.0,0.0,0.0,0.0,0.03,0.0,0.08,28.0,10.8,37.0,0.04,1.0,10.5,124.0,0.4,22.0,5.0,3.6,0.71,1.66,129.0,2.4,254.0,11.4,32.0,1.0,2.1,13.0,415.0,9.6,0.6,0.6,1.2,0.1,34.0,35.0,0.6,0.05,0.06,1.2,0.11,17.0,1.0,0.3,2.7,66.0,0.4
4.284,"Cod, breaded, pre-fried, fried in fat","Gadus morhua Linnaeus, 1758",4.1.2,https://www.matvaretabellen.no/en/cod-breaded-pre-fried-fried-in-fat/,212.0,kcal,886.0,kJ,100.0,0.0,12.0,0.29,0.25,1.44,0.08,0.64,4.15,1.65,0.32,0.0,0.0,0.0,0.03,0.04,0.01,0.13,23.0,12.3,86.0,0.06,2.0,10.6,166.0,0.6,27.0,4.2,5.7,0.5,1.7,207.0,2.4,325.0,15.9,46.0,0.4,2.9,21.0,156.0,12.0,0.0,0.0,0.3,0.0,47.0,48.0,1.0,0.08,0.11,2.3,0.14,21.0,0.0,1.2,1.6,60.0,0.8
4.306,"Cod, breaded, pre-fried, roasted","Gadus morhua Linnaeus, 1758",4.1.2,https://www.matvaretabellen.no/en/cod-breaded-pre-fried-roasted/,157.0,kcal,662.0,kJ,100.0,0.0,0.0,0.02,0.03,0.68,0.04,0.17,0.98,0.48,0.03,0.0,0.0,0.0,0.03,0.04,0.01,0.14,24.0,13.3,89.0,0.06,2.0,3.5,179.0,0.7,30.0,1.0,6.2,0.23,0.55,224.0,1.0,351.0,17.2,25.0,0.3,0.8,23.0,140.0,13.0,0.0,0.0,0.3,0.0,25.0,25.0,1.1,0.08,0.11,2.3,0.17,22.0,0.0,0.7,1.4,64.0,0.8
4.252,"Cod, cured, simmered","Gadus morhua Linnaeus, 1758",4.1.2,https://www.matvaretabellen.no/en/cod-cured-simmered/,99.0,kcal,419.0,kJ,,0.0,0.0,0.0,0.01,0.12,0.01,0.03,0.06,0.0,0.0,0.0,0.0,0.0,0.01,0.09,0.01,0.25,18.0,0.0,91.0,0.03,0.0,1.4,320.0,0.2,36.0,0.1,8.4,0.35,0.03,295.0,0.4,527.0,21.5,8.0,2.2,0.1,36.0,881.0,0.0,0.0,0.0,0.0,0.0,8.0,8.0,1.7,0.07,0.05,2.2,0.14,13.0,0.0,0.8,1.1,77.0,0.6
4.326,"Cod, farmed, raw","Gadus morhua Linnaeus, 1758",4.1.2,https://www.matvaretabellen.no/en/cod-farmed-raw/,85.0,kcal,359.0,kJ,,0.0,0.0,0.0,0.01,0.05,0.01,0.02,0.03,0.01,0.0,0.0,0.0,0.0,0.01,0.05,0.01,0.09,22.0,0.0,82.0,0.03,0.0,0.5,279.0,0.2,26.0,0.1,7.6,0.16,0.02,207.0,0.2,424.0,20.0,2.0,0.2,0.1,30.0,75.0,0.0,0.0,0.0,0.0,0.0,2.0,2.0,1.0,0.02,0.09,3.9,0.26,11.0,0.0,0.7,0.5,79.0,0.5
4.282,"Cod, filled, breaded, pre-fried, fried in fat","Gadus morhua Linnaeus, 1758",4.1.2,https://www.matvaretabellen.no/en/cod-filled-breaded-pre-fried-fried-in-fat/,240.0,kcal,997.0,kJ,100.0,0.0,31.0,0.33,0.45,1.83,0.11,0.83,7.88,2.8,0.86,0.0,0.0,0.0,0.0,0.03,0.0,0.08,27.0,10.0,38.0,0.04,1.0,17.3,115.0,0.4,20.0,8.1,3.3,0.97,2.78,120.0,3.8,235.0,10.5,52.0,1.0,4.1,12.0,411.0,8.9,0.6,0.6,1.1,0.1,55.0,57.0,0.6,0.05,0.06,1.2,0.09,16.0,1.0,0.8,2.8,61.0,0.4
4.203,"Cod, filled, pre-fried, frozen","Gadus morhua Linnaeus, 1758",4.1.2,https://www.matvaretabellen.no/en/cod-filled-pre-fried-frozen/,170.0,kcal,709.0,kJ,100.0,0.0,22.0,0.06,0.22,1.01,0.07,0.36,4.58,1.58,0.56,0.0,0.0,0.0,0.0,0.03,0.0,0.08,25.0,9.4,33.0,0.04,0.9,9.9,108.0,0.4,21.0,4.8,3.1,0.67,1.57,125.0,2.3,260.0,10.4,32.0,1.1,2.0,11.0,425.0,8.3,0.5,0.5,1.0,0.1,34.0,35.0,0.6,0.06,0.07,1.2,0.11,19.0,1.0,0.3,2.6,69.0,0.4
4.346,"Cod, fillet, pan-fried","Gadus morhua Linnaeus, 1758",4.1.2,https://www.matvaretabellen.no/en/cod-fillet-pan-fried/,156.0,kcal,656.0,kJ,100.0,0.0,7.0,0.17,0.16,0.59,0.04,0.32,2.1,0.8,0.18,0.0,0.0,0.0,0.01,0.08,0.01,0.21,16.0,3.8,73.0,0.03,0.3,5.9,277.0,0.2,30.0,2.1,6.7,0.48,0.81,250.0,1.3,474.0,21.8,21.0,0.2,1.5,31.0,96.0,3.8,0.0,0.0,0.0,0.0,21.0,22.0,1.5,0.07,0.06,2.3,0.13,12.0,0.0,1.0,1.1,68.0,0.5
4.345,"Cod, fillet, roasted","Gadus morhua Linnaeus, 1758",4.1.2,https://www.matvaretabellen.no/en/cod-fillet-roasted/,142.0,kcal,598.0,kJ,100.0,0.0,13.0,0.18,0.16,0.6,0.04,0.33,2.17,0.78,0.19,0.0,0.0,0.0,0.01,0.07,0.01,0.2,15.0,0.0,76.0,0.03,0.0,6.0,288.0,0.1,29.0,2.2,6.8,0.48,0.8,253.0,1.2,483.0,22.1,32.0,0.3,1.5,32.0,100.0,0.0,0.0,0.0,0.0,0.0,33.0,34.0,1.6,0.05,0.05,2.0,0.14,12.0,0.0,1.0,1.6,72.0,0.5
4.251,"Cod, fillet, rolled in breadcrumbs, fried in fat","Gadus morhua Linnaeus, 1758",4.1.2,https://www.matvaretabellen.no/en/cod-fillet-rolled-in-breadcrumbs-fried-in-fat/,210.0,kcal,881.0,kJ,100.0,0.0,12.0,0.29,0.25,1.39,0.08,0.63,4.12,1.63,0.32,0.0,0.0,0.0,0.03,0.04,0.01,0.13,23.0,12.3,86.0,0.06,2.0,10.5,166.0,0.6,27.0,4.1,5.7,0.5,1.68,207.0,2.3,325.0,15.9,46.0,0.4,2.9,21.0,156.0,12.0,0.0,0.0,0.3,0.0,47.0,48.0,1.0,0.08,0.11,2.3,0.14,21.0,0.0,1.2,1.6,60.0,0.8
4.07,"Cod, fillet, rolled in breadcrumbs, raw","Gadus morhua Linnaeus, 1758",4.1.2,https://www.matvaretabellen.no/en/cod-fillet-rolled-in-breadcrumbs-raw/,142.0,kcal,599.0,kJ,100.0,0.0,0.0,0.02,0.03,0.64,0.04,0.16,0.93,0.46,0.03,0.0,0.0,0.0,0.03,0.04,0.01,0.13,21.0,11.6,77.0,0.06,1.0,3.3,156.0,0.7,29.0,0.9,5.4,0.21,0.52,216.0,0.9,360.0,15.8,25.0,0.4,0.8,20.0,143.0,11.3,0.0,0.0,0.3,0.0,25.0,25.0,1.1,0.09,0.11,2.4,0.16,24.0,0.0,0.7,1.3,68.0,0.7
4.249,"Cod, fillet, rolled in flour, fried in fat","Gadus morhua Linnaeus, 1758",4.1.2,https://www.matvaretabellen.no/en/cod-fillet-rolled-in-flour-fried-in-fat/,153.0,kcal,644.0,kJ,100.0,0.0,7.0,0.17,0.16,0.59,0.04,0.32,2.11,0.79,0.18,0.0,0.0,0.0,0.01,0.07,0.01,0.21,16.0,3.1,74.0,0.03,0.2,5.9,279.0,0.2,30.0,2.2,6.7,0.48,0.81,250.0,1.3,475.0,21.9,21.0,0.2,1.5,31.0,97.0,3.0,0.0,0.0,0.0,0.0,22.0,22.0,1.5,0.07,0.06,2.3,0.13,12.0,0.0,1.0,1.1,69.0,0.5
4.347,"Cod, fillet, simmered","Gadus morhua Linnaeus, 1758",4.1.2,https://www.matvaretabellen.no/en/cod-fillet-simmered/,100.0,kcal,425.0,kJ,100.0,0.0,0.0,0.0,0.02,0.12,0.02,0.03,0.06,0.0,0.0,0.0,0.0,0.0,0.02,0.09,0.02,0.26,18.0,0.0,93.0,0.03,0.0,1.5,325.0,0.2,35.0,0.1,8.5,0.36,0.03,299.0,0.4,533.0,21.8,8.0,0.3,0.2,36.0,103.0,0.0,0.0,0.0,0.0,0.0,8.0,8.0,1.7,0.07,0.05,2.2,0.14,13.0,0.0,0.8,1.2,77.0,0.6
4.042,"Cod, lightly salted, raw","Gadus morhua Linnaeus, 1758",4.1.2,https://www.matvaretabellen.no/en/cod-lightly-salted-raw/,77.0,kcal,328.0,kJ,80.0,0.0,0.0,0.0,0.01,0.08,0.01,0.02,0.04,0.0,0.0,0.0,0.0,0.0,0.01,0.06,0.01,0.17,11.0,0.0,55.0,0.02,0.0,1.0,213.0,0.1,25.0,0.1,5.0,0.24,0.02,208.0,0.3,421.0,17.2,6.0,1.6,0.1,24.0,622.0,0.0,0.0,0.0,0.0,0.0,6.0,6.0,1.3,0.06,0.05,1.9,0.12,11.0,0.0,0.5,0.7,82.0,0.4
4.039,"Cod, slices, raw","Gadus morhua Linnaeus, 1758",4.1.2,https://www.matvaretabellen.no/en/cod-slices-raw/,79.0,kcal,332.0,kJ,70.0,0.0,0.0,0.0,0.01,0.08,0.01,0.02,0.04,0.0,0.0,0.0,0.0,0.0,0.01,0.06,0.01,0.17,11.0,0.0,58.0,0.02,0.0,1.0,216.0,0.1,24.0,0.1,5.2,0.24,0.02,211.0,0.3,426.0,17.4,6.0,0.2,0.1,27.0,73.0,0.0,0.0,0.0,0.0,0.0,6.0,6.0,1.3,0.05,0.11,2.0,0.2,7.0,0.0,0.5,1.1,82.0,0.4
4.248,"Cod, slices, simmered","Gadus morhua Linnaeus, 1758",4.1.2,https://www.matvaretabellen.no/en/cod-slices-simmered/,100.0,kcal,425.0,kJ,,0.0,0.0,0.0,0.02,0.12,0.02,0.03,0.06,0.0,0.0,0.0,0.0,0.0,0.02,0.09,0.02,0.26,18.0,0.0,97.0,0.03,0.0,1.5,325.0,0.2,35.0,0.1,8.7,0.36,0.03,299.0,0.4,533.0,21.8,8.0,0.3,0.2,41.0,103.0,0.0,0.0,0.0,0.0,0.0,8.0,8.0,1.7,0.06,0.13,2.3,0.23,8.0,0.0,0.8,1.8,77.0,0.6
4.253,"Cod, split, salted and dried",,4.1.2,https://www.matvaretabellen.no/en/cod-split-salted-and-dried/,268.0,kcal,1136.311475409836,kJ,75.0,0.0,0.0,0.0,0.01,0.18,0.02,0.05,0.15,0.01,0.0,0.0,0.0,0.0,0.02,0.11,0.02,0.31,140.0,0.0,125.0,0.17,0.0,1.1,130.0,2.6,13.0,0.2,17.9,0.0,0.04,779.0,0.7,,64.3,0.0,17.0,0.2,20.0,6809.0,0.0,0.0,0.0,0.0,0.0,0.0,0.0,8.2,0.01,0.2,6.1,0.02,0.0,0.0,0.3,0.1,35.0,0.3
4.327,"Cod, unspecified, raw","Gadus morhua Linnaeus, 1758",4.1.2,https://www.matvaretabellen.no/en/cod-unspecified-raw/,79.0,kcal,335.0,kJ,45.0,0.0,0.0,0.0,0.01,0.08,0.01,0.02,0.04,0.0,0.0,0.0,0.0,0.0,0.01,0.06,0.01,0.16,12.0,0.0,58.0,0.02,0.0,0.9,223.0,0.1,25.0,0.1,5.3,0.23,0.02,210.0,0.3,426.0,17.7,5.0,0.2,0.1,23.0,73.0,0.0,0.0,0.0,0.0,0.0,5.0,5.0,1.3,0.05,0.05,2.1,0.13,11.0,0.0,0.5,0.7,81.0,0.4
4.038,"Cod, wild, raw","Gadus morhua Linnaeus, 1758",4.1.2,https://www.matvaretabellen.no/en/cod-wild-raw/,79.0,kcal,332.0,kJ,45.0,0.0,0.0,0.0,0.01,0.08,0.01,0.02,0.04,0.0,0.0,0.0,0.0,0.0,0.01,0.06,0.01,0.17,11.0,0.0,56.0,0.02,0.0,1.0,216.0,0.1,24.0,0.1,5.1,0.24,0.02,211.0,0.3,426.0,17.4,6.0,0.2,0.1,24.0,73.0,0.0,0.0,0.0,0.0,0.0,6.0,6.0,1.3,0.06,0.05,1.9,0.12,11.0,0.0,0.5,0.7,82.0,0.4
1.176,"Coffee whitener, powder, Coffeemate",,10.6,https://www.matvaretabellen.no/en/coffee-whitener-powder-coffeemate/,548.0,kcal,2286.3,kJ,100.0,0.0,200.0,1.18,3.59,9.43,0.47,3.75,7.18,0.57,0.14,0.0,0.02,0.01,0.03,0.02,0.02,0.0,4.0,57.3,2.0,0.12,0.0,34.5,1.0,1.2,4.0,7.5,0.4,0.2,0.67,350.0,0.0,900.0,2.1,0.0,1.0,26.0,1.0,400.0,47.9,0.0,0.0,9.4,0.0,17.0,33.0,0.0,0.0,1.0,0.0,0.0,0.0,0.0,0.0,0.6,6.0,0.5
1.177,"Coffee whitener, vegetable fat",,10.6,https://www.matvaretabellen.no/en/coffee-whitener-vegetable-fat/,107.0,kcal,442.0,kJ,100.0,0.0,0.0,4.5,1.38,0.73,0.0,1.45,0.12,0.0,0.0,0.0,0.0,0.0,0.0,0.0,0.0,0.0,160.0,2.9,0.0,,0.0,10.2,1.0,,,0.8,,0.0,0.0,0.0,0.3,500.0,0.9,,1.3,8.6,,530.0,0.0,2.9,2.9,2.9,0.0,,,0.0,,,,,,0.0,,,85.0,
13.009,"Coffee, infusion",,9.1,https://www.matvaretabellen.no/en/coffee-infusion/,1.0,kcal,3.0,kJ,100.0,0.0,0.0,0.0,0.0,0.0,0.0,0.0,0.0,0.0,0.0,0.0,0.0,0.0,0.0,0.0,0.0,0.0,4.0,0.0,0.0,0.0,0.0,0.0,0.1,0.0,1.0,0.0,0.2,0.0,0.0,8.0,0.0,99.0,0.1,0.0,0.0,0.0,0.0,0.0,0.0,0.0,0.0,0.0,0.0,0.0,0.0,0.0,0.01,0.08,0.2,0.0,0.0,0.0,0.0,0.0,100.0,0.0
6.23,Coleslaw,,8.3,https://www.matvaretabellen.no/en/coleslaw/,86.0,kcal,359.0,kJ,100.0,0.0,719.0,0.11,0.35,1.13,0.09,0.41,2.15,0.55,0.2,0.0,0.0,0.0,0.0,0.0,0.0,0.0,43.0,6.0,10.0,0.02,2.0,6.1,2.0,0.2,10.0,2.4,0.4,0.2,0.51,28.0,0.8,203.0,1.0,50.0,0.4,2.4,0.0,162.0,0.3,1.0,1.0,5.7,0.1,110.0,169.0,0.0,0.03,0.07,0.2,0.11,19.0,9.0,0.0,0.9,85.0,0.1
6.54,"Compote, made from fruits and berries",,13.3,https://www.matvaretabellen.no/en/compote-made-from-fruits-and-berries/,102.0,kcal,434.0,kJ,100.0,0.0,12.0,0.0,0.0,0.0,0.0,0.0,0.01,0.0,0.0,0.0,0.0,0.0,0.0,0.0,0.0,0.0,3.0,25.0,0.0,0.03,0.8,0.0,0.4,0.0,2.0,0.0,0.1,0.0,0.0,7.0,0.0,40.0,0.1,0.0,0.0,0.0,0.0,0.0,2.6,19.0,19.0,22.4,0.0,1.0,2.0,0.0,0.0,0.0,0.09,0.01,0.3,1.0,0.0,0.1,74.0,0.0
4.12,"Conger eel, raw","Conger conger (Linnaeus, 1758)",4.1.1,https://www.matvaretabellen.no/en/conger-eel-raw/,119.0,kcal,498.0,kJ,80.0,0.0,0.0,0.0,0.33,0.6,0.16,0.1,0.6,0.07,0.07,0.01,0.0,0.06,0.02,0.36,0.07,0.58,13.0,0.0,142.0,0.2,0.0,5.2,43.0,0.1,22.0,2.4,6.8,1.35,0.1,215.0,1.0,408.0,18.0,600.0,0.1,1.2,90.0,56.0,0.0,0.0,0.0,0.0,0.0,600.0,600.0,3.0,0.09,0.04,3.5,0.25,12.0,1.0,30.0,2.8,77.0,1.4
5.46,"Cookie, Christmas, Berlinerkrans",,5.8,https://www.matvaretabellen.no/en/cookie-christmas-berlinerkrans/,489.0,kcal,2038.9712718200171,kJ,100.0,0.0,131.0,0.78,2.62,8.08,0.67,2.94,6.43,1.12,0.14,0.0,0.0,0.0,0.05,0.0,0.0,0.03,27.0,47.4,150.0,0.08,2.0,29.6,15.0,1.0,16.0,7.5,1.9,0.17,0.93,108.0,1.5,105.0,7.3,235.0,0.4,17.5,7.0,158.0,26.8,20.2,20.2,20.6,0.8,246.0,256.0,0.5,0.09,0.07,0.5,0.07,10.0,0.0,4.0,2.0,14.0,0.7
5.461,"Cookie, Christmas, Goro",,5.8,https://www.matvaretabellen.no/en/cookie-christmas-goro/,466.0,kcal,1944.6193221497451,kJ,100.0,0.0,143.0,0.83,2.76,8.1,0.66,2.95,6.08,0.82,0.14,0.0,0.0,0.0,0.02,0.0,0.0,0.01,31.0,44.3,102.0,0.06,2.0,29.2,12.0,0.7,14.0,7.1,1.5,0.15,0.57,88.0,1.1,92.0,5.8,234.0,0.3,17.9,4.0,135.0,29.2,14.4,14.4,15.2,0.8,246.0,257.0,0.2,0.08,0.08,0.4,0.05,7.0,1.0,2.9,1.1,19.0,0.4
5.106,"Cookie, Christmas, Serinakake",,5.8,https://www.matvaretabellen.no/en/cookie-christmas-serinakake/,445.0,kcal,1863.2891847379908,kJ,100.0,0.0,86.0,1.13,1.13,3.25,0.2,1.94,8.06,2.75,0.73,0.0,0.0,0.0,0.03,0.0,0.0,0.01,26.0,51.6,64.0,0.1,2.0,22.6,8.0,0.9,24.0,8.4,2.1,0.75,2.74,97.0,3.6,121.0,7.8,201.0,0.4,8.8,4.0,141.0,29.1,22.0,22.0,22.5,0.2,208.0,215.0,0.2,0.1,0.08,0.6,0.06,10.0,1.0,2.9,3.6,16.0,0.6
5.434,"Cookie, Christmas, brune pinner",,5.8,https://www.matvaretabellen.no/en/cookie-christmas-brune-pinner/,476.0,kcal,1993.932266759412,kJ,100.0,0.0,88.0,0.53,1.76,5.58,0.45,2.0,6.33,1.54,0.1,0.0,0.0,0.0,0.03,0.0,0.0,0.01,39.0,58.5,87.0,0.14,2.0,23.2,10.0,1.0,32.0,7.0,1.9,0.11,1.4,108.0,1.8,138.0,7.2,154.0,0.7,11.9,4.0,296.0,23.7,34.1,34.1,34.9,0.5,161.0,168.0,0.2,0.09,0.12,0.6,0.06,12.0,1.0,2.5,2.8,9.0,0.7
5.438,"Cookie, Christmas, hvite kakemenn",,5.8,https://www.matvaretabellen.no/en/cookie-christmas-hvite-kakemenn/,367.0,kcal,1545.2876477825923,kJ,100.0,0.0,40.0,0.26,0.86,2.54,0.2,0.89,1.83,0.52,0.06,0.0,0.0,0.0,0.0,0.0,0.0,0.0,37.0,62.7,21.0,0.09,2.0,9.3,6.0,0.6,20.0,2.1,1.9,0.06,0.44,86.0,0.6,132.0,6.9,62.0,0.6,5.6,1.0,245.0,34.5,27.2,27.2,28.3,0.3,65.0,68.0,0.1,0.1,0.05,0.6,0.06,4.0,1.0,1.0,0.4,19.0,0.5
5.44,"Cookie, Christmas, krumkaker",,5.8,https://www.matvaretabellen.no/en/cookie-christmas-krumkaker/,439.0,kcal,1835.632020606524,kJ,100.0,0.0,110.0,0.66,2.21,6.87,0.57,2.51,5.53,0.97,0.12,0.0,0.0,0.0,0.05,0.0,0.0,0.03,26.0,45.4,140.0,0.06,1.0,25.2,16.0,0.9,13.0,6.4,1.8,0.15,0.82,95.0,1.3,99.0,7.0,207.0,0.4,14.8,7.0,157.0,18.3,26.8,26.8,27.1,0.6,216.0,225.0,0.4,0.07,0.11,0.3,0.06,12.0,0.0,3.4,1.9,21.0,0.6
5.463,"Cookie, Christmas, sandkake",,5.8,https://www.matvaretabellen.no/en/cookie-christmas-sandkake/,514.0,kcal,2141.56420714374,kJ,100.0,0.0,122.0,0.73,2.42,7.49,0.6,2.66,9.24,2.26,0.12,0.0,0.0,0.0,0.01,0.0,0.0,0.01,46.0,46.6,84.0,0.19,3.0,31.9,11.0,1.0,47.0,10.2,2.5,0.13,2.04,129.0,2.5,174.0,8.7,197.0,0.4,16.1,4.0,143.0,27.3,18.4,18.4,19.3,0.7,207.0,217.0,0.1,0.11,0.1,0.9,0.07,12.0,1.0,3.1,3.9,10.0,0.8
5.464,"Cookie, Christmas, sirupssnipper",,5.8,https://www.matvaretabellen.no/en/cookie-christmas-sirupssnipper/,408.0,kcal,1711.5475322306038,kJ,100.0,0.0,60.0,0.57,1.05,3.1,0.23,1.32,4.96,1.54,0.18,0.0,0.0,0.0,0.0,0.0,0.0,0.0,51.0,57.8,23.0,0.18,3.0,15.7,3.0,0.8,40.0,5.3,2.1,0.18,1.45,99.0,1.8,177.0,7.4,103.0,0.6,7.2,2.0,222.0,30.4,26.5,26.5,27.4,0.3,108.0,113.0,0.1,0.1,0.08,0.8,0.06,7.0,1.0,1.0,2.2,16.0,0.6
5.14,"Cookie, macaroon with oats",,5.8,https://www.matvaretabellen.no/en/cookie-macaroon-with-oats/,413.0,kcal,1735.49174718398,kJ,100.0,0.0,40.0,0.53,0.54,2.23,0.14,1.06,4.85,2.25,0.38,0.0,0.01,0.0,0.05,0.0,0.0,0.03,51.0,57.5,93.0,0.18,5.0,14.4,10.0,2.2,56.0,5.1,2.6,0.41,2.3,320.0,2.7,222.0,10.8,122.0,0.5,5.0,7.0,212.0,32.9,24.0,24.0,24.6,0.1,125.0,128.0,0.3,0.24,0.13,0.5,0.09,19.0,0.0,1.9,2.6,12.0,1.5
5.433,"Cookie, sweet, biscotti",,5.8,https://www.matvaretabellen.no/en/cookie-sweet-biscotti/,450.0,kcal,1891.4650897969807,kJ,100.0,0.0,7.0,0.0,0.0,1.34,0.1,0.37,9.07,3.45,0.04,0.0,0.0,0.0,0.03,0.0,0.0,0.02,93.0,60.1,54.0,0.37,5.0,16.6,6.0,1.7,77.0,9.2,3.3,0.06,3.51,305.0,3.6,309.0,12.8,24.0,0.4,1.7,5.0,177.0,29.6,28.5,28.5,30.5,0.0,24.0,25.0,0.2,0.16,0.28,1.0,0.13,29.0,2.0,0.4,6.7,6.0,1.4
5.508,"Cookie, with almond filling, Napoleonshatt",,5.8,https://www.matvaretabellen.no/en/cookie-with-almond-filling-napoleonshatt/,461.0,kcal,1925.8565837824929,kJ,100.0,0.0,89.0,0.53,1.78,5.61,0.45,2.0,7.44,1.9,0.09,0.0,0.0,0.0,0.01,0.0,0.0,0.01,43.0,50.1,66.0,0.17,3.0,24.8,8.0,0.9,42.0,8.1,2.2,0.1,1.74,113.0,2.1,169.0,8.1,146.0,0.3,12.0,3.0,119.0,22.1,27.0,27.0,28.0,0.5,154.0,160.0,0.1,0.09,0.15,0.7,0.06,13.0,0.0,2.3,3.5,15.0,0.7
6.194,Coriander seeds,Coriandrum sativum L.,16,https://www.matvaretabellen.no/en/coriander-seeds/,346.0,kcal,1425.51,kJ,100.0,0.0,0.0,0.0,0.02,0.81,0.1,0.11,13.48,1.75,0.0,0.0,0.0,0.0,0.0,0.0,0.0,0.0,709.0,13.1,0.0,0.98,42.0,17.8,,16.3,330.0,13.6,4.2,0.0,1.75,409.0,1.8,1267.0,12.4,0.0,0.1,1.0,26.0,35.0,,0.0,0.0,0.0,0.0,0.0,0.0,0.0,0.24,0.29,2.1,,0.0,21.0,0.0,,15.0,4.7
6.16,"Coriander, dried",Coriandrum sativum L.,16,https://www.matvaretabellen.no/en/coriander-dried/,318.0,kcal,1338.37,kJ,100.0,0.0,3407.0,0.0,0.0,0.01,0.0,0.0,0.25,0.04,0.0,0.0,0.0,0.0,0.0,0.0,0.0,0.0,1246.0,41.5,0.0,1.79,10.0,4.8,6.0,42.5,694.0,2.2,14.4,0.0,0.04,481.0,0.3,4466.0,21.9,0.0,0.5,0.1,29.0,211.0,34.2,0.0,0.0,7.3,0.0,284.0,567.0,0.0,1.25,1.5,10.7,0.61,274.0,567.0,0.0,1.0,21.0,4.7
6.121,"Coriander, raw",Coriandrum sativum L.,16,https://www.matvaretabellen.no/en/coriander-raw/,24.0,kcal,98.0,kJ,85.0,0.0,3930.0,0.0,0.0,0.01,0.0,0.0,0.25,0.04,0.0,0.0,0.0,0.0,0.0,0.0,0.0,0.0,67.0,1.2,0.0,0.23,3.0,0.5,0.7,1.8,26.0,0.3,1.5,0.0,0.04,48.0,0.0,521.0,2.1,0.0,0.1,0.0,1.0,46.0,0.3,0.0,0.0,0.9,0.0,328.0,655.0,0.0,0.07,0.16,1.1,0.15,62.0,27.0,0.0,2.5,93.0,0.5
5.475,"Corn and rice flakes, breakfast cereal, gluten-free, special flakes, Semper",,5.3,https://www.matvaretabellen.no/en/corn-and-rice-flakes-breakfast-cereal-gluten-free-special-flakes-semper/,370.0,kcal,1569.87,kJ,100.0,0.0,4.0,0.0,0.0,0.15,0.0,0.01,0.19,0.05,0.0,0.0,0.0,0.0,0.0,0.0,0.0,0.0,8.0,84.0,0.0,0.18,1.0,0.7,0.0,12.0,32.0,0.2,26.0,0.0,0.05,117.0,0.2,88.0,6.2,0.0,0.4,0.2,0.0,174.0,75.0,9.0,9.0,9.0,0.0,0.0,0.0,1.3,1.8,2.9,25.0,2.5,250.0,0.0,0.0,0.0,8.0,1.4
5.477,"Corn and rice flakes, gluten-free, Schär",,5.3,https://www.matvaretabellen.no/en/corn-and-rice-flakes-gluten-free-schar/,339.0,kcal,1436.8,kJ,100.0,0.0,0.0,0.0,0.0,0.14,0.0,0.01,0.17,0.03,0.0,0.0,0.0,0.0,0.0,0.0,0.0,0.0,31.0,74.7,0.0,0.23,5.0,0.6,0.0,3.6,32.0,0.1,26.1,0.0,0.03,122.0,0.2,120.0,6.3,0.0,0.6,0.1,0.0,232.0,67.4,4.9,11.2,7.3,0.0,0.0,0.0,1.3,1.8,2.0,25.0,2.5,250.0,0.0,0.0,0.0,14.0,1.3
5.033,"Corn flakes, Kelloggs",,5.3,https://www.matvaretabellen.no/en/corn-flakes-kelloggs/,381.0,kcal,1616.2,kJ,100.0,0.0,45.0,0.0,0.0,0.17,0.02,0.01,0.14,0.38,0.02,0.0,0.0,0.0,0.0,0.0,0.0,0.0,4.0,84.1,0.0,0.62,4.0,1.0,2.0,0.2,11.0,0.1,1.6,0.02,0.38,45.0,0.4,83.0,7.1,0.0,1.1,0.2,0.0,450.0,75.3,8.8,8.8,8.8,0.0,4.0,7.0,0.0,0.05,0.05,0.4,0.07,4.0,0.0,0.0,0.0,4.0,2.0
5.476,"Corn flakes, gluten-free, Schär",,5.3,https://www.matvaretabellen.no/en/corn-flakes-gluten-free-schar/,341.0,kcal,1446.45,kJ,100.0,0.0,17.0,0.0,0.0,0.02,0.0,0.0,0.05,0.08,0.0,0.0,0.0,0.0,0.0,0.0,0.0,0.0,3.0,75.6,0.0,0.04,3.0,0.2,0.0,0.2,9.0,0.1,26.3,0.0,0.08,41.0,0.1,83.0,7.5,0.0,1.8,0.0,0.0,707.0,72.8,1.8,1.8,2.8,0.0,1.0,2.0,1.3,1.8,2.0,25.0,2.5,250.0,0.0,0.0,0.2,13.0,0.2
5.531,"Corn flakes, gluten-free, without added sugar, organic, Det Glutenfrie Verksted",,5.3,https://www.matvaretabellen.no/en/corn-flakes-gluten-free-without-added-sugar-organic-det-glutenfrie-verksted/,371.0,kcal,1573.0,kJ,100.0,0.0,299.0,0.0,0.0,0.16,0.0,0.04,0.25,0.41,0.0,0.0,0.0,0.0,0.0,0.0,0.0,0.0,35.0,80.0,0.0,0.33,5.0,1.0,5.0,4.7,87.0,0.3,2.7,0.01,0.41,497.0,0.4,232.0,8.0,0.0,0.0,0.2,0.0,5.0,79.7,0.0,0.0,0.3,0.0,25.0,49.0,0.0,0.44,0.13,1.9,0.06,10.0,0.0,0.0,1.1,6.0,4.6
5.239,"Corn flakes, sugar coated, Frosties",,5.3,https://www.matvaretabellen.no/en/corn-flakes-sugar-coated-frosties/,372.0,kcal,1579.6,kJ,100.0,0.0,6.0,0.0,0.0,0.11,0.0,0.0,0.23,0.45,0.0,0.0,0.0,0.0,0.0,0.0,0.0,0.0,4.0,85.2,0.0,0.04,3.0,0.9,2.0,0.3,7.0,0.2,1.0,0.0,0.45,25.0,0.4,74.0,4.3,0.0,0.8,0.2,2.0,320.0,49.3,36.0,36.0,35.9,0.0,1.0,1.0,0.0,0.02,0.02,0.3,0.06,8.0,0.0,0.0,0.0,7.0,0.0
5.015,Corn starch,Zea mays L.,5.1,https://www.matvaretabellen.no/en/corn-starch/,355.0,kcal,1509.6,kJ,100.0,0.0,0.0,0.0,0.0,0.0,0.0,0.0,0.0,0.0,0.0,0.0,0.0,0.0,0.0,0.0,0.0,0.0,8.0,88.8,0.0,0.0,0.0,0.0,0.0,0.1,2.0,0.0,0.0,0.0,0.0,13.0,0.0,5.0,0.0,0.0,0.0,0.0,0.0,6.0,88.8,0.0,0.0,0.0,0.0,0.0,0.0,0.0,0.0,0.0,0.0,0.0,0.0,,0.0,0.0,11.0,0.0
5.013,Cornmeal,Zea mays L.,5.1,https://www.matvaretabellen.no/en/cornmeal/,364.0,kcal,1541.9,kJ,100.0,0.0,110.0,0.0,0.0,0.27,0.0,0.04,0.59,1.0,0.03,0.0,0.0,0.0,0.0,0.0,0.0,0.0,2.0,77.0,0.0,0.11,6.0,2.3,0.0,1.5,53.0,0.6,1.6,0.03,1.0,138.0,1.0,182.0,6.0,0.0,0.0,0.3,0.0,0.0,76.1,0.0,0.0,0.9,0.0,9.0,18.0,0.0,0.14,0.05,1.0,0.1,10.0,0.0,0.0,1.1,9.0,1.0
13.08,"Cortado, single",,9.1,https://www.matvaretabellen.no/en/cortado-single/,42.0,kcal,178.0,kJ,100.0,0.0,10.0,0.06,0.18,0.5,0.04,0.18,0.36,0.03,0.01,0.0,0.0,0.0,0.0,0.0,0.0,0.0,62.0,4.7,5.0,0.01,0.0,1.8,10.0,0.0,23.0,0.4,0.5,0.01,0.01,45.0,0.0,75.0,2.0,20.0,0.1,1.1,1.0,20.0,2.5,0.0,0.0,2.3,0.1,21.0,21.0,0.2,0.02,0.07,0.05,0.02,1.0,0.0,0.0,0.1,92.0,0.2
13.129,"Cortado, single, with lactose free milk",,9.1,https://www.matvaretabellen.no/en/cortado-single-with-lactose-free-milk/,36.0,kcal,152.0,kJ,100.0,0.0,7.0,0.04,0.11,0.32,0.03,0.12,0.23,0.02,0.0,0.0,0.0,0.0,0.0,0.0,0.0,0.0,65.0,4.0,3.0,0.0,0.0,1.1,9.0,0.0,22.0,0.3,0.6,0.0,0.0,46.0,0.0,78.0,2.5,16.0,0.0,0.7,1.0,15.0,2.5,0.0,0.0,1.6,0.0,17.0,17.0,0.2,0.01,0.03,0.05,0.01,2.0,0.0,0.0,0.0,92.0,0.2
13.13,"Cortado, single, with oat based beverage",,9.1,https://www.matvaretabellen.no/en/cortado-single-with-oat-based-beverage/,40.0,kcal,168.0,kJ,100.0,0.0,0.0,0.0,0.0,0.06,0.0,0.01,0.24,0.17,0.03,0.0,0.0,0.0,0.0,0.0,0.0,0.0,48.0,7.8,0.0,0.02,0.0,0.5,5.0,0.1,19.0,0.2,0.2,0.03,0.17,14.0,0.2,18.0,1.0,0.0,0.0,0.1,0.0,17.0,5.6,0.0,0.0,2.2,0.0,0.0,0.0,0.1,0.04,0.07,0.0,0.01,7.0,0.0,0.5,0.1,91.0,0.0
13.131,"Cortado, single, with soy based beverage",,9.1,https://www.matvaretabellen.no/en/cortado-single-with-soy-based-beverage/,26.0,kcal,110.0,kJ,100.0,0.0,0.0,0.0,0.0,0.1,0.0,0.04,0.18,0.48,0.07,0.0,0.0,0.0,0.0,0.0,0.0,0.0,80.0,3.3,0.0,0.06,0.0,0.5,2.0,0.2,27.0,0.2,0.4,0.07,0.48,70.0,0.6,145.0,2.2,0.0,0.0,0.1,0.0,13.0,2.5,0.7,0.7,0.8,0.0,0.0,0.0,0.1,0.01,0.12,0.0,0.01,10.0,0.0,0.2,0.1,94.0,0.1
1.028,Cottage cheese,,1.4.6,https://www.matvaretabellen.no/en/cottage-cheese/,97.0,kcal,406.0,kJ,100.0,0.0,25.0,0.13,0.43,1.22,0.1,0.45,0.88,0.06,0.02,0.0,0.0,0.0,0.0,0.0,0.0,0.0,80.0,1.5,11.0,0.02,0.0,4.3,15.0,0.0,9.0,1.0,3.1,0.02,0.02,165.0,0.1,82.0,13.0,16.0,0.4,2.7,4.0,160.0,0.0,0.0,0.0,1.5,0.1,18.0,20.0,0.6,0.05,0.2,0.1,0.0,12.0,0.0,0.0,0.0,81.0,0.6
5.252,"Couscous, cooked",,5.2,https://www.matvaretabellen.no/en/couscous-cooked/,159.0,kcal,673.0,kJ,100.0,0.0,3.0,0.05,0.04,0.23,0.01,0.09,0.65,0.51,0.07,0.0,0.0,0.0,0.0,0.0,0.0,0.0,11.0,30.1,1.0,0.13,1.0,2.0,0.8,0.7,23.0,0.7,1.7,0.07,0.5,88.0,0.6,85.0,4.5,7.0,0.4,0.5,2.0,155.0,29.2,0.0,0.0,0.9,0.0,7.0,7.0,0.0,0.06,0.02,0.8,0.04,7.0,0.0,0.1,0.2,62.0,0.7
5.225,"Couscous, uncooked",,5.2,https://www.matvaretabellen.no/en/couscous-uncooked/,391.0,kcal,1657.7,kJ,100.0,0.0,0.0,0.0,0.0,0.27,0.0,0.02,0.24,0.79,0.05,0.0,0.0,0.0,0.0,0.0,0.0,0.0,28.0,79.2,0.0,0.36,4.0,2.1,2.0,2.0,59.0,0.3,4.6,0.05,0.79,238.0,0.8,287.0,12.0,0.0,0.0,0.3,5.0,4.0,76.9,0.0,0.0,2.3,0.0,0.0,0.0,0.0,0.28,0.06,2.6,0.15,28.0,0.0,0.0,0.1,3.0,1.8
6.191,"Cowpeas, blackeyes beans, uncooked",Vigna unguiculata (L.) Walp. ssp unguiculata,12,https://www.matvaretabellen.no/en/cowpeas-blackeyes-beans-uncooked/,324.0,kcal,1371.06,kJ,100.0,0.0,30.0,0.0,0.0,0.25,0.0,0.05,0.09,0.34,0.2,0.0,0.0,0.0,0.0,0.0,0.0,0.0,110.0,49.4,0.0,0.85,11.0,1.3,,8.3,184.0,0.1,6.0,0.2,0.34,424.0,0.5,1112.0,23.5,0.0,0.0,0.3,9.0,16.0,42.5,0.0,0.0,6.9,0.0,3.0,5.0,0.0,0.85,0.23,2.1,0.36,633.0,2.0,0.0,0.4,15.0,3.4
6.607,"Crab apple, raw",Malus sylvestris (L.) Mill. var. sylvestris,13.2,https://www.matvaretabellen.no/en/crab-apple-raw/,32.0,kcal,133.0,kJ,92.0,0.0,24.0,0.0,0.0,0.02,0.0,0.0,0.01,0.03,0.01,0.0,0.0,0.0,0.0,0.0,0.0,0.0,18.0,5.8,0.0,0.07,2.0,0.3,0.1,0.4,7.0,0.0,0.2,0.01,0.03,15.0,0.1,194.0,0.4,0.0,0.0,0.0,1.0,1.0,0.0,0.0,0.0,5.8,0.0,2.0,4.0,0.0,0.03,0.02,0.1,0.05,3.0,8.0,0.0,0.6,92.0,0.0
4.091,"Crab, plain, canned",,4.3,https://www.matvaretabellen.no/en/crab-plain-canned/,108.0,kcal,456.0,kJ,100.0,0.0,0.0,0.0,0.02,0.16,0.11,0.05,0.23,0.01,0.01,0.0,0.0,0.01,0.05,0.2,0.02,0.15,120.0,0.0,72.0,0.42,0.0,1.8,268.0,2.8,32.0,0.3,5.3,0.4,0.08,140.0,0.6,100.0,22.9,0.0,1.4,0.4,50.0,550.0,0.0,0.0,0.0,0.0,0.0,0.0,0.0,13.5,0.05,0.4,1.1,0.3,10.0,0.0,0.0,1.2,75.0,5.7
4.265,"Crabsticks, frozen",,4.3,https://www.matvaretabellen.no/en/crabsticks-frozen/,125.0,kcal,531.0,kJ,100.0,0.0,0.0,0.0,0.01,0.12,0.02,0.04,0.33,0.19,0.03,0.0,0.0,0.01,0.01,0.06,0.03,0.2,16.0,13.9,44.0,0.05,0.3,1.6,137.0,0.4,25.0,0.4,6.4,0.28,0.24,192.0,0.6,328.0,13.6,6.0,2.0,0.2,22.0,809.0,10.3,3.5,3.5,3.5,0.0,6.0,6.0,2.7,0.05,0.14,2.2,0.32,12.0,0.0,0.8,0.7,71.0,0.5
5.075,"Cracker, Cream cracker",,5.8,https://www.matvaretabellen.no/en/cracker-cream-cracker/,171.0,kcal,715.0,kJ,100.0,0.0,0.0,1.53,0.62,0.72,0.02,0.2,3.55,1.6,0.45,0.0,0.0,0.0,0.0,0.0,0.0,0.0,13.0,11.2,0.0,0.12,3.0,9.8,2.0,1.3,19.0,3.7,2.2,0.46,1.6,75.0,2.0,14.0,8.0,0.0,2.2,3.6,4.0,885.0,0.2,11.0,11.0,11.0,0.0,0.0,0.0,0.0,0.1,0.04,0.8,0.01,21.0,0.0,0.0,2.2,68.0,0.7
5.154,"Cracker, fatty, salted, Ritz, Seltiner",,5.8,https://www.matvaretabellen.no/en/cracker-fatty-salted-ritz-seltiner/,466.0,kcal,1950.666666666668,kJ,100.0,0.0,0.0,3.14,1.33,5.72,0.01,1.74,6.01,1.83,0.06,0.0,0.0,0.0,0.0,0.0,0.0,0.0,108.0,53.5,0.0,0.13,4.0,23.4,1.0,1.2,25.0,6.8,3.2,0.09,1.83,223.0,2.1,170.0,8.6,0.0,2.1,12.1,3.0,832.0,46.1,5.6,5.6,7.4,0.1,0.0,0.0,0.0,0.14,0.06,1.8,0.14,19.0,0.0,0.0,2.4,11.0,0.7
5.473,"Cracker, gluten-free, salted, Salti",,5.8,https://www.matvaretabellen.no/en/cracker-gluten-free-salted-salti/,439.0,kcal,1847.02,kJ,100.0,0.0,8.0,0.01,0.12,5.16,0.04,0.54,4.53,1.76,0.12,0.0,0.0,0.0,0.0,0.0,0.0,0.0,16.0,76.9,0.0,0.05,2.0,13.0,0.0,0.4,18.0,4.5,0.6,0.12,1.76,60.0,1.9,116.0,2.6,0.0,1.7,5.7,0.0,680.0,69.6,5.0,5.0,7.3,0.0,1.0,1.0,0.0,0.03,0.02,0.2,0.03,15.0,0.0,0.0,4.2,6.0,0.2
5.152,"Cracker, low-fat, Kaptein",,5.8,https://www.matvaretabellen.no/en/cracker-low-fat-kaptein/,372.0,kcal,1570.3,kJ,100.0,0.0,0.0,0.02,0.03,1.08,0.01,0.51,2.11,0.87,0.04,0.0,0.0,0.0,0.0,0.0,0.0,0.0,20.0,61.1,0.0,0.19,5.0,6.4,1.0,1.4,26.0,2.3,3.7,0.46,0.45,105.0,0.9,175.0,14.8,0.0,1.4,1.7,5.0,554.0,58.5,1.3,1.3,2.6,,0.0,0.0,0.0,0.17,0.03,1.2,0.14,12.0,0.0,0.0,0.9,12.0,1.1
5.077,"Cracker, wholemeal flour, Kornmo",,5.8,https://www.matvaretabellen.no/en/cracker-wholemeal-flour-kornmo/,420.0,kcal,1766.7867762247722,kJ,100.0,0.0,0.0,0.24,0.09,0.88,0.0,0.55,3.43,6.82,0.08,0.0,0.0,0.0,0.0,0.0,0.0,0.0,23.0,62.4,0.0,0.19,7.0,12.9,0.0,1.8,60.0,3.5,4.1,0.1,6.8,174.0,6.9,248.0,10.1,0.0,0.3,2.0,1.0,139.0,49.0,12.9,12.9,13.4,0.0,0.0,0.0,0.0,0.27,0.05,2.3,0.14,10.0,1.0,0.0,5.3,7.0,1.3
6.228,"Cranberries, dried, sweetened",Vaccinium oxycoccos L,13.3,https://www.matvaretabellen.no/en/cranberries-dried-sweetened/,301.0,kcal,1275.78,kJ,100.0,0.0,0.0,0.0,0.0,0.01,0.0,0.01,0.17,0.02,0.0,0.0,0.0,0.0,0.0,0.0,0.0,0.0,14.0,71.9,0.0,0.04,7.0,0.0,0.0,0.2,7.0,0.2,0.2,0.0,0.02,9.0,0.0,84.0,0.0,0.0,0.0,0.0,0.0,0.0,1.2,65.3,65.3,70.7,0.0,0.0,0.0,0.0,0.02,0.06,0.2,0.19,2.0,0.0,0.0,1.0,22.0,0.1
6.765,"Cranberries, raw",Vaccinium oxycoccos L,13.1,https://www.matvaretabellen.no/en/cranberries-raw/,28.0,kcal,116.0,kJ,98.0,0.0,36.0,0.0,0.0,0.01,0.0,0.0,0.02,0.03,0.02,0.0,0.0,0.0,0.0,0.0,0.0,0.0,15.0,4.0,0.0,0.05,5.0,0.1,0.0,0.7,8.0,0.0,0.2,0.02,0.03,9.0,0.1,80.0,0.4,0.0,0.0,0.0,0.0,1.0,0.0,0.0,0.0,4.0,0.0,3.0,6.0,0.0,0.01,0.02,0.1,0.06,1.0,13.0,0.0,1.2,87.0,0.3
6.181,"Cranberry beans, uncooked",Phaseolus L.,12,https://www.matvaretabellen.no/en/cranberry-beans-uncooked/,308.0,kcal,1298.7,kJ,100.0,0.0,,0.0,0.0,0.3,0.0,0.02,0.11,0.29,0.24,0.0,0.0,0.0,0.0,0.0,0.0,0.0,102.0,43.7,0.0,0.7,17.0,2.0,,9.0,163.0,0.1,4.9,0.24,0.29,464.0,0.5,1478.0,20.2,0.0,0.0,0.3,16.0,3.0,40.2,0.0,0.0,3.5,0.0,,,0.0,0.5,0.12,1.5,0.31,604.0,0.0,0.0,,17.0,2.9
6.777,Cranberry juice,Vaccinium oxycoccos L,9.2,https://www.matvaretabellen.no/en/cranberry-juice/,51.0,kcal,218.0,kJ,100.0,0.0,27.0,0.0,0.0,0.01,0.0,0.0,0.02,0.04,0.03,0.0,0.0,0.0,0.0,0.0,0.0,0.0,8.0,12.1,0.0,0.06,0.1,0.1,6.0,0.3,6.0,0.0,0.2,0.03,0.04,13.0,0.1,77.0,0.4,0.0,0.0,0.0,0.0,2.0,0.0,0.0,12.1,12.1,0.0,2.0,4.0,0.0,0.01,0.02,0.09,0.05,1.0,9.0,0.0,1.2,87.0,0.1
4.121,"Crawfish, boiled",Procambarus clarkii,4.3,https://www.matvaretabellen.no/en/crawfish-boiled/,95.0,kcal,400.0,kJ,12.0,0.0,0.0,0.0,0.01,0.12,0.06,0.05,0.17,0.09,0.04,0.0,0.0,0.0,0.06,0.11,0.0,0.03,165.0,0.0,119.0,1.9,0.0,1.4,130.0,0.8,43.0,0.2,5.6,0.2,0.17,185.0,0.4,165.0,20.5,0.0,2.6,0.2,26.0,1040.0,0.0,0.0,0.0,0.0,0.0,0.0,0.0,5.6,0.14,0.15,1.8,1.5,22.0,0.0,0.5,2.1,78.0,2.0
1.269,"Cream cheese, Philadelphia",,1.4.6,https://www.matvaretabellen.no/en/cream-cheese-philadelphia/,281.0,kcal,1160.16,kJ,100.0,0.0,19.0,0.8,2.79,7.21,0.45,2.55,5.53,0.61,0.2,0.0,0.02,0.01,0.02,0.02,0.02,0.0,88.0,2.7,85.0,,0.0,27.3,7.0,0.1,7.0,6.4,1.5,0.6,0.63,95.0,1.2,71.0,6.1,284.0,0.7,18.0,3.0,268.0,0.0,0.0,0.0,2.7,0.0,285.0,287.0,0.2,0.03,0.17,0.07,0.04,15.0,0.0,0.1,0.7,64.0,0.7
1.117,"Cream cheese, goat milk, Snøfrisk",,1.4.6,https://www.matvaretabellen.no/en/cream-cheese-goat-milk-snofrisk/,254.0,kcal,1049.5,kJ,100.0,0.0,79.0,0.72,2.4,6.79,0.55,2.5,4.9,0.34,0.1,0.0,0.0,0.0,0.0,0.0,0.0,0.0,85.0,2.5,59.0,0.0,0.0,24.0,39.0,0.0,11.0,5.8,1.8,0.1,0.1,105.0,0.5,135.0,7.0,102.0,1.3,15.2,6.0,520.0,0.0,0.0,0.0,2.5,0.7,109.0,115.0,0.2,0.02,0.13,0.2,0.12,9.0,0.0,0.0,0.7,67.0,0.1
1.26,"Cream cheese, goat milk, Snøfrisk, chantarelle",,1.4.6,https://www.matvaretabellen.no/en/cream-cheese-goat-milk-snofrisk-chantarelle/,241.0,kcal,997.0,kJ,100.0,0.0,135.0,0.72,1.92,6.76,0.38,2.92,4.9,0.41,0.08,0.0,0.0,0.0,0.0,0.0,0.0,0.0,97.0,2.6,68.0,0.01,0.0,23.0,58.0,0.1,12.0,5.4,1.6,0.08,0.4,105.0,0.5,145.0,6.0,207.0,1.3,14.9,6.0,520.0,0.0,0.4,0.4,2.6,0.6,218.0,229.0,0.2,0.02,0.17,0.2,0.04,14.0,0.0,0.0,0.6,68.0,0.7
1.257,"Cream cheese, goat milk, Snøfrisk, dill",,1.4.6,https://www.matvaretabellen.no/en/cream-cheese-goat-milk-snofrisk-dill/,241.0,kcal,997.0,kJ,100.0,0.0,135.0,0.72,1.92,6.76,0.38,2.92,4.9,0.41,0.08,0.0,0.0,0.0,0.0,0.0,0.0,0.0,97.0,2.6,68.0,0.01,0.0,23.0,50.0,0.1,12.0,5.4,1.6,0.08,0.4,105.0,0.5,145.0,6.0,207.0,1.5,14.9,6.0,600.0,0.0,0.0,0.0,2.6,0.6,218.0,229.0,0.2,0.02,0.17,0.2,0.04,14.0,0.0,0.0,0.6,68.0,0.7
1.258,"Cream cheese, goat milk, Snøfrisk, red onion and thyme",,1.4.6,https://www.matvaretabellen.no/en/cream-cheese-goat-milk-snofrisk-red-onion-and-thyme/,242.0,kcal,999.0,kJ,100.0,0.0,135.0,0.72,1.92,6.76,0.38,2.92,4.9,0.41,0.08,0.0,0.0,0.0,0.0,0.0,0.0,0.0,97.0,2.7,68.0,0.01,0.0,23.0,60.0,0.1,12.0,5.4,1.6,0.08,0.4,105.0,0.5,145.0,6.0,207.0,1.6,14.9,6.0,640.0,0.0,0.0,0.0,2.7,0.6,218.0,229.0,0.2,0.02,0.17,0.2,0.04,14.0,0.0,0.0,0.6,68.0,0.7
1.212,"Cream cheese, herbs",,1.4.6,https://www.matvaretabellen.no/en/cream-cheese-herbs/,278.0,kcal,1146.9,kJ,100.0,0.0,159.0,0.81,2.7,7.64,0.62,2.81,5.51,0.38,0.11,0.0,0.0,0.0,0.0,0.0,0.0,0.0,96.0,2.7,66.0,0.01,0.0,27.0,26.0,0.1,9.0,6.5,1.4,0.11,0.11,120.0,0.6,120.0,6.0,244.0,1.0,17.1,8.0,400.0,0.0,0.0,0.0,2.7,0.8,257.0,270.0,0.3,0.03,0.19,0.0,0.03,15.0,0.0,0.0,0.7,64.0,0.7
1.271,"Cream cheese, light, Philadelphia",,1.4.6,https://www.matvaretabellen.no/en/cream-cheese-light-philadelphia/,196.0,kcal,815.0,kJ,100.0,0.0,11.0,0.53,1.65,4.27,0.27,1.51,3.28,0.36,0.12,0.0,0.01,0.01,0.01,0.01,0.01,0.0,52.0,5.3,50.0,,0.0,16.0,14.0,0.1,4.0,3.8,1.9,0.14,0.36,57.0,0.7,42.0,7.8,168.0,0.4,10.6,4.0,159.0,0.0,0.0,0.0,5.3,,169.0,169.0,0.1,0.02,0.1,0.04,0.02,18.0,0.0,0.1,0.4,71.0,0.4
1.254,"Cream cheese, pepper",,1.4.6,https://www.matvaretabellen.no/en/cream-cheese-pepper/,278.0,kcal,1146.9,kJ,100.0,0.0,159.0,0.81,2.7,7.64,0.62,2.81,5.51,0.38,0.11,0.0,0.0,0.0,0.0,0.0,0.0,0.0,96.0,2.7,66.0,0.01,0.0,27.0,26.0,0.1,9.0,6.5,1.4,0.11,0.11,120.0,0.6,120.0,6.0,244.0,1.0,17.1,8.0,400.0,0.0,0.0,0.0,2.7,0.8,257.0,270.0,0.3,0.03,0.19,0.0,0.03,15.0,0.0,0.0,0.7,64.0,0.7
1.15,"Cream cheese, plain",,1.4.6,https://www.matvaretabellen.no/en/cream-cheese-plain/,278.0,kcal,1146.9,kJ,100.0,0.0,159.0,0.81,2.7,7.64,0.62,2.81,5.51,0.38,0.11,0.0,0.0,0.0,0.0,0.0,0.0,0.0,96.0,2.7,66.0,0.01,0.0,27.0,26.0,0.1,9.0,6.5,1.4,0.11,0.11,120.0,0.6,120.0,6.0,244.0,1.0,17.1,8.0,400.0,0.0,0.0,0.0,2.7,0.8,257.0,270.0,0.3,0.03,0.19,0.0,0.03,15.0,0.0,0.0,0.7,64.0,0.7
1.253,"Cream cheese, spices",,1.4.6,https://www.matvaretabellen.no/en/cream-cheese-spices/,277.0,kcal,1145.2,kJ,100.0,0.0,159.0,0.81,2.7,7.64,0.62,2.81,5.51,0.38,0.11,0.0,0.0,0.0,0.0,0.0,0.0,0.0,96.0,2.6,66.0,0.01,0.0,27.0,26.0,0.1,9.0,6.5,1.4,0.11,0.11,120.0,0.6,120.0,6.0,244.0,1.0,17.1,8.0,400.0,0.0,0.0,0.0,2.6,0.8,257.0,270.0,0.3,0.03,0.19,0.0,0.03,15.0,0.0,0.0,0.7,64.0,0.7
5.18,"Cream puff, plain, no filling",,5.10,https://www.matvaretabellen.no/en/cream-puff-plain-no-filling/,393.0,kcal,1634.441754085385,kJ,100.0,0.0,105.0,1.37,1.38,4.52,0.31,2.61,9.96,3.34,0.9,0.0,0.01,0.0,0.1,0.0,0.0,0.05,38.0,21.7,183.0,0.08,1.0,29.1,21.0,1.3,18.0,10.5,2.7,0.95,3.41,144.0,4.5,133.0,10.5,291.0,0.5,11.6,11.0,218.0,21.3,0.0,0.0,0.4,0.2,300.0,308.0,0.6,0.1,0.19,0.4,0.09,19.0,0.0,4.4,5.2,37.0,0.9
1.178,"Cream substitute, vegetable fat, for cooking",,10.6,https://www.matvaretabellen.no/en/cream-substitute-vegetable-fat-for-cooking/,89.0,kcal,368.0,kJ,100.0,0.0,0.0,3.67,1.13,0.6,0.0,1.18,0.1,0.0,0.0,0.0,0.0,0.0,0.0,0.0,0.0,0.0,160.0,2.9,0.0,,0.0,8.2,1.0,,,1.8,,0.0,0.0,0.0,4.8,500.0,0.9,,1.3,1.3,,530.0,0.0,2.9,2.9,2.9,0.0,,,0.0,,,,,,0.0,,,88.0,
1.294,"Cream substitute, vegetable fat, oat, 13 %",,10.6,https://www.matvaretabellen.no/en/cream-substitute-vegetable-fat-oat-13/,146.0,kcal,605.0,kJ,100.0,0.0,0.0,0.0,0.0,0.06,0.02,0.31,7.52,2.43,0.91,,,,0.0,0.0,0.0,0.0,18.0,6.7,0.0,,0.9,12.8,0.0,0.0,4.0,7.7,0.1,0.91,2.43,26.0,3.3,31.0,0.7,0.0,0.1,1.0,0.0,48.0,3.5,0.0,0.0,3.2,,0.0,0.0,0.0,0.02,0.0,0.0,0.0,7.0,0.0,0.0,0.0,79.0,0.0
1.293,"Cream substitute, vegetable fat, soy, 17 % fat",,10.6,https://www.matvaretabellen.no/en/cream-substitute-vegetable-fat-soy-17-fat/,186.0,kcal,767.0,kJ,100.0,0.0,0.0,0.02,0.02,0.99,0.01,0.56,3.44,8.59,0.18,0.0,0.0,0.0,0.0,0.0,0.0,0.0,11.0,4.1,0.0,0.1,0.0,17.5,1.0,0.3,13.0,3.5,0.5,0.29,8.59,43.0,8.8,72.0,2.9,0.0,0.1,1.8,0.0,55.0,0.4,1.2,1.2,3.7,0.0,0.0,0.0,0.0,0.03,0.0,0.05,0.02,11.0,0.0,0.0,16.4,76.0,0.2
1.179,"Cream substitute, vegetable fat, whipped cream, canned",,10.6,https://www.matvaretabellen.no/en/cream-substitute-vegetable-fat-whipped-cream-canned/,260.0,kcal,1074.6,kJ,100.0,0.0,0.0,11.01,3.38,1.79,0.0,3.54,0.3,0.0,0.0,0.0,0.0,0.0,0.0,0.0,0.0,0.0,160.0,7.3,0.0,,0.0,25.0,1.0,,,1.9,,0.0,0.0,0.0,0.7,440.0,1.5,,2.2,21.3,,880.0,0.0,4.9,4.9,7.3,0.0,,,0.0,,,,,,0.0,,,66.0,
1.189,"Cream substitute, vegetable fat, whipping",,10.6,https://www.matvaretabellen.no/en/cream-substitute-vegetable-fat-whipping/,78.0,kcal,319.0,kJ,100.0,0.0,0.0,3.67,1.13,0.6,0.0,1.18,0.1,0.0,0.0,0.0,0.0,0.0,0.0,0.0,0.0,0.0,180.0,0.0,0.0,0.0,0.0,8.3,1.0,0.1,0.0,0.6,0.1,0.0,0.0,0.0,0.2,150.0,0.7,0.0,1.8,7.1,0.0,700.0,0.0,0.0,0.0,0.0,0.0,0.0,0.0,0.0,0.0,0.0,0.0,0.0,0.0,0.0,0.0,8.4,91.0,0.0
1.108,"Cream, coffee, 10 % fat",,1.3,https://www.matvaretabellen.no/en/cream-coffee-10-fat/,118.0,kcal,491.0,kJ,100.0,0.0,59.0,0.3,1.0,2.83,0.23,1.04,2.04,0.14,0.04,0.0,0.0,0.0,0.0,0.0,0.0,0.0,119.0,4.1,25.0,0.0,0.0,10.0,17.0,0.1,11.0,2.4,0.8,0.04,0.04,80.0,0.2,157.0,3.0,139.0,0.1,6.3,2.0,40.0,0.0,0.0,0.0,4.1,0.3,144.0,148.0,0.4,0.04,0.15,0.1,0.03,5.0,0.0,0.1,0.2,83.0,0.4
1.175,"Cream, household, 18 % fat",,1.3,https://www.matvaretabellen.no/en/cream-household-18-fat/,189.0,kcal,780.0,kJ,100.0,0.0,106.0,0.54,1.8,5.1,0.41,1.87,3.67,0.25,0.07,0.0,0.0,0.0,0.0,0.0,0.0,0.0,104.0,3.7,44.0,0.0,0.0,18.0,14.0,0.0,9.0,4.3,0.8,0.07,0.07,71.0,0.4,133.0,3.0,251.0,0.1,11.4,2.0,30.0,0.0,0.0,0.0,3.7,0.5,260.0,268.0,0.4,0.04,0.15,0.1,0.03,5.0,0.0,0.1,0.4,75.0,0.3
1.086,"Cream, sour, 35 % fat",,1.3,https://www.matvaretabellen.no/en/cream-sour-35-fat/,335.0,kcal,1378.3,kJ,100.0,0.0,206.0,1.05,3.5,9.91,0.8,3.64,7.14,0.49,0.14,0.0,0.0,0.0,0.0,0.0,0.0,0.0,80.0,2.9,86.0,0.0,0.0,35.0,13.0,0.0,6.0,8.4,0.5,0.14,0.14,53.0,0.8,97.0,2.0,488.0,0.1,22.2,1.0,30.0,0.0,0.0,0.0,2.9,1.0,505.0,522.0,0.2,0.03,0.15,0.0,0.02,4.0,0.0,0.2,0.8,60.0,0.2
1.089,"Cream, sour, 35 % fat, Crème Fraîche",,1.3,https://www.matvaretabellen.no/en/cream-sour-35-fat-creme-fraiche/,335.0,kcal,1378.3,kJ,100.0,0.0,206.0,1.05,3.5,9.91,0.8,3.64,7.14,0.49,0.14,0.0,0.0,0.0,0.0,0.0,0.0,0.0,80.0,2.9,86.0,0.0,0.0,35.0,17.0,0.0,6.0,8.4,0.5,0.14,0.14,53.0,0.8,97.0,2.0,488.0,0.1,22.2,1.0,30.0,0.0,0.0,0.0,2.9,1.0,505.0,522.0,0.2,0.03,0.15,0.0,0.02,4.0,0.0,0.2,0.8,60.0,0.2
1.088,"Cream, sour, extra low-fat, 10 % fat",,1.3,https://www.matvaretabellen.no/en/cream-sour-extra-low-fat-10-fat/,118.0,kcal,491.0,kJ,100.0,0.0,59.0,0.3,1.0,2.83,0.23,1.04,2.04,0.14,0.04,0.0,0.0,0.0,0.0,0.0,0.0,0.0,119.0,4.1,25.0,0.0,0.0,10.0,17.0,0.1,11.0,2.4,0.8,0.04,0.04,79.0,0.2,156.0,3.0,39.0,0.1,6.3,2.0,30.0,0.0,0.0,0.0,4.1,0.3,44.0,48.0,0.4,0.04,0.1,0.1,0.03,5.0,0.0,0.1,0.2,83.0,0.4
1.087,"Cream, sour, low-fat, 18 % fat",,1.3,https://www.matvaretabellen.no/en/cream-sour-low-fat-18-fat/,189.0,kcal,780.0,kJ,100.0,0.0,106.0,0.54,1.8,5.09,0.41,1.87,3.67,0.25,0.07,0.0,0.0,0.0,0.0,0.0,0.0,0.0,105.0,3.7,44.0,0.0,0.0,18.0,16.0,0.0,9.0,4.3,0.8,0.07,0.07,71.0,0.4,138.0,3.0,250.0,0.1,11.4,2.0,30.0,0.0,0.0,0.0,3.7,0.5,259.0,267.0,0.4,0.04,0.15,0.1,0.03,5.0,0.0,0.1,0.4,75.0,0.3
1.286,"Cream, sour, low-fat, 18 % fat, organic",,1.3,https://www.matvaretabellen.no/en/cream-sour-low-fat-18-fat-organic/,189.0,kcal,780.0,kJ,100.0,0.0,97.0,0.65,2.06,5.18,0.39,1.67,3.1,0.32,0.09,0.0,0.0,0.0,0.0,0.0,0.0,0.0,105.0,3.7,49.0,0.0,0.0,18.0,16.0,0.0,9.0,3.8,0.8,0.09,0.09,71.0,0.4,138.0,3.0,250.0,0.1,12.0,2.0,30.0,0.0,0.0,0.0,3.7,0.5,258.0,266.0,0.4,0.04,0.15,0.1,0.03,5.0,0.0,0.1,0.4,75.0,0.3
1.225,"Cream, whipped, canned",,1.3,https://www.matvaretabellen.no/en/cream-whipped-canned/,325.0,kcal,1340.0,kJ,100.0,0.0,194.0,0.99,3.3,9.34,0.76,3.43,6.73,0.46,0.13,0.0,0.0,0.0,0.0,0.0,0.0,0.0,80.0,5.0,81.0,,0.0,33.0,12.0,0.0,6.0,8.0,0.5,0.13,0.13,53.0,0.7,98.0,2.0,132.0,0.1,20.9,1.0,30.0,0.0,2.0,2.0,5.0,1.0,148.0,164.0,0.2,0.03,0.14,0.01,0.02,4.0,0.0,0.0,0.8,60.0,0.2
1.015,"Cream, whipping, 37 % fat",,1.3,https://www.matvaretabellen.no/en/cream-whipping-37-fat/,353.0,kcal,1452.3,kJ,100.0,0.0,217.0,1.11,3.7,10.47,0.85,3.85,7.55,0.52,0.15,0.0,0.0,0.0,0.0,0.0,0.0,0.0,76.0,2.9,91.0,0.0,0.0,37.0,10.0,0.0,0.0,8.9,0.5,0.15,0.15,90.0,0.8,0.0,2.0,334.0,0.1,23.4,2.0,30.0,0.0,0.0,0.0,2.9,1.1,352.0,370.0,0.4,0.0,0.2,0.0,0.0,0.0,0.0,0.0,0.0,58.0,0.0
1.273,"Cream, whipping, 37 % fat, lactose free",,1.3,https://www.matvaretabellen.no/en/cream-whipping-37-fat-lactose-free/,353.0,kcal,1452.38,kJ,100.0,0.0,218.0,1.11,3.71,10.49,0.85,3.85,7.56,0.52,0.15,0.0,0.0,0.0,0.0,0.0,0.0,0.0,76.0,2.9,91.0,0.09,0.0,37.0,12.0,0.0,5.0,8.9,0.5,0.15,0.15,51.0,0.8,92.0,2.0,517.0,0.1,23.5,1.0,30.0,0.0,0.0,0.0,2.9,1.1,535.0,553.0,0.2,0.03,0.15,0.0,0.02,4.0,0.0,0.2,0.9,58.0,0.2
5.399,"Crisp bread, Mesterbakeren Original",,5.7,https://www.matvaretabellen.no/en/crisp-bread-mesterbakeren-original/,476.0,kcal,1978.3,kJ,100.0,0.0,0.0,0.0,0.0,2.08,0.03,1.08,9.49,10.65,2.14,0.0,0.0,0.0,0.0,0.0,0.0,0.0,72.0,29.9,0.0,1.0,14.0,29.0,2.0,4.6,230.0,9.6,5.4,2.14,10.7,570.0,12.8,520.0,17.0,0.0,1.5,3.4,11.0,590.0,27.6,0.0,0.0,2.3,0.0,0.0,0.0,0.0,0.45,0.12,2.6,0.31,58.0,0.0,0.0,5.4,11.0,4.4
5.398,"Crisp bread, Synnøve Grovkrisp sesamfrø og linfrø",,5.7,https://www.matvaretabellen.no/en/crisp-bread-synnove-grovkrisp-sesamfro-og-linfro/,442.0,kcal,1841.7,kJ,100.0,0.0,0.0,0.0,0.0,2.04,0.03,1.13,9.6,8.02,3.39,0.0,0.0,0.0,0.0,0.0,0.0,0.0,430.0,32.3,0.0,0.94,13.0,23.0,2.0,4.8,210.0,9.7,8.0,3.84,8.02,490.0,11.9,510.0,20.0,0.0,0.7,3.3,15.0,280.0,30.6,0.0,0.0,1.7,0.0,0.0,0.0,0.0,0.53,0.14,4.7,0.34,76.0,0.0,0.0,1.4,12.0,3.8
5.19,"Crisp bread, gluten-free",,5.7,https://www.matvaretabellen.no/en/crisp-bread-gluten-free/,391.0,kcal,1648.885,kJ,100.0,0.0,2.0,0.0,0.0,0.46,0.02,0.2,2.9,1.83,0.55,0.0,0.0,0.0,0.0,0.0,0.0,0.0,113.0,70.9,0.0,0.21,13.0,6.8,0.0,2.1,55.0,2.8,1.8,0.55,1.83,148.0,2.5,174.0,5.4,0.0,1.2,0.7,3.0,490.0,69.9,0.1,0.1,1.0,0.0,0.0,0.0,0.0,0.11,0.05,0.9,0.08,24.0,0.0,0.0,0.9,4.0,1.1
5.467,"Crisp bread, gluten-free, Superknäcke chia",,5.7,https://www.matvaretabellen.no/en/crisp-bread-gluten-free-superknacke-chia/,363.0,kcal,1529.7,kJ,100.0,0.0,0.0,0.0,0.0,0.21,0.0,0.05,0.63,0.39,0.63,0.0,0.0,0.0,0.0,0.0,0.0,0.0,79.0,72.7,0.0,0.2,16.0,2.3,0.0,2.7,54.0,0.6,1.7,0.63,0.39,121.0,1.2,173.0,4.7,0.0,1.3,0.3,0.0,527.0,72.3,0.0,0.0,0.4,0.0,0.0,0.0,0.0,0.07,0.05,0.9,0.08,8.0,0.0,0.0,0.2,4.0,1.0
5.466,"Crisp bread, gluten-free, lactose-free, sesame and sea salt, Wasa",,5.7,https://www.matvaretabellen.no/en/crisp-bread-gluten-free-lactose-free-sesame-and-sea-salt-wasa/,420.0,kcal,1767.39,kJ,100.0,0.0,3.0,0.0,0.0,0.72,0.03,0.36,5.18,3.27,0.46,0.0,0.0,0.0,0.0,0.0,0.0,0.0,147.0,69.0,0.0,0.22,10.0,11.2,0.0,1.5,56.0,5.1,1.9,0.46,3.27,175.0,3.9,175.0,6.1,0.0,1.1,1.2,5.0,453.0,67.4,0.5,0.5,1.6,0.0,0.0,0.0,0.0,0.14,0.05,0.9,0.08,39.0,0.0,0.0,1.6,4.0,1.2
5.459,"Crisp bread, home-made",,5.7,https://www.matvaretabellen.no/en/crisp-bread-home-made/,428.0,kcal,1781.79503996004,kJ,100.0,0.0,0.0,0.0,0.0,1.79,0.03,0.92,7.55,8.66,2.71,0.0,0.0,0.0,0.0,0.0,0.0,0.0,127.0,28.8,0.0,0.86,14.0,24.3,0.2,4.5,222.0,7.6,5.4,2.71,8.66,499.0,11.4,543.0,16.5,0.0,1.2,2.9,8.0,470.0,27.4,0.0,0.0,1.5,0.0,0.0,0.0,0.0,0.72,0.13,2.6,0.28,68.0,0.0,0.0,6.4,16.0,3.5
5.069,"Crisp bread, light",,5.7,https://www.matvaretabellen.no/en/crisp-bread-light/,378.0,kcal,1593.547866730585,kJ,100.0,0.0,0.0,0.0,0.0,0.7,0.01,0.23,2.08,5.43,0.07,0.0,0.0,0.0,0.0,0.0,0.0,0.0,94.0,59.9,0.0,0.25,5.0,9.1,0.0,1.5,50.0,2.1,3.3,0.08,5.42,156.0,5.5,207.0,11.7,0.0,1.0,1.0,2.0,416.0,59.2,0.2,0.2,0.6,0.0,0.0,0.0,0.0,0.27,0.06,1.3,0.11,23.0,1.0,0.0,3.1,14.0,1.2
5.397,"Crisp bread, rye and spelt, Sigdal helsprøtt",,5.7,https://www.matvaretabellen.no/en/crisp-bread-rye-and-spelt-sigdal-helsprott/,457.0,kcal,1902.3,kJ,100.0,0.0,0.0,0.0,0.0,2.12,0.03,1.06,8.73,11.61,2.61,0.0,0.0,0.0,0.0,0.0,0.0,0.0,88.0,32.9,0.0,1.0,12.0,26.0,2.0,5.2,250.0,8.8,6.8,2.61,11.6,640.0,14.2,630.0,17.0,0.0,1.0,3.4,15.0,410.0,30.5,0.0,0.0,2.4,0.0,0.0,0.0,0.0,0.8,0.13,4.0,0.39,60.0,0.0,0.0,6.0,13.0,4.7
5.419,"Crisp bread, rye, Husman Sport",,5.7,https://www.matvaretabellen.no/en/crisp-bread-rye-husman-sport/,319.0,kcal,1344.8,kJ,100.0,0.0,0.0,0.0,0.0,0.23,0.01,0.01,0.2,0.74,0.11,0.0,0.0,0.0,0.0,0.0,0.0,0.0,55.0,57.3,0.0,0.36,16.0,1.9,6.0,3.4,110.0,0.2,2.8,0.11,0.74,325.0,0.9,530.0,10.0,0.0,1.3,0.3,1.0,500.0,56.0,0.0,0.0,1.3,0.0,0.0,0.0,0.0,0.22,0.1,1.1,0.31,67.0,0.0,0.0,0.7,15.0,3.1
5.396,"Crisp bread, rye, Ryvita",,5.7,https://www.matvaretabellen.no/en/crisp-bread-rye-ryvita/,336.0,kcal,1417.6,kJ,100.0,0.0,0.0,0.0,0.0,0.05,0.0,0.0,0.04,0.17,0.03,0.0,0.0,0.0,0.0,0.0,0.0,0.0,44.0,64.6,0.0,0.3,16.0,1.1,2.0,2.3,81.0,0.0,2.2,0.03,0.17,270.0,0.2,490.0,9.1,0.0,0.6,0.1,5.0,240.0,61.6,0.0,0.0,3.0,0.0,0.0,0.0,0.0,0.36,0.1,0.7,0.19,24.0,0.0,0.0,0.4,10.0,1.7
5.148,"Crisp bread, wholemeal flour, rye",,5.7,https://www.matvaretabellen.no/en/crisp-bread-wholemeal-flour-rye/,308.0,kcal,1299.253492,kJ,100.0,0.0,0.0,0.0,0.0,0.19,0.0,0.0,0.17,0.66,0.09,0.0,0.0,0.0,0.0,0.0,0.0,0.0,37.0,55.4,0.0,0.29,18.0,1.5,0.0,2.5,100.0,0.2,2.6,0.09,0.67,293.0,0.8,467.0,9.0,0.0,1.1,0.2,1.0,433.0,54.3,0.0,0.0,1.1,0.0,0.0,0.0,0.0,0.34,0.12,1.1,0.18,28.0,0.0,0.0,0.5,16.0,2.5
5.07,"Crisp bread, wholemeal flour, rye, Husman",,5.7,https://www.matvaretabellen.no/en/crisp-bread-wholemeal-flour-rye-husman/,319.0,kcal,1347.6,kJ,100.0,0.0,0.0,0.0,0.0,0.05,0.0,0.0,0.05,0.15,0.02,0.0,0.0,0.0,0.0,0.0,0.0,0.0,39.0,62.3,0.0,0.3,14.0,1.1,2.0,2.2,87.0,0.1,2.3,0.02,0.15,300.0,0.2,510.0,7.8,0.0,1.0,0.1,2.0,410.0,60.6,0.0,0.0,1.7,0.0,0.0,0.0,0.0,0.31,0.16,1.0,0.21,57.0,0.0,0.0,0.5,14.0,2.0
5.189,"Crisp bread, wholemeal flour, rye, thin, Rugsprø, Finncrisp",,5.7,https://www.matvaretabellen.no/en/crisp-bread-wholemeal-flour-rye-thin-rugspro-finncrisp/,319.0,kcal,1345.4,kJ,100.0,0.0,0.0,0.0,0.0,0.2,0.0,0.0,0.2,0.8,0.1,0.0,0.0,0.0,0.0,0.0,0.0,0.0,34.0,56.3,0.0,0.3,16.0,2.0,113.0,4.0,88.0,0.2,3.4,0.1,0.8,390.0,0.9,520.0,11.1,0.0,1.5,0.3,24.0,615.0,53.0,0.0,0.0,3.3,0.0,0.0,0.0,0.0,0.26,0.18,1.5,0.36,90.0,0.0,0.0,0.7,15.0,3.1
5.142,"Crisp bread, wholemeal flour, with oats",,5.7,https://www.matvaretabellen.no/en/crisp-bread-wholemeal-flour-with-oats/,351.0,kcal,1483.4130875,kJ,100.0,0.0,0.0,0.0,0.0,0.46,0.01,0.04,0.98,1.3,0.07,0.0,0.0,0.0,0.0,0.0,0.0,0.0,35.0,63.9,0.0,0.27,10.0,3.4,0.0,2.9,78.0,1.0,2.8,0.07,1.3,264.0,1.4,179.0,11.1,0.0,1.0,0.5,5.0,382.0,63.2,0.0,0.0,0.7,0.0,0.0,0.0,0.0,0.28,0.07,1.0,0.1,22.0,0.0,0.0,0.5,11.0,1.9
5.143,"Crisp bread, with extra fiber",,5.7,https://www.matvaretabellen.no/en/crisp-bread-with-extra-fiber/,316.0,kcal,1322.9547433460075,kJ,100.0,0.0,1.0,0.0,0.0,0.61,0.01,0.16,1.6,2.35,0.11,0.0,0.0,0.0,0.0,0.0,0.0,0.0,107.0,41.5,0.0,0.58,25.0,5.7,0.0,5.6,223.0,1.6,8.0,0.11,2.35,580.0,2.5,738.0,12.1,0.0,1.1,0.8,3.0,448.0,40.0,0.0,0.0,1.5,0.0,0.0,0.0,0.0,0.48,0.14,5.9,0.36,39.0,0.0,0.0,0.7,16.0,4.1
5.071,"Crisp bread, with wheat bran",,5.7,https://www.matvaretabellen.no/en/crisp-bread-with-wheat-bran/,292.0,kcal,1216.1829411764706,kJ,100.0,0.0,0.0,0.0,0.0,0.46,0.0,0.0,0.47,1.61,0.14,0.0,0.0,0.0,0.0,0.0,0.0,0.0,84.0,29.8,0.0,0.87,42.0,3.2,0.0,9.8,404.0,0.5,16.9,0.14,1.61,1016.0,1.8,1279.0,14.8,0.0,0.3,0.5,2.0,139.0,27.9,0.0,0.0,2.0,0.0,0.0,0.0,0.0,0.61,0.2,14.4,0.65,40.0,0.0,0.0,0.8,10.0,6.4
5.312,"Croissant, plain, industrially made",,5.10,https://www.matvaretabellen.no/en/croissant-plain-industrially-made/,342.0,kcal,1430.5,kJ,100.0,0.0,65.0,0.5,1.6,5.1,0.2,1.4,3.3,0.7,0.1,0.0,0.0,0.0,0.0,0.0,0.0,0.0,21.0,35.1,53.0,0.09,3.0,18.4,3.0,0.8,17.0,3.7,1.9,0.1,0.7,94.0,0.9,103.0,7.4,176.0,1.0,10.4,3.0,402.0,29.5,6.0,6.0,5.6,0.4,182.0,186.0,0.2,0.16,0.07,0.7,0.05,34.0,0.0,0.0,0.7,36.0,0.6
6.619,"Crowberries, raw",Empetrum nigrum,13.1,https://www.matvaretabellen.no/en/crowberries-raw/,38.0,kcal,159.0,kJ,100.0,0.0,13.0,0.0,0.0,0.03,0.0,0.01,0.09,0.16,0.1,0.0,0.0,0.0,0.0,0.0,0.0,0.0,8.0,5.3,,0.04,6.0,0.5,0.0,0.3,5.0,0.1,0.5,0.11,0.16,9.0,0.2,83.0,0.3,0.0,0.0,0.1,0.0,4.0,0.0,0.0,0.0,5.3,0.0,1.0,2.0,0.0,0.03,0.0,0.4,0.06,6.0,11.0,0.0,0.1,88.0,0.1
6.01,"Cucumber, Norwegian, raw",Cucumis sativus L.,6.2,https://www.matvaretabellen.no/en/cucumber-norwegian-raw/,11.0,kcal,44.0,kJ,97.0,0.0,85.0,0.0,0.01,0.03,0.0,0.01,0.01,0.03,0.01,0.0,0.0,0.0,0.0,0.0,0.0,0.0,19.0,1.2,0.0,0.02,0.8,0.1,0.2,0.3,13.0,0.0,0.3,0.01,0.03,26.0,0.0,189.0,0.8,0.0,0.0,0.0,0.0,3.0,0.0,0.0,0.0,1.2,0.0,7.0,14.0,0.0,0.04,0.02,0.2,0.03,11.0,8.0,0.0,0.1,97.0,0.1
6.076,"Cucumber, pickled",Cucumis sativus L.,6.6,https://www.matvaretabellen.no/en/cucumber-pickled/,37.0,kcal,156.0,kJ,100.0,0.0,180.0,0.01,0.01,0.16,0.0,0.02,0.01,0.13,0.17,0.0,0.0,0.0,0.0,0.0,0.0,0.0,17.0,6.1,0.0,0.06,2.0,0.7,0.2,0.2,11.0,0.0,0.3,0.17,0.13,23.0,0.3,129.0,0.7,0.0,2.1,0.2,0.0,825.0,0.0,6.1,6.1,6.1,0.0,15.0,30.0,0.0,0.04,0.09,0.2,0.04,8.0,0.0,0.0,0.2,91.0,0.2
1.306,"Cultured milk, banana, Skyr",,1.2,https://www.matvaretabellen.no/en/cultured-milk-banana-skyr/,74.0,kcal,314.0,kJ,100.0,0.0,0.0,0.0,0.01,0.03,0.0,0.01,0.02,0.0,0.0,0.0,0.0,0.0,0.0,0.0,0.0,0.0,97.0,8.0,0.0,0.0,0.1,0.2,13.0,0.0,13.0,0.0,2.6,0.0,0.0,140.0,0.0,110.0,10.0,0.0,0.1,0.1,0.0,50.0,0.0,2.1,2.5,8.0,0.0,0.0,0.0,0.7,0.02,0.14,0.3,0.06,0.0,1.0,0.0,0.0,82.0,0.5
1.307,"Cultured milk, raspberry, Skyr",,1.2,https://www.matvaretabellen.no/en/cultured-milk-raspberry-skyr/,54.0,kcal,228.0,kJ,100.0,0.0,0.0,0.0,0.01,0.03,0.0,0.01,0.02,0.0,0.0,0.0,0.0,0.0,0.0,0.0,0.0,0.0,87.0,4.0,0.0,0.0,0.0,0.2,11.0,0.0,13.0,0.0,2.4,0.0,0.0,140.0,0.0,110.0,9.0,0.0,0.1,0.1,0.0,50.0,1.0,0.0,0.0,3.0,0.0,0.0,0.0,0.1,0.02,0.11,0.3,0.05,0.0,1.0,0.0,0.0,87.0,0.5
1.233,"Cultured milk, with flavour, Skyr",,1.2,https://www.matvaretabellen.no/en/cultured-milk-with-flavour-skyr/,58.0,kcal,248.0,kJ,100.0,0.0,0.0,0.0,0.01,0.03,0.0,0.01,0.02,0.0,0.0,0.0,0.0,0.0,0.0,0.0,0.0,0.0,97.0,4.0,0.0,0.0,0.3,0.2,13.0,0.0,13.0,0.0,2.6,0.0,0.0,140.0,0.0,110.0,10.0,0.0,0.1,0.1,0.0,50.0,0.0,0.0,0.0,4.0,0.0,0.0,0.0,0.9,0.02,0.14,0.3,0.06,0.0,1.0,0.0,0.0,86.0,0.5
1.296,"Cultured oat product, for food preparation, 15 % fat",,10.6,https://www.matvaretabellen.no/en/cultured-oat-product-for-food-preparation-15-fat/,187.0,kcal,774.0,kJ,100.0,0.0,0.0,0.0,0.0,1.01,0.03,0.21,8.74,3.48,1.08,0.0,0.0,0.0,0.0,0.0,0.0,0.0,120.0,10.1,0.0,,1.0,15.7,0.0,0.0,0.0,8.9,0.1,1.08,3.48,25.0,4.6,45.0,0.8,0.0,0.0,1.3,0.0,0.0,7.3,0.0,0.0,2.8,0.0,0.0,0.0,0.0,0.04,0.0,0.0,0.0,12.0,0.0,0.0,0.0,72.0,0.1
1.295,"Cultured, thickened oat product",,10.6,https://www.matvaretabellen.no/en/cultured-thickened-oat-product/,76.0,kcal,319.0,kJ,100.0,0.0,0.0,0.0,0.0,0.17,0.0,0.03,1.29,0.57,0.15,,,,0.0,0.0,0.0,0.0,120.0,11.7,0.0,,0.9,2.4,23.0,0.0,6.0,1.3,0.3,0.15,0.57,47.0,0.7,44.0,1.5,0.0,0.1,0.2,0.0,29.0,7.7,0.0,0.0,4.0,,0.0,0.0,0.4,0.0,0.29,0.0,0.0,9.0,0.0,1.1,0.0,84.0,0.1
6.266,"Cumin seeds, ground",Cuminum cyminum L.,16,https://www.matvaretabellen.no/en/cumin-seeds-ground/,428.0,kcal,1784.6,kJ,100.0,0.0,762.0,0.02,0.02,1.14,0.21,0.34,13.6,3.1,0.18,0.0,0.0,0.0,0.0,0.0,0.0,0.0,931.0,33.7,0.0,0.87,11.0,22.3,0.5,66.4,366.0,14.0,7.5,0.18,3.1,499.0,3.3,1790.0,17.8,0.0,0.4,1.5,5.0,168.0,31.5,0.0,0.0,2.3,0.0,64.0,127.0,0.0,0.63,0.33,4.6,0.44,10.0,8.0,0.0,3.3,16.0,4.8
1.058,"Curd, milk and whey, sweetened",,1.4.4,https://www.matvaretabellen.no/en/curd-milk-and-whey-sweetened/,252.0,kcal,1056.0,kJ,100.0,0.0,70.0,0.36,1.2,3.4,0.28,1.25,2.45,0.17,0.05,0.0,0.0,0.0,0.0,0.0,0.0,0.0,398.0,26.0,30.0,0.01,0.0,12.0,107.0,0.5,61.0,2.9,2.3,0.05,0.05,402.0,0.3,1007.0,10.0,108.0,0.6,7.6,10.0,250.0,0.0,6.0,6.0,26.0,0.4,114.0,119.0,1.1,0.19,0.73,0.0,0.0,43.0,0.0,0.0,0.3,52.0,0.8
10.131,Curry paste,,10.7,https://www.matvaretabellen.no/en/curry-paste/,269.0,kcal,1114.5,kJ,100.0,0.0,,0.0,0.59,1.0,0.03,0.3,12.67,4.16,0.85,0.0,0.0,0.0,0.0,0.0,0.0,0.0,150.0,11.3,0.0,0.29,7.0,21.3,0.5,12.8,75.0,12.8,2.6,0.85,4.18,110.0,5.0,520.0,4.7,0.0,3.8,2.0,,1520.0,4.3,7.0,7.0,7.0,0.0,,,0.0,0.09,0.13,1.8,,,0.0,0.0,,56.0,0.8
6.158,Curry powder,,16,https://www.matvaretabellen.no/en/curry-powder/,301.0,kcal,1234.5,kJ,100.0,0.0,11.0,0.0,0.64,0.68,0.01,0.17,8.74,2.79,0.26,0.0,0.0,0.0,0.0,0.0,0.0,0.0,525.0,2.8,0.0,1.2,53.0,14.0,0.5,19.1,255.0,8.8,5.7,0.26,2.8,367.0,3.1,1170.0,14.3,0.0,0.1,1.6,40.0,52.0,0.0,0.0,0.0,2.8,0.0,1.0,1.0,0.0,0.18,0.2,3.3,0.11,56.0,1.0,0.0,25.2,16.0,4.7
4.004,"Cusk, tusk, raw","Brosme brosme (Ascanius, 1772)",4.1.2,https://www.matvaretabellen.no/en/cusk-tusk-raw/,84.0,kcal,354.0,kJ,50.0,0.0,0.0,0.0,0.0,0.06,0.0,0.02,0.04,0.0,0.0,0.0,0.0,0.0,0.01,0.03,0.01,0.12,15.0,0.0,,0.01,0.0,0.9,43.0,0.1,26.0,0.1,6.3,0.16,0.02,191.0,0.2,383.0,19.0,1.0,0.2,0.1,37.0,74.0,0.0,0.0,0.0,0.0,0.0,1.0,1.0,0.6,0.05,0.15,2.8,0.3,2.0,0.0,1.5,0.3,80.0,0.4
4.381,"Cusk, tusk, roasted","Brosme brosme (Ascanius, 1772)",4.1.2,https://www.matvaretabellen.no/en/cusk-tusk-roasted/,110.0,kcal,467.0,kJ,100.0,0.0,0.0,0.0,0.0,0.08,0.01,0.02,0.06,0.0,0.0,0.0,0.0,0.0,0.02,0.03,0.01,0.16,21.0,0.0,0.0,0.01,0.0,1.1,60.0,0.1,32.0,0.1,8.7,0.21,0.03,239.0,0.2,452.0,25.1,2.0,0.2,0.1,51.0,87.0,0.0,0.0,0.0,0.0,0.0,2.0,2.0,0.7,0.05,0.17,3.1,0.38,2.0,0.0,1.8,0.4,74.0,0.5
4.38,"Cusk, tusk, simmered","Brosme brosme (Ascanius, 1772)",4.1.2,https://www.matvaretabellen.no/en/cusk-tusk-simmered/,106.0,kcal,451.0,kJ,100.0,0.0,0.0,0.0,0.0,0.09,0.01,0.02,0.07,0.0,0.0,0.0,0.0,0.0,0.02,0.04,0.01,0.19,25.0,0.0,0.0,0.02,0.0,1.3,65.0,0.1,36.0,0.1,10.5,0.25,0.03,270.0,0.3,478.0,23.7,2.0,0.3,0.1,56.0,105.0,0.0,0.0,0.0,0.0,0.0,2.0,2.0,0.8,0.06,0.18,3.3,0.35,2.0,0.0,2.2,0.5,75.0,0.7
1.112,"Custard, rum flavour, Piano",,7.3,https://www.matvaretabellen.no/en/custard-rum-flavour-piano/,152.0,kcal,636.0,kJ,100.0,0.0,5.0,0.27,0.89,2.52,0.2,0.93,1.82,0.12,0.04,0.0,0.0,0.0,0.0,0.0,0.0,0.0,105.0,15.0,22.0,0.02,0.1,8.9,13.0,0.1,10.0,2.1,0.8,0.04,0.04,91.0,0.2,145.0,3.0,118.0,0.1,5.6,2.0,40.0,3.8,7.5,7.5,11.2,0.3,118.0,118.0,0.4,0.04,0.13,0.1,0.03,4.0,0.0,0.0,0.2,73.0,0.4
1.111,"Custard, vanilla flavour, Piano",,7.3,https://www.matvaretabellen.no/en/custard-vanilla-flavour-piano/,148.0,kcal,620.0,kJ,100.0,0.0,4.0,0.26,0.86,2.43,0.2,0.89,1.75,0.12,0.03,0.0,0.0,0.0,0.0,0.0,0.0,0.0,108.0,14.7,21.0,0.02,0.1,8.6,15.0,0.1,10.0,2.1,0.8,0.03,0.03,73.0,0.2,151.0,3.0,113.0,0.1,5.4,2.0,40.0,3.7,7.5,7.5,11.0,0.3,113.0,113.0,0.4,0.04,0.13,0.1,0.03,3.0,0.0,0.0,0.2,74.0,0.4
5.295,"Custard, whole milk, vanilla flavour",,7.3,https://www.matvaretabellen.no/en/custard-whole-milk-vanilla-flavour/,113.0,kcal,477.0,kJ,100.0,0.0,5.0,0.11,0.33,0.93,0.07,0.34,0.67,0.05,0.01,0.0,0.0,0.0,0.0,0.0,0.0,0.0,121.0,17.8,8.0,0.02,0.0,3.3,15.0,0.0,10.0,0.8,0.7,0.01,0.02,103.0,0.1,158.0,3.1,7.0,0.1,2.1,1.0,37.0,3.1,10.6,10.6,14.7,0.1,7.0,7.0,0.5,0.01,0.13,0.02,0.01,1.0,0.0,0.0,0.0,76.0,0.4
5.499,Danish pastries with poppy seeds,,5.5.1,https://www.matvaretabellen.no/en/danish-pastries-with-poppy-seeds/,303.0,kcal,1273.2555940613436,kJ,100.0,0.0,39.0,0.24,0.8,2.54,0.22,0.89,1.98,0.77,0.07,0.0,0.0,0.0,0.01,0.0,0.0,0.01,45.0,43.1,38.0,0.11,3.0,9.7,7.0,1.0,27.0,2.3,3.1,0.07,0.71,127.0,0.9,188.0,9.2,68.0,0.6,5.4,3.0,250.0,41.4,0.6,0.6,1.7,0.2,72.0,74.0,0.2,0.23,0.13,1.4,0.1,48.0,1.0,1.1,0.8,35.0,1.2
5.287,"Danish pastry ring, filled with minced almonds",,5.10,https://www.matvaretabellen.no/en/danish-pastry-ring-filled-with-minced-almonds/,481.0,kcal,1999.555600501242,kJ,100.0,0.0,0.0,5.3,2.14,2.44,0.08,0.76,14.76,5.37,1.5,0.0,0.0,0.0,0.01,0.0,0.0,0.0,29.0,32.4,14.0,0.14,3.0,35.7,1.0,0.8,35.0,15.0,2.1,1.51,5.39,97.0,6.9,134.0,6.4,7.0,1.1,12.5,2.0,447.0,24.3,7.6,7.6,8.0,0.0,7.0,7.0,0.1,0.15,0.08,1.0,0.07,29.0,1.0,0.1,9.0,23.0,0.8
5.316,"Danish pastry, filled with jam",,5.10,https://www.matvaretabellen.no/en/danish-pastry-filled-with-jam/,293.0,kcal,1223.191196695096,kJ,100.0,0.0,0.0,2.44,0.99,1.07,0.04,0.36,6.08,2.27,0.76,0.0,0.0,0.0,0.01,0.0,0.0,0.01,17.0,32.8,17.0,0.05,1.0,15.8,3.0,0.5,12.0,6.2,1.2,0.76,2.29,62.0,3.1,87.0,4.1,9.0,0.2,5.6,2.0,62.0,23.2,8.5,8.5,9.7,0.0,9.0,9.0,0.1,0.08,0.07,0.5,0.05,14.0,1.0,0.1,2.6,46.0,0.5
5.118,"Danish pastry, with custard filling",,5.10,https://www.matvaretabellen.no/en/danish-pastry-with-custard-filling/,388.0,kcal,1619.6790469187674,kJ,100.0,0.0,85.0,1.11,1.12,3.24,0.21,1.92,8.63,2.82,0.7,0.0,0.0,0.0,0.02,0.0,0.0,0.01,70.0,37.2,56.0,0.1,2.0,23.2,11.0,0.8,27.0,9.0,2.2,0.72,2.8,128.0,3.6,170.0,6.8,193.0,0.4,8.8,4.0,144.0,18.2,17.0,17.0,18.9,0.2,200.0,207.0,0.4,0.13,0.14,0.9,0.06,32.0,0.0,2.9,3.9,31.0,0.9
6.527,"Dates, dried",Phoenix dactylifera L.,13.3,https://www.matvaretabellen.no/en/dates-dried/,298.0,kcal,1264.2,kJ,84.0,0.0,9.0,0.0,0.0,0.06,0.05,0.01,0.02,0.04,0.01,0.0,0.0,0.0,0.0,0.0,0.0,0.0,68.0,68.0,0.0,0.26,8.0,0.2,17.0,2.2,55.0,0.1,2.2,0.01,0.04,68.0,0.0,727.0,2.4,0.0,0.0,0.1,3.0,11.0,0.0,0.0,0.0,68.0,0.0,1.0,1.0,0.0,0.07,0.09,1.8,0.19,13.0,0.0,0.0,0.7,22.0,0.4
6.206,"Dill, dried",Anethum graveolens L.,16,https://www.matvaretabellen.no/en/dill-dried/,309.0,kcal,1303.62,kJ,100.0,0.0,33260.0,0.0,0.0,0.19,0.02,0.04,3.14,0.32,0.05,0.0,0.0,0.0,0.0,0.0,0.0,0.0,1780.0,42.2,0.0,0.49,14.0,3.8,,48.8,450.0,3.2,6.1,0.05,0.32,540.0,0.4,3310.0,19.9,0.0,0.5,0.2,,210.0,4.6,0.0,0.0,37.6,0.0,2772.0,5543.0,0.0,0.42,0.28,2.8,1.46,0.0,0.0,0.0,9.3,21.0,3.3
6.12,"Dill, raw",Anethum graveolens L.,16,https://www.matvaretabellen.no/en/dill-raw/,48.0,kcal,200.0,kJ,90.0,0.0,5982.0,0.0,0.0,0.05,0.0,0.01,0.8,0.08,0.01,0.0,0.0,0.0,0.0,0.0,0.0,0.0,202.0,4.9,0.0,0.22,2.0,1.1,4.0,5.5,28.0,0.8,3.0,0.01,0.08,52.0,0.1,647.0,3.5,0.0,0.1,0.1,3.0,27.0,0.0,0.0,0.0,4.9,0.0,499.0,997.0,0.0,0.19,0.43,2.4,0.3,116.0,70.0,0.0,1.7,88.0,1.8
4.111,"Dogfish, raw","Squalus acanthias Linnaeus, 1758",4.1.1,https://www.matvaretabellen.no/en/dogfish-raw/,129.0,kcal,541.0,kJ,,0.0,0.0,0.0,0.1,0.84,0.2,0.14,0.99,0.09,0.04,0.0,0.0,0.06,0.14,0.42,0.12,0.95,6.0,0.0,76.0,0.0,0.0,6.4,42.0,0.3,18.0,2.2,8.5,1.65,0.25,220.0,2.1,289.0,17.9,0.0,0.3,1.2,20.0,100.0,0.0,0.0,0.0,0.0,0.0,0.0,0.0,2.0,0.17,0.14,5.2,0.5,3.0,0.0,9.1,2.0,76.0,0.3
5.11,Doughnut,,5.10,https://www.matvaretabellen.no/en/doughnut/,539.0,kcal,2243.1272891773897,kJ,100.0,0.0,49.0,4.13,2.43,5.4,0.22,7.62,8.96,1.83,0.06,0.0,0.0,0.0,0.02,0.0,0.0,0.01,43.0,46.1,55.0,0.07,2.0,35.8,8.0,0.7,18.0,10.2,1.9,0.07,1.82,97.0,2.6,117.0,7.0,106.0,0.1,20.6,3.0,25.0,27.4,17.6,17.6,18.7,0.2,110.0,114.0,0.3,0.11,0.1,0.5,0.06,11.0,1.0,0.3,1.4,9.0,0.6
5.318,"Doughnut, with chocolate icing, industrially made",,5.10,https://www.matvaretabellen.no/en/doughnut-with-chocolate-icing-industrially-made/,411.0,kcal,1712.0742219917013,kJ,100.0,0.0,6.0,0.99,0.62,9.02,0.08,2.0,8.53,2.45,0.17,0.0,0.0,0.0,0.0,0.0,0.0,0.0,40.0,37.2,2.0,0.21,3.0,25.6,1.0,1.0,37.0,8.6,1.8,0.18,2.47,104.0,2.8,254.0,6.6,6.0,0.9,12.9,1.0,375.0,25.5,10.6,10.6,11.7,0.0,6.0,7.0,0.1,0.13,0.07,0.7,0.06,20.0,1.0,0.0,2.0,28.0,0.9
4.118,"Dover sole, raw","Solea solea (Linnaeus, 1758)",4.1.2,https://www.matvaretabellen.no/en/dover-sole-raw/,64.0,kcal,270.0,kJ,33.0,0.0,0.0,0.0,0.02,0.07,0.06,0.01,0.07,0.0,0.0,0.0,0.0,0.0,0.01,0.06,0.02,0.05,29.0,0.0,50.0,0.05,0.0,0.5,25.0,0.1,25.0,0.2,6.2,0.16,0.02,200.0,0.2,363.0,14.8,0.0,0.2,0.1,30.0,98.0,0.0,0.0,0.0,0.0,0.0,0.0,0.0,0.8,0.07,0.08,3.5,0.31,10.0,0.0,8.0,0.6,85.0,0.5
1.18,"Dressing, sour cream with herbs",,8.3,https://www.matvaretabellen.no/en/dressing-sour-cream-with-herbs/,181.0,kcal,750.0,kJ,100.0,0.0,151.0,0.49,1.64,4.64,0.37,1.7,3.34,0.24,0.07,0.0,0.0,0.0,0.0,0.0,0.0,0.0,111.0,5.2,40.0,0.01,0.5,16.4,14.0,0.3,12.0,3.9,0.8,0.07,0.08,69.0,0.4,153.0,3.0,227.0,0.9,10.4,2.0,362.0,0.4,1.4,1.4,4.8,0.5,240.0,252.0,0.4,0.04,0.14,0.1,0.04,7.0,2.0,0.1,0.5,75.0,0.3
9.022,"Drops, hard",,7.2,https://www.matvaretabellen.no/en/drops-hard/,324.0,kcal,1377.0,kJ,100.0,0.0,0.0,0.0,0.0,0.0,0.0,0.0,0.0,0.0,0.0,0.0,0.0,0.0,0.0,0.0,0.0,0.0,5.0,78.0,0.0,0.3,0.0,0.0,0.0,0.3,29.0,0.0,0.5,0.0,0.0,100.0,0.0,210.0,3.0,0.0,0.1,0.0,0.0,25.0,0.0,78.0,78.0,78.0,0.0,0.0,0.0,0.0,0.0,0.0,0.0,0.0,0.0,0.0,0.0,0.0,19.0,0.1
3.001,"Duck, meat and skin, raw","Anas platyrhynchos Linnaeus, 1758",3.1,https://www.matvaretabellen.no/en/duck-meat-and-skin-raw/,388.0,kcal,1602.8,kJ,100.0,0.0,0.0,0.05,0.24,9.25,1.49,3.09,16.15,4.53,0.38,0.02,0.02,0.0,0.0,0.0,0.0,0.0,8.0,0.0,72.0,0.18,0.0,37.3,4.0,1.3,14.0,19.0,5.9,0.38,4.53,120.0,5.6,190.0,13.1,50.0,0.2,10.7,20.0,73.0,0.0,0.0,0.0,0.0,0.4,50.0,50.0,2.0,0.14,0.51,3.5,0.33,7.0,0.0,0.7,0.5,50.0,1.3
3.233,"Duck, with skin, roasted","Anas platyrhynchos Linnaeus, 1758",3.1,https://www.matvaretabellen.no/en/duck-with-skin-roasted/,463.0,kcal,1920.1475,kJ,100.0,0.0,0.0,0.05,0.24,9.25,1.49,3.09,16.15,4.53,0.38,0.02,0.02,0.0,0.0,0.0,0.0,0.0,20.0,0.0,180.0,0.38,0.0,37.3,11.0,3.1,30.0,19.0,14.8,0.38,4.53,255.0,5.6,428.0,31.8,50.0,0.4,10.7,50.0,155.0,0.0,0.0,0.0,0.0,0.4,50.0,50.0,3.5,0.23,1.15,7.0,0.54,9.0,0.0,0.7,0.5,31.0,3.3
3.231,"Duck, without skin, raw","Anas platyrhynchos Linnaeus, 1758",3.1,https://www.matvaretabellen.no/en/duck-without-skin-raw/,132.0,kcal,551.0,kJ,100.0,0.0,0.0,0.04,0.03,1.67,0.3,1.05,1.8,0.92,0.11,0.0,0.0,0.0,0.0,0.0,0.0,0.0,12.0,0.0,110.0,0.34,0.0,6.5,1.0,2.4,19.0,3.2,8.7,0.11,0.92,200.0,1.0,290.0,18.3,24.0,0.3,2.0,22.0,110.0,0.0,0.0,0.0,0.0,0.1,24.0,24.0,3.0,0.36,0.45,5.3,0.34,25.0,0.0,0.1,0.0,75.0,1.9
3.232,"Duck, without skin, roasted","Anas platyrhynchos Linnaeus, 1758",3.1,https://www.matvaretabellen.no/en/duck-without-skin-roasted/,248.0,kcal,1046.4136842105263,kJ,100.0,0.0,0.0,0.04,0.03,1.76,0.32,1.11,1.9,0.96,0.12,0.01,0.01,0.0,0.0,0.0,0.0,0.0,32.0,0.0,289.0,0.76,0.0,6.8,3.0,6.0,43.0,3.4,22.8,0.11,0.96,447.0,1.1,687.0,46.7,25.0,0.6,2.1,58.0,246.0,0.0,0.0,0.0,0.0,0.1,25.0,25.0,5.5,0.62,1.07,11.2,0.58,33.0,0.0,0.1,0.0,47.0,5.0
6.197,"Edamame, soy beans, frozen",Glycine max (L.) Merr.,12,https://www.matvaretabellen.no/en/edamame-soy-beans-frozen/,130.0,kcal,543.0,kJ,100.0,0.0,170.0,0.0,0.01,0.71,0.01,0.18,0.25,2.8,0.05,0.0,0.0,0.0,0.0,0.0,0.0,0.0,60.0,2.8,0.0,0.32,5.0,7.2,2.0,2.1,61.0,2.6,2.8,0.5,2.85,161.0,3.3,482.0,11.2,0.0,0.0,1.0,2.0,6.0,0.3,0.0,0.0,2.5,0.0,14.0,28.0,0.0,0.15,0.27,0.9,0.14,303.0,10.0,0.0,0.7,74.0,1.3
4.049,"Eel, raw","Anguilla anguilla (Linnaeus, 1758)",4.1.1,https://www.matvaretabellen.no/en/eel-raw/,362.0,kcal,1496.6,kJ,80.0,0.0,0.0,0.0,1.98,3.62,0.96,0.62,3.6,0.44,0.41,0.04,0.0,0.34,0.12,2.2,0.41,3.49,43.0,0.0,126.0,0.03,0.0,32.5,43.0,0.4,10.0,12.5,6.7,8.14,0.62,200.0,7.6,205.0,17.3,600.0,0.1,7.6,57.0,53.0,0.0,0.0,0.0,0.0,0.0,600.0,600.0,3.0,0.09,0.04,3.5,0.38,12.0,0.0,30.0,8.0,50.0,2.6
4.05,"Eel, smoked","Anguilla anguilla (Linnaeus, 1758)",4.1.1,https://www.matvaretabellen.no/en/eel-smoked/,351.0,kcal,1453.2,kJ,90.0,0.0,0.0,0.0,1.71,3.12,0.82,0.54,3.11,0.38,0.36,0.03,0.0,0.29,0.1,1.9,0.36,3.01,26.0,0.0,132.0,0.09,0.0,30.5,40.0,0.5,10.0,13.3,6.7,7.02,0.54,183.0,6.8,214.0,19.1,3300.0,1.5,7.3,60.0,583.0,0.0,0.0,0.0,0.0,0.0,3300.0,3300.0,4.3,0.18,0.31,3.2,0.18,29.0,0.0,48.0,9.0,50.0,3.5
2.039,"Egg white, boiled","Gallus gallus (Linnaeus, 1758)",2,https://www.matvaretabellen.no/en/egg-white-boiled/,42.0,kcal,178.0,kJ,100.0,0.0,0.0,0.0,0.0,0.0,0.0,0.0,0.0,0.0,0.0,0.0,0.0,0.0,0.0,0.0,0.0,0.0,6.0,0.4,1.0,0.02,0.0,0.0,2.0,0.0,12.0,0.0,2.5,0.0,0.0,16.0,0.0,150.0,10.1,0.0,0.4,0.0,5.0,179.0,0.0,0.0,0.0,0.4,0.0,0.0,0.0,0.0,0.0,0.25,0.0,0.01,0.2,0.0,0.0,0.0,90.0,0.0
2.002,"Egg white, raw","Gallus gallus (Linnaeus, 1758)",2,https://www.matvaretabellen.no/en/egg-white-raw/,42.0,kcal,180.0,kJ,100.0,0.0,0.0,0.0,0.0,0.0,0.0,0.0,0.0,0.0,0.0,0.0,0.0,0.0,0.0,0.0,0.0,0.0,6.0,0.4,1.0,0.02,0.0,0.0,3.0,0.0,13.0,0.0,2.6,0.0,0.0,17.0,0.0,160.0,10.2,0.0,0.5,0.0,6.0,190.0,0.0,0.0,0.0,0.4,0.0,0.0,0.0,0.0,0.0,0.31,0.0,0.01,0.2,0.0,0.0,0.0,89.0,0.0
2.04,"Egg yolk, boiled","Gallus gallus (Linnaeus, 1758)",2,https://www.matvaretabellen.no/en/egg-yolk-boiled/,318.0,kcal,1316.7326732673268,kJ,100.0,0.0,0.0,0.0,0.07,5.8,0.62,2.17,10.14,4.37,0.16,0.0,0.04,0.0,0.5,0.0,0.0,0.26,127.0,0.2,837.0,0.13,0.0,28.2,62.0,4.9,13.0,10.8,4.0,0.42,5.05,484.0,5.5,103.0,15.8,414.0,0.2,8.1,45.0,69.0,0.0,0.0,0.0,0.2,0.0,414.0,414.0,4.1,0.16,0.35,0.0,0.24,114.0,0.0,7.5,13.1,56.0,3.5
2.003,"Egg yolk, raw","Gallus gallus (Linnaeus, 1758)",2,https://www.matvaretabellen.no/en/egg-yolk-raw/,321.0,kcal,1329.9,kJ,100.0,0.0,0.0,0.0,0.07,5.86,0.63,2.19,10.24,4.42,0.17,0.0,0.04,0.0,0.51,0.0,0.0,0.26,135.0,0.2,845.0,0.14,0.0,28.5,66.0,5.3,14.0,11.0,4.0,0.43,5.11,515.0,5.5,110.0,16.0,440.0,0.2,8.2,48.0,73.0,0.0,0.0,0.0,0.2,0.0,440.0,440.0,5.2,0.2,0.45,0.0,0.31,145.0,0.0,8.0,13.3,55.0,3.8
2.026,"Egg, boiled","Gallus gallus (Linnaeus, 1758)",2,https://www.matvaretabellen.no/en/egg-boiled/,148.0,kcal,614.0,kJ,88.0,0.0,0.0,0.0,0.03,2.14,0.24,0.81,3.69,1.64,0.06,0.0,0.02,0.0,0.19,0.0,0.0,0.1,51.0,0.3,316.0,0.06,0.0,10.5,32.0,1.8,12.0,4.0,3.2,0.16,1.9,193.0,2.1,132.0,12.9,165.0,0.3,3.0,20.0,136.0,0.0,0.0,0.0,0.3,0.0,165.0,165.0,1.0,0.06,0.31,0.0,0.11,53.0,0.0,2.4,5.0,76.0,1.3
2.025,"Egg, fried in fat","Gallus gallus (Linnaeus, 1758)",2,https://www.matvaretabellen.no/en/egg-fried-in-fat/,207.0,kcal,860.0,kJ,100.0,0.0,8.0,0.19,0.19,2.89,0.29,1.22,6.33,2.65,0.27,0.0,0.02,0.0,0.21,0.0,0.0,0.11,60.0,0.3,349.0,0.07,0.0,16.7,38.0,2.1,14.0,6.6,3.5,0.38,2.92,223.0,3.3,153.0,13.9,197.0,0.4,4.8,23.0,177.0,0.0,0.0,0.0,0.3,0.0,198.0,198.0,1.3,0.07,0.35,0.0,0.13,51.0,0.0,3.0,5.5,69.0,1.5
2.037,"Egg, organic, boiled","Gallus gallus (Linnaeus, 1758)",2,https://www.matvaretabellen.no/en/egg-organic-boiled/,144.0,kcal,600.0,kJ,88.0,0.0,0.0,0.0,0.02,2.0,0.23,0.71,4.02,1.39,0.1,0.0,0.02,0.0,0.16,0.0,0.04,0.13,44.0,0.3,327.0,0.05,0.0,10.4,36.0,1.6,11.0,4.3,3.1,0.23,1.59,183.0,1.8,132.0,12.4,183.0,0.3,2.7,30.0,136.0,0.0,0.0,0.0,0.3,0.0,183.0,183.0,1.1,0.05,0.3,0.0,0.1,42.0,0.0,3.8,6.5,77.0,1.0
2.038,"Egg, organic, fried in fat","Gallus gallus (Linnaeus, 1758)",2,https://www.matvaretabellen.no/en/egg-organic-fried-in-fat/,204.0,kcal,845.0,kJ,100.0,0.0,8.0,0.19,0.18,2.73,0.28,1.11,6.69,2.37,0.31,0.0,0.02,0.0,0.18,0.0,0.05,0.14,52.0,0.3,362.0,0.06,0.0,16.5,42.0,1.9,13.0,7.0,3.4,0.46,2.57,212.0,3.0,153.0,13.4,218.0,0.4,4.5,34.0,177.0,0.0,0.0,0.0,0.3,0.0,218.0,219.0,1.5,0.06,0.35,0.0,0.13,41.0,0.0,4.6,7.0,70.0,1.2
2.03,"Egg, organic, raw","Gallus gallus (Linnaeus, 1758)",2,https://www.matvaretabellen.no/en/egg-organic-raw/,146.0,kcal,606.0,kJ,88.0,0.0,0.0,0.0,0.02,2.02,0.23,0.72,4.06,1.41,0.1,0.0,0.02,0.0,0.16,0.0,0.05,0.13,47.0,0.3,331.0,0.06,0.0,10.5,38.0,1.8,12.0,4.3,3.1,0.24,1.61,195.0,1.8,140.0,12.5,195.0,0.4,2.8,32.0,145.0,0.0,0.0,0.0,0.3,0.0,195.0,195.0,1.5,0.07,0.39,0.0,0.13,54.0,0.0,4.0,6.6,77.0,1.1
2.001,"Egg, raw","Gallus gallus (Linnaeus, 1758)",2,https://www.matvaretabellen.no/en/egg-raw/,149.0,kcal,620.0,kJ,88.0,0.0,0.0,0.0,0.03,2.16,0.24,0.82,3.73,1.66,0.07,0.0,0.02,0.0,0.19,0.0,0.0,0.1,55.0,0.3,319.0,0.07,0.0,10.7,34.0,2.0,13.0,4.0,3.3,0.17,1.92,205.0,2.1,140.0,13.0,175.0,0.4,3.0,22.0,145.0,0.0,0.0,0.0,0.3,0.0,175.0,175.0,1.3,0.08,0.39,0.0,0.14,68.0,0.0,2.5,5.1,76.0,1.4
2.008,"Egg, scrambled, fried in fat",,2,https://www.matvaretabellen.no/en/egg-scrambled-fried-in-fat/,229.0,kcal,947.0,kJ,100.0,0.0,24.0,0.4,0.48,3.28,0.29,1.48,7.73,3.0,0.43,0.0,0.01,0.0,0.16,0.0,0.0,0.09,56.0,0.6,280.0,0.06,0.0,20.2,31.0,1.7,13.0,8.0,2.8,0.52,3.19,182.0,3.7,133.0,11.2,193.0,1.2,6.4,19.0,479.0,0.0,0.0,0.0,0.6,0.1,195.0,197.0,1.0,0.06,0.29,0.01,0.11,41.0,0.0,2.8,4.6,68.0,1.2
2.009,"Egg, scrambled, fried without fat",,2,https://www.matvaretabellen.no/en/egg-scrambled-fried-without-fat/,157.0,kcal,653.0,kJ,100.0,0.0,13.0,0.06,0.24,2.56,0.26,0.96,3.81,1.53,0.07,0.0,0.01,0.0,0.17,0.0,0.0,0.09,62.0,0.7,293.0,0.06,0.0,11.8,33.0,1.8,13.0,4.1,3.0,0.16,1.74,194.0,1.9,143.0,12.1,156.0,1.1,4.1,20.0,434.0,0.0,0.0,0.0,0.7,0.1,157.0,158.0,1.2,0.06,0.32,0.01,0.09,31.0,0.0,2.3,4.7,75.0,1.3
2.01,Egg-flip,,2,https://www.matvaretabellen.no/en/egg-flip/,207.0,kcal,870.0,kJ,100.0,0.0,0.0,0.0,0.02,1.66,0.18,0.63,2.87,1.28,0.05,0.0,0.01,0.0,0.15,0.0,0.0,0.08,42.0,23.3,245.0,0.05,0.0,8.2,26.0,1.5,10.0,3.1,2.5,0.13,1.48,158.0,1.6,108.0,10.0,135.0,0.3,2.3,17.0,112.0,0.0,23.1,23.1,23.3,0.0,135.0,135.0,1.0,0.06,0.3,0.0,0.1,52.0,0.0,1.9,3.9,59.0,1.0
6.598,"Elderberries, raw",Sambucus nigra L.,13.1,https://www.matvaretabellen.no/en/elderberries-raw/,47.0,kcal,195.0,kJ,83.0,0.0,325.0,0.0,0.0,0.02,0.0,0.01,0.08,0.16,0.09,0.0,0.0,0.0,0.0,0.0,0.0,0.0,47.0,6.5,0.0,0.06,7.0,0.5,3.0,0.9,32.0,0.0,1.8,0.09,0.16,56.0,0.3,321.0,0.7,0.0,0.0,0.0,1.0,8.0,0.0,0.0,0.0,6.5,0.0,27.0,54.0,0.0,0.07,0.06,1.7,0.18,17.0,29.0,0.0,1.0,86.0,0.2
13.064,"Energy drink, with taurine, caffeine and B-vitamins",,9.4,https://www.matvaretabellen.no/en/energy-drink-with-taurine-caffeine-and-b-vitamins/,49.0,kcal,210.0,kJ,100.0,0.0,0.0,0.0,0.0,0.0,0.0,0.0,0.0,0.0,0.0,0.0,0.0,0.0,0.0,0.0,0.0,0.0,13.0,12.1,0.0,0.01,0.0,0.0,0.0,0.0,3.0,0.0,8.1,0.0,0.0,0.0,0.0,3.0,0.3,0.0,0.0,0.0,0.0,19.0,0.0,12.1,12.1,12.1,0.0,0.0,0.0,1.1,0.03,0.6,8.0,0.3,0.0,0.0,0.0,0.0,88.0,0.0
13.065,"Energy drink, with taurine, caffeine and B-vitamins, sugar free",,9.4,https://www.matvaretabellen.no/en/energy-drink-with-taurine-caffeine-and-b-vitamins-sugar-free/,3.0,kcal,14.0,kJ,100.0,0.0,0.0,0.0,0.0,0.0,0.0,0.0,0.0,0.0,0.0,0.0,0.0,0.0,0.0,0.0,0.0,0.0,13.0,0.4,0.0,0.01,0.0,0.0,0.0,0.0,3.0,0.0,8.1,0.0,0.0,0.0,0.0,3.0,0.4,0.0,0.0,0.0,0.0,0.0,0.0,0.0,0.0,0.4,0.0,0.0,0.0,1.5,0.03,0.6,8.0,0.3,0.0,0.0,0.0,,99.0,0.0
13.069,"Espresso, single",,9.1,https://www.matvaretabellen.no/en/espresso-single/,24.0,kcal,100.0,kJ,100.0,0.0,0.0,0.0,0.0,0.0,0.0,0.0,0.0,0.0,0.0,0.0,0.0,0.0,0.0,0.0,0.0,0.0,9.0,5.0,0.0,,0.0,0.0,3.0,0.0,35.0,0.0,0.2,0.0,0.0,,0.0,0.0,0.9,0.0,0.0,0.0,0.0,0.0,4.9,0.0,0.0,0.1,0.0,0.0,0.0,0.0,0.0,0.0,0.0,0.0,0.0,0.0,0.0,0.0,94.0,
6.817,"Falafel, chickpeas balls, with Hälsans kök",,10.6,https://www.matvaretabellen.no/en/falafel-chickpeas-balls-with-halsans-kok/,204.0,kcal,849.0,kJ,100.0,0.0,97.0,0.0,0.02,0.56,0.02,0.14,5.13,2.66,0.59,0.0,0.0,0.0,0.0,0.0,0.0,0.0,65.0,17.9,0.0,0.23,8.0,9.4,0.0,2.4,52.0,5.3,2.1,0.62,2.66,130.0,3.3,470.0,7.8,0.0,1.2,0.8,24.0,490.0,15.4,2.5,2.5,2.5,0.0,8.0,16.0,0.0,0.14,0.07,0.8,0.18,56.0,0.0,0.0,3.0,57.0,1.0
6.783,"Falafel, home-made",,10.6,https://www.matvaretabellen.no/en/falafel-home-made/,216.0,kcal,902.0,kJ,100.0,0.0,97.0,0.0,0.01,0.57,0.03,0.15,1.77,1.96,0.15,0.0,0.0,0.0,0.02,0.0,0.0,0.01,90.0,20.6,31.0,0.51,14.0,5.7,3.0,3.3,86.0,1.8,3.4,0.16,1.99,244.0,2.3,651.0,13.4,16.0,0.7,0.7,7.0,281.0,18.4,0.0,0.0,2.2,0.0,24.0,32.0,0.1,0.21,0.12,0.9,0.31,88.0,4.0,0.2,2.2,46.0,2.3
3.114,"Fallow deer, raw","Cervus elaphus Linnaeus, 1758",3.10,https://www.matvaretabellen.no/en/fallow-deer-raw/,99.0,kcal,417.0,kJ,100.0,0.0,0.0,0.0,0.09,0.44,0.07,0.3,0.32,0.16,0.03,0.0,0.0,0.0,0.04,0.0,0.0,0.0,8.0,0.0,62.0,0.18,0.0,1.3,4.0,3.1,26.0,0.4,8.6,0.06,0.18,212.0,0.3,330.0,21.7,8.0,0.2,1.1,10.0,66.0,0.0,0.0,0.0,0.0,0.0,8.0,8.0,3.7,0.17,0.48,4.6,0.5,3.0,0.0,0.4,0.8,77.0,4.1
8.24,"Fat for cooking, unspecified",,8.1,https://www.matvaretabellen.no/en/fat-for-cooking-unspecified/,746.0,kcal,3069.3223708206688,kJ,100.0,0.0,262.0,3.04,2.58,8.63,0.48,5.36,36.67,13.54,3.24,0.0,0.0,0.0,0.0,0.0,0.0,0.0,8.0,0.3,38.0,0.0,0.0,82.6,6.0,0.0,0.0,36.9,0.1,3.26,13.38,6.0,16.2,8.0,0.5,519.0,0.8,24.4,1.0,308.0,0.0,0.0,0.0,0.3,0.4,541.0,562.0,0.0,0.0,0.02,0.01,0.0,0.0,0.0,6.8,16.7,17.0,0.0
8.001,"Fat, coconut",Cocos nucifera L.,8.5,https://www.matvaretabellen.no/en/fat-coconut/,900.0,kcal,3700.0,kJ,100.0,0.0,0.0,46.3,18.7,9.6,0.0,3.0,7.2,1.8,0.0,0.0,0.0,0.0,0.0,0.0,0.0,0.0,0.0,0.0,0.0,0.0,0.0,100.0,0.0,0.0,0.0,6.0,0.0,0.0,1.8,0.0,2.0,0.0,0.0,0.0,0.0,92.0,0.0,0.0,0.0,0.0,0.0,0.0,0.0,0.0,0.0,,0.0,0.0,0.0,0.0,0.0,0.0,0.0,11.0,0.0,0.0
8.265,"Fat, coconut, Delfia",Cocos nucifera L.,8.5,https://www.matvaretabellen.no/en/fat-coconut-delfia/,900.0,kcal,3700.0,kJ,100.0,0.0,0.0,45.6,2.9,8.6,0.0,11.4,0.0,0.0,0.0,0.0,0.0,0.0,0.0,0.0,0.0,0.0,0.0,0.0,0.0,0.0,0.0,100.0,0.0,0.0,0.0,0.0,0.0,0.0,0.0,0.0,0.0,0.0,0.0,0.0,0.0,95.0,0.0,0.0,0.0,0.0,0.0,0.0,0.0,0.0,0.0,0.0,0.0,0.0,0.0,0.0,0.0,0.0,0.0,,0.0,0.0
8.23,"Fat, dripping, 100 % fat",,8.5,https://www.matvaretabellen.no/en/fat-dripping-100-fat/,900.0,kcal,3700.0,kJ,100.0,0.0,0.0,15.1,6.2,10.6,0.0,25.9,26.4,4.7,0.0,0.0,0.0,0.0,0.0,0.0,0.0,0.0,0.0,0.0,0.0,0.0,0.0,100.0,0.0,0.0,0.0,30.0,0.0,0.0,4.9,0.0,7.0,0.0,0.0,0.0,0.0,58.0,0.0,0.0,0.0,0.0,0.0,0.0,0.0,0.0,0.0,0.0,0.0,0.0,0.0,0.0,0.0,0.0,0.0,12.0,0.0,0.0
6.204,Fennel seeds,Foeniculum vulgare Mill.,16,https://www.matvaretabellen.no/en/fennel-seeds/,327.0,kcal,1349.69,kJ,100.0,0.0,84.0,0.0,0.0,0.48,,0.0,9.91,1.69,0.0,0.0,0.0,0.0,0.0,0.0,0.0,0.0,1196.0,12.5,0.0,1.07,40.0,14.9,,18.5,385.0,9.9,8.7,,,487.0,1.7,1694.0,15.8,0.0,0.2,0.5,,88.0,0.0,0.0,0.0,12.5,,7.0,14.0,0.0,0.41,0.35,6.1,0.47,,21.0,0.0,,17.0,3.7
6.112,"Fennel, raw",Foeniculum vulgare Mill.,6.2,https://www.matvaretabellen.no/en/fennel-raw/,19.0,kcal,80.0,kJ,93.0,0.0,140.0,0.0,0.0,0.1,0.0,0.01,0.08,0.21,0.0,0.0,0.0,0.0,0.0,0.0,0.0,0.0,24.0,1.8,0.0,0.02,2.0,0.4,5.0,0.3,8.0,0.1,0.8,0.0,0.21,26.0,0.2,440.0,0.9,0.0,0.0,0.1,0.0,11.0,0.1,0.0,0.0,1.7,0.0,12.0,23.0,0.0,0.06,0.01,0.6,0.06,42.0,5.0,0.0,0.2,95.0,0.5
6.535,"Figs, dried",Ficus carica L.,13.3,https://www.matvaretabellen.no/en/figs-dried/,255.0,kcal,1078.1,kJ,96.0,0.0,59.0,0.0,0.0,0.09,0.0,0.03,0.18,0.28,0.38,0.0,0.0,0.0,0.0,0.0,0.0,0.0,191.0,53.0,0.0,0.3,10.0,1.2,2.0,1.4,67.0,0.2,1.4,0.38,0.29,75.0,0.7,784.0,3.1,0.0,0.3,0.1,0.0,111.0,5.1,0.0,0.0,47.9,0.0,5.0,9.0,0.0,0.07,0.04,0.9,0.35,3.0,1.0,0.0,0.3,33.0,0.5
6.212,"Figs, raw",Ficus carica L.,13.2,https://www.matvaretabellen.no/en/figs-raw/,52.0,kcal,218.0,kJ,98.0,0.0,150.0,0.0,0.0,0.05,0.0,0.01,0.07,0.14,0.0,0.0,0.0,0.0,0.0,0.0,0.0,0.0,38.0,9.5,0.0,0.06,3.0,0.3,,0.3,15.0,0.1,0.6,0.0,0.14,15.0,0.1,200.0,1.3,0.0,0.0,0.1,0.0,3.0,0.0,0.0,0.0,9.5,0.0,13.0,25.0,0.0,0.03,0.03,0.4,0.08,6.0,2.0,0.0,0.1,86.0,0.3
10.132,Filo pastry,,10.7,https://www.matvaretabellen.no/en/filo-pastry/,285.0,kcal,1208.69,kJ,100.0,0.0,1.0,0.0,0.0,0.1,0.0,0.0,0.6,0.4,0.1,0.0,0.0,0.0,0.0,0.0,0.0,0.0,63.0,57.9,0.0,0.0,2.0,1.9,1.0,1.5,23.0,0.6,2.6,0.1,0.4,86.0,0.5,124.0,8.0,0.0,0.6,0.2,9.0,253.0,54.9,0.0,0.0,3.0,0.0,0.0,0.0,0.0,0.14,0.03,1.3,0.09,17.0,0.0,0.0,0.5,30.0,0.6
4.079,"Fish balls, canned, drained",,4.4,https://www.matvaretabellen.no/en/fish-balls-canned-drained/,120.0,kcal,510.0,kJ,100.0,0.0,9.0,0.0,0.0,0.1,0.01,0.03,0.67,0.24,0.1,0.0,0.0,0.0,0.0,0.04,0.01,0.09,20.0,17.0,27.0,0.02,0.3,1.5,45.0,0.4,20.0,0.8,3.5,0.23,0.25,96.0,0.5,188.0,9.5,1.0,1.3,0.1,15.0,511.0,17.0,0.0,0.0,0.0,0.0,1.0,2.0,1.3,0.02,0.07,1.7,0.09,6.0,1.0,0.2,0.7,72.0,0.3
4.21,"Fish balls, refrigerated",,4.4,https://www.matvaretabellen.no/en/fish-balls-refrigerated/,59.0,kcal,252.0,kJ,100.0,0.0,2.0,0.01,0.03,0.1,0.01,0.04,0.07,0.01,0.0,0.0,0.0,0.0,0.0,0.0,0.0,0.0,68.0,5.4,29.0,0.01,0.1,0.4,55.0,0.1,15.0,0.1,4.5,0.0,0.0,136.0,0.0,275.0,8.6,1.0,1.4,0.2,13.0,548.0,3.2,0.0,0.0,2.1,0.0,1.0,1.0,0.9,0.03,0.08,1.7,0.12,5.0,0.0,0.8,0.2,83.0,0.3
4.379,"Fish dish, with white sauce, vegetables and potatoes",,4.2,https://www.matvaretabellen.no/en/fish-dish-with-white-sauce-vegetables-and-potatoes/,94.0,kcal,393.0,kJ,100.0,0.0,251.0,0.14,0.49,1.39,0.11,0.5,0.99,0.09,0.03,0.0,0.0,0.0,0.0,0.02,0.0,0.06,49.0,5.2,36.0,0.04,1.0,5.2,83.0,0.3,17.0,1.2,3.1,0.11,0.05,116.0,0.2,235.0,6.0,40.0,0.7,3.1,9.0,299.0,2.9,0.0,0.0,2.4,0.1,61.0,81.0,0.5,0.04,0.06,0.7,0.07,10.0,2.0,0.7,0.5,82.0,0.4
4.319,"Fish fingers, pre-fried, fried in fat",,4.4,https://www.matvaretabellen.no/en/fish-fingers-pre-fried-fried-in-fat/,215.0,kcal,900.0,kJ,100.0,0.0,3.0,0.08,0.07,0.65,0.04,0.26,5.59,1.78,0.61,0.0,0.0,0.0,0.0,0.06,0.01,0.09,23.0,17.5,38.0,0.05,2.0,10.5,106.0,0.4,31.0,5.8,3.3,0.79,1.79,122.0,2.6,201.0,11.9,13.0,0.6,1.2,12.0,237.0,15.8,0.0,0.0,1.7,0.0,14.0,13.0,0.8,0.09,0.05,0.9,0.06,7.0,0.0,0.2,2.0,59.0,0.3
4.352,"Fish fingers, pre-fried, industrially made, Findus",,4.4,https://www.matvaretabellen.no/en/fish-fingers-pre-fried-industrially-made-findus/,180.0,kcal,756.0,kJ,100.0,0.0,0.0,0.0,0.01,0.4,0.02,0.13,4.37,1.35,0.5,0.0,0.0,0.0,0.0,0.05,0.01,0.09,20.0,15.5,33.0,0.04,1.0,7.9,94.0,0.4,31.0,4.6,2.9,0.66,1.36,120.0,2.0,210.0,11.1,8.0,0.6,0.6,11.0,240.0,14.0,0.0,0.0,1.5,0.0,8.0,8.0,0.8,0.1,0.05,0.9,0.06,8.0,0.0,0.0,1.8,64.0,0.3
4.274,"Fish paté, lean fish",,4.4,https://www.matvaretabellen.no/en/fish-pate-lean-fish/,139.0,kcal,583.0,kJ,100.0,0.0,28.0,0.15,0.52,1.82,0.16,0.66,1.61,0.31,0.03,0.0,0.0,0.0,0.03,0.04,0.01,0.14,62.0,4.3,107.0,0.03,0.0,7.4,182.0,0.4,19.0,1.8,5.2,0.21,0.31,216.0,0.6,307.0,13.9,68.0,1.5,3.7,22.0,593.0,2.7,0.0,0.0,1.6,0.1,70.0,72.0,1.2,0.04,0.13,0.9,0.08,10.0,0.0,0.7,1.3,74.0,0.5
4.275,"Fish paté, salmon",,4.4,https://www.matvaretabellen.no/en/fish-pate-salmon/,175.0,kcal,729.0,kJ,100.0,0.0,28.0,0.15,0.63,2.26,0.29,0.79,3.88,1.09,0.36,0.0,0.01,0.04,0.07,0.16,0.07,0.26,57.0,4.3,109.0,0.03,0.0,12.2,13.0,0.4,15.0,4.6,7.6,0.95,1.19,183.0,2.2,249.0,11.9,73.0,1.4,4.5,14.0,568.0,2.7,0.0,0.0,1.6,0.1,75.0,77.0,2.8,0.06,0.15,2.9,0.22,7.0,0.0,2.8,1.2,72.0,0.4
4.02,"Fish, alkaline cured, soaked in water, Lutefisk",,4.1.2,https://www.matvaretabellen.no/en/fish-alkaline-cured-soaked-in-water-lutefisk/,46.0,kcal,194.0,kJ,100.0,0.0,0.0,0.0,0.0,0.03,0.0,0.01,0.02,0.0,0.0,0.0,0.0,0.0,0.0,0.02,0.0,0.05,22.0,0.0,21.0,0.03,0.0,0.2,22.0,0.4,1.0,0.0,3.1,0.0,0.01,133.0,0.1,0.0,11.0,0.0,0.0,0.0,4.0,5.0,0.0,0.0,0.0,0.0,0.0,0.0,0.0,1.4,0.0,0.03,1.1,0.0,0.0,0.0,0.1,0.0,89.0,0.1
4.314,"Fish, dried, alkaline cured, simmered",,4.1.2,https://www.matvaretabellen.no/en/fish-dried-alkaline-cured-simmered/,49.0,kcal,209.0,kJ,,0.0,0.0,0.0,0.0,0.04,0.0,0.01,0.03,0.0,0.0,0.0,0.0,0.0,0.01,0.02,0.0,0.07,32.0,0.0,30.0,0.03,0.0,0.2,28.0,0.4,1.0,0.0,4.4,0.0,0.01,162.0,0.1,0.0,11.8,0.0,0.0,0.0,5.0,6.0,0.0,0.0,0.0,0.0,0.0,0.0,0.0,1.6,0.0,0.03,1.1,0.0,0.0,0.0,0.1,0.0,88.0,0.1
4.27,"Fish, lean, minced, milk added, raw",,4.4,https://www.matvaretabellen.no/en/fish-lean-minced-milk-added-raw/,64.0,kcal,273.0,kJ,100.0,0.0,1.0,0.01,0.04,0.13,0.01,0.04,0.09,0.01,0.0,0.0,0.0,0.0,0.0,0.02,0.01,0.06,73.0,4.1,26.0,0.01,0.0,0.7,72.0,0.1,16.0,0.1,3.9,0.07,0.02,157.0,0.1,312.0,10.4,3.0,1.5,0.3,13.0,600.0,1.9,0.0,0.0,2.3,0.0,3.0,3.0,1.6,0.04,0.13,1.9,0.2,8.0,0.0,0.7,0.2,85.0,0.3
5.103,"Flan case bottom, with minced nuts",,5.10,https://www.matvaretabellen.no/en/flan-case-bottom-with-minced-nuts/,417.0,kcal,1739.3600264907282,kJ,100.0,0.0,5.0,0.0,0.01,1.62,0.12,0.68,14.36,2.17,0.03,0.0,0.01,0.0,0.07,0.0,0.0,0.04,67.0,36.3,115.0,0.49,3.0,25.3,12.0,1.6,52.0,14.5,2.2,0.08,2.36,170.0,2.4,255.0,9.4,51.0,0.1,2.3,8.0,53.0,2.3,32.9,32.9,34.0,0.0,51.0,51.0,0.5,0.09,0.25,0.2,0.11,39.0,2.0,0.9,10.4,26.0,1.2
5.068,"Flatbread, hard",,5.7,https://www.matvaretabellen.no/en/flatbread-hard/,322.0,kcal,1360.2338913685635,kJ,100.0,0.0,0.0,0.0,0.0,0.27,0.01,0.02,0.39,1.09,0.08,0.0,0.0,0.0,0.0,0.0,0.0,0.0,34.0,58.0,0.0,0.3,15.0,2.2,0.0,2.5,92.0,0.4,3.8,0.08,1.09,268.0,1.2,389.0,10.2,0.0,1.1,0.3,2.0,427.0,56.6,0.5,0.5,1.4,0.0,0.0,0.0,0.0,0.38,0.11,2.1,0.19,34.0,0.0,0.0,0.8,15.0,2.1
5.146,"Flatbread, hard, home-made style",,5.7,https://www.matvaretabellen.no/en/flatbread-hard-home-made-style/,327.0,kcal,1377.84907,kJ,100.0,0.0,0.0,0.0,0.0,0.28,0.02,0.03,0.48,1.32,0.08,0.0,0.0,0.0,0.0,0.0,0.0,0.0,32.0,58.4,0.0,0.3,14.0,2.6,0.1,2.3,86.0,0.5,3.8,0.08,1.32,255.0,1.4,391.0,10.4,0.0,0.9,0.3,1.0,374.0,56.5,1.0,1.0,1.9,0.0,0.0,0.0,0.0,0.42,0.12,2.1,0.19,43.0,0.0,0.0,1.0,15.0,2.0
5.144,"Flatbread, hard, with oats",,5.7,https://www.matvaretabellen.no/en/flatbread-hard-with-oats/,318.0,kcal,1342.6187127371277,kJ,100.0,0.0,0.0,0.0,0.0,0.26,0.0,0.01,0.3,0.86,0.08,0.0,0.0,0.0,0.0,0.0,0.0,0.0,35.0,57.6,0.0,0.29,16.0,1.9,0.0,2.8,98.0,0.3,3.9,0.09,0.86,281.0,0.9,387.0,10.0,0.0,1.2,0.3,2.0,479.0,56.7,0.0,0.0,0.9,0.0,0.0,0.0,0.0,0.35,0.09,2.2,0.19,24.0,0.0,0.0,0.5,15.0,2.2
5.313,"Flatbread, soft, Norwegian, filled, industrially made, Vestlandslefsa",,5.10,https://www.matvaretabellen.no/en/flatbread-soft-norwegian-filled-industrially-made-vestlandslefsa/,388.0,kcal,1625.7880153508772,kJ,100.0,0.0,0.0,3.0,1.22,1.13,0.02,0.36,5.55,2.48,0.74,0.0,0.0,0.0,0.0,0.0,0.0,0.0,20.0,52.1,0.0,0.07,2.0,16.6,0.9,0.6,17.0,5.7,1.6,0.74,2.48,63.0,3.2,94.0,6.3,0.0,1.1,6.6,1.0,432.0,29.8,21.9,21.9,22.3,0.0,0.0,0.0,0.0,0.09,0.03,0.6,0.05,5.0,1.0,0.0,2.2,23.0,0.4
5.082,"Flatbread, soft, Norwegian, lefse, thick, filled, industrially made",,5.10,https://www.matvaretabellen.no/en/flatbread-soft-norwegian-lefse-thick-filled-industrially-made/,400.0,kcal,1673.874558134326,kJ,100.0,0.0,67.0,2.04,1.27,2.42,0.11,1.36,7.33,2.5,0.84,0.0,0.0,0.0,0.0,0.0,0.0,0.0,34.0,47.4,13.0,0.06,2.0,20.7,5.0,0.4,14.0,7.6,1.4,0.84,2.47,68.0,3.4,105.0,5.2,141.0,0.4,8.5,1.0,167.0,25.3,21.1,21.1,22.2,0.1,146.0,152.0,0.1,0.08,0.04,0.5,0.04,3.0,0.0,1.7,3.6,25.0,0.3
5.081,"Flatbread, soft, Norwegian, lefse, thick, no filling",,5.10,https://www.matvaretabellen.no/en/flatbread-soft-norwegian-lefse-thick-no-filling/,340.0,kcal,1430.990807716939,kJ,100.0,0.0,0.0,1.69,0.7,0.79,0.02,0.23,3.9,1.67,0.5,0.0,0.0,0.0,0.0,0.0,0.0,0.0,42.0,53.5,0.0,0.08,2.0,10.6,4.0,0.6,19.0,4.0,1.8,0.5,1.67,87.0,2.2,133.0,6.7,1.0,0.3,4.0,1.0,115.0,32.8,19.4,19.4,20.7,0.0,1.0,1.0,0.1,0.1,0.05,0.6,0.06,4.0,1.0,0.1,2.4,27.0,0.5
5.478,"Flour, gluten-free, Finax",,5.1,https://www.matvaretabellen.no/en/flour-gluten-free-finax/,343.0,kcal,1455.57,kJ,100.0,0.0,0.0,,0.0,0.09,0.0,0.01,0.22,0.25,0.01,0.0,0.0,0.0,0.0,0.0,0.0,0.0,4.0,79.7,1.0,0.03,2.0,0.7,0.0,5.1,16.0,0.2,7.0,0.01,0.25,34.0,0.3,34.0,3.4,0.0,0.0,0.2,0.0,1.0,76.0,0.0,0.0,3.7,0.0,0.0,0.0,0.0,0.6,0.2,6.4,0.6,3.0,0.0,0.0,0.1,14.0,0.2
5.479,"Flour, gluten-free, Finmix, Semper",,5.1,https://www.matvaretabellen.no/en/flour-gluten-free-finmix-semper/,373.0,kcal,1578.79,kJ,100.0,0.0,0.0,0.0,0.0,0.04,0.0,0.0,0.05,0.01,0.0,0.0,0.0,0.0,0.0,0.0,0.0,0.0,8.0,82.9,0.0,0.05,17.0,0.0,0.0,6.1,12.0,0.1,4.3,0.0,0.01,56.0,0.1,44.0,2.0,0.0,0.1,0.1,0.0,48.0,79.9,3.0,3.0,3.0,0.0,0.0,0.0,0.0,0.4,0.4,4.0,0.35,40.0,0.0,0.0,0.0,0.0,0.4
5.425,"Flour, gluten-free, Jyttemel Original",,5.1,https://www.matvaretabellen.no/en/flour-gluten-free-jyttemel-original/,341.0,kcal,1442.4,kJ,100.0,0.0,,0.0,0.01,0.21,0.0,0.03,0.4,0.33,0.24,0.0,0.0,0.0,0.0,0.0,0.0,0.0,37.0,71.7,0.0,0.26,7.0,1.4,2.0,2.5,68.0,0.4,3.1,0.24,0.33,160.0,0.8,210.0,6.9,,0.0,0.2,3.0,0.0,71.0,0.0,0.0,0.7,0.0,,,0.0,0.16,0.09,1.9,0.21,23.0,2.0,0.0,0.1,13.0,1.5
5.426,"Flour, gluten-free, Schär",,5.1,https://www.matvaretabellen.no/en/flour-gluten-free-schar/,335.0,kcal,1418.98,kJ,100.0,0.0,,0.0,0.0,0.09,0.07,0.01,0.11,0.04,0.0,0.0,0.0,0.0,0.0,0.0,0.0,0.0,12.0,77.4,0.0,0.07,5.0,0.7,2.0,0.6,16.0,0.3,0.9,0.02,0.17,56.0,0.1,97.0,2.5,,1.0,0.1,2.0,380.0,73.9,0.0,0.0,3.5,0.0,,,0.0,0.03,0.04,0.5,0.04,14.0,0.0,0.0,0.1,15.0,0.4
5.424,"Flour, gluten-free, coarse, Semper",,5.1,https://www.matvaretabellen.no/en/flour-gluten-free-coarse-semper/,336.0,kcal,1421.26,kJ,100.0,0.0,,0.0,0.0,0.1,0.0,0.01,0.19,0.26,0.01,0.0,0.0,0.0,0.0,0.0,0.0,0.0,34.0,76.0,0.0,0.08,8.0,0.7,10.0,8.5,14.0,0.2,4.7,0.01,0.26,58.0,0.3,52.0,2.3,,0.1,0.1,2.0,58.0,72.2,0.0,0.0,3.8,0.0,,,0.0,0.3,0.56,4.3,0.21,42.0,5.0,0.0,0.0,13.0,0.4
5.25,"Flour, gluten-free, mix for white bread, Toro",,5.1,https://www.matvaretabellen.no/en/flour-gluten-free-mix-for-white-bread-toro/,361.0,kcal,1529.6,kJ,100.0,0.0,1.0,0.0,0.0,0.1,0.0,0.0,0.23,0.66,0.04,0.0,0.0,0.0,0.0,0.0,0.0,0.0,66.0,84.6,0.0,0.04,4.0,1.1,2.0,0.3,7.0,0.3,1.1,0.08,1.07,100.0,0.7,74.0,1.1,2.0,1.3,0.1,1.0,520.0,79.9,4.7,4.7,4.7,0.0,2.0,2.0,0.0,0.04,0.01,0.9,0.02,3.0,3.0,0.0,0.3,9.0,0.2
5.251,"Flour, gluten-free, mix for wholemeal bread",,5.1,https://www.matvaretabellen.no/en/flour-gluten-free-mix-for-wholemeal-bread/,391.0,kcal,1653.3,kJ,100.0,0.0,0.0,0.0,0.0,0.38,0.01,0.17,1.52,1.33,0.05,0.0,0.0,0.0,0.0,0.0,0.0,0.0,50.0,79.9,0.0,0.18,8.0,4.0,0.0,3.9,57.0,1.5,1.7,0.05,1.33,109.0,1.4,143.0,5.0,0.0,1.0,0.6,0.0,406.0,75.5,4.4,4.4,4.4,0.0,0.0,0.0,0.0,0.14,0.09,0.9,0.09,18.0,0.0,0.0,0.1,3.0,0.8
5.121,"Flour, wholemeal, wheat and rye",,5.1,https://www.matvaretabellen.no/en/flour-wholemeal-wheat-and-rye/,332.0,kcal,1404.51075,kJ,100.0,0.0,0.0,0.0,0.0,0.24,0.0,0.0,0.18,0.85,0.07,0.0,0.0,0.0,0.0,0.0,0.0,0.0,29.0,62.7,0.0,0.23,10.0,1.6,0.0,2.0,70.0,0.2,4.0,0.07,0.85,211.0,0.9,316.0,11.7,0.0,0.0,0.3,1.0,0.0,62.0,0.0,0.0,0.6,0.0,0.0,0.0,0.0,0.39,0.07,2.1,0.17,27.0,1.0,0.0,0.6,14.0,1.6
9.16,"Foam candy, Ahlgrens bilar",,7.2,https://www.matvaretabellen.no/en/foam-candy-ahlgrens-bilar/,363.0,kcal,1544.58,kJ,100.0,0.0,0.0,0.0,0.0,0.0,0.0,0.0,0.0,0.0,0.0,0.0,0.0,0.0,0.0,0.0,0.0,0.0,5.0,83.7,0.0,,0.0,0.1,0.0,0.1,1.0,0.0,1.2,0.0,0.0,17.0,0.0,4.0,6.9,0.0,0.2,0.0,1.0,86.0,34.1,49.6,49.6,49.6,0.0,0.0,0.0,0.0,0.0,0.0,0.0,0.0,0.0,0.0,0.0,0.0,9.0,0.0
5.437,Focaccia bread,,5.5.1,https://www.matvaretabellen.no/en/focaccia-bread/,311.0,kcal,1305.0883246915787,kJ,100.0,0.0,7.0,0.0,0.0,1.35,0.11,0.33,8.33,1.23,0.1,0.0,0.0,0.0,0.0,0.0,0.0,0.0,18.0,41.4,0.0,0.1,3.0,12.2,0.3,0.9,24.0,8.5,2.4,0.1,1.23,83.0,1.3,134.0,7.5,0.0,1.3,1.8,1.0,524.0,40.7,0.3,0.3,0.6,0.0,1.0,1.0,0.0,0.18,0.06,1.1,0.08,29.0,1.0,0.0,1.6,36.0,0.8
5.533,"Focaccia flour mix, gluten-free, organic, powder, Det Glutenfrie Verksted",,5.1,https://www.matvaretabellen.no/en/focaccia-flour-mix-gluten-free-organic-powder-det-glutenfrie-verksted/,333.0,kcal,1410.9889,kJ,100.0,0.0,0.0,0.0,0.0,0.13,0.0,0.02,0.16,0.27,0.0,0.0,0.0,0.0,0.0,0.0,0.0,0.0,35.0,76.7,0.0,0.17,5.0,0.7,3.0,1.6,40.0,0.2,1.2,0.02,0.27,100.0,0.3,80.0,2.3,0.0,2.2,0.2,,860.0,76.4,0.0,0.0,0.2,0.0,0.0,0.0,0.0,0.1,0.03,0.8,0.1,6.0,0.0,0.0,0.1,15.0,1.1
13.052,"Fortified wines, sweet vermouth, 15 vol-% alcohol",,9.3,https://www.matvaretabellen.no/en/fortified-wines-sweet-vermouth-15-vol-alcohol/,130.0,kcal,545.0,kJ,100.0,11.0,0.0,0.0,0.0,0.0,0.0,0.0,0.0,0.0,0.0,0.0,0.0,0.0,0.0,0.0,0.0,0.0,6.0,13.3,0.0,0.02,0.0,0.0,1.0,0.3,6.0,0.0,0.0,0.0,0.0,4.0,0.0,29.0,0.0,0.0,0.1,0.0,0.0,27.0,0.0,9.2,9.2,13.3,0.0,0.0,0.0,0.0,0.0,0.0,0.0,0.0,0.0,0.0,0.0,0.0,76.0,0.0
13.055,"Fortified wines, sweet, port, 20 vol-% alcohol",,9.3,https://www.matvaretabellen.no/en/fortified-wines-sweet-port-20-vol-alcohol/,151.0,kcal,629.0,kJ,100.0,16.0,0.0,0.0,0.0,0.0,0.0,0.0,0.0,0.0,0.0,0.0,0.0,0.0,0.0,0.0,0.0,0.0,4.0,9.6,0.0,0.1,0.0,0.0,2.0,0.4,11.0,0.0,0.1,0.0,0.0,12.0,0.0,97.0,0.1,0.0,0.0,0.0,0.0,4.0,0.0,9.6,9.6,9.6,0.0,0.0,0.0,0.0,0.0,0.01,0.1,0.01,0.0,0.0,0.0,0.0,74.0,0.2
13.144,"Frappe, caramel/mocca",,9.1,https://www.matvaretabellen.no/en/frappe-caramel-mocca/,144.0,kcal,606.0,kJ,100.0,0.0,24.0,0.12,0.39,1.3,0.09,0.63,1.04,0.08,0.02,0.0,0.0,0.0,0.0,0.0,0.0,0.0,141.0,21.4,11.0,0.13,0.8,4.7,10.0,0.5,37.0,1.2,0.9,0.02,0.04,109.0,0.1,252.0,3.7,28.0,0.2,2.9,2.0,83.0,0.4,17.3,17.3,21.0,0.1,30.0,32.0,0.3,0.03,0.13,0.1,0.03,5.0,0.0,0.0,0.0,70.0,0.7
13.143,"Frappe, strawberries and white chocolate",,9.1,https://www.matvaretabellen.no/en/frappe-strawberries-and-white-chocolate/,139.0,kcal,584.0,kJ,100.0,0.0,24.0,0.12,0.4,1.27,0.09,0.63,1.0,0.07,0.02,0.0,0.0,0.0,0.0,0.0,0.0,0.0,138.0,21.5,11.0,0.01,0.0,4.6,9.0,0.2,12.0,1.1,0.7,0.02,0.04,90.0,0.1,148.0,2.8,29.0,0.1,2.9,2.0,40.0,0.2,17.4,17.4,21.4,0.1,31.0,33.0,0.3,0.03,0.14,0.09,0.03,4.0,2.0,0.1,0.1,71.0,0.4
6.738,"French fries, fast food restaurant",Solanum tuberosum L.,15.2,https://www.matvaretabellen.no/en/french-fries-fast-food-restaurant/,331.0,kcal,1381.9,kJ,100.0,0.0,0.0,0.02,0.04,2.01,0.03,0.83,9.75,0.91,0.06,0.0,0.0,0.0,0.0,0.0,0.0,0.0,6.0,39.9,0.0,0.19,4.0,16.9,0.0,0.8,29.0,8.4,2.4,0.06,0.91,116.0,1.8,487.0,3.0,0.0,0.3,5.4,0.0,121.0,39.6,0.0,0.0,0.3,0.4,0.0,0.0,0.0,0.12,0.05,1.9,0.28,25.0,5.0,0.0,2.0,37.0,0.4
9.004,Frosting,,7.1,https://www.matvaretabellen.no/en/frosting/,400.0,kcal,1700.0,kJ,100.0,0.0,0.0,0.0,0.0,0.0,0.0,0.0,0.0,0.0,0.0,0.0,0.0,0.0,0.0,0.0,0.0,0.0,0.0,100.0,0.0,0.01,0.0,0.0,0.0,0.0,0.0,0.0,0.0,0.0,0.0,0.0,0.0,2.0,0.0,0.0,0.0,0.0,0.0,0.0,0.0,100.0,100.0,100.0,0.0,0.0,0.0,0.0,0.0,0.0,0.0,0.0,0.0,0.0,0.0,0.0,0.0,0.0
5.299,"Frosting, plain",,7.1,https://www.matvaretabellen.no/en/frosting-plain/,342.0,kcal,1454.0627,kJ,100.0,0.0,0.0,0.0,0.0,0.0,0.0,0.0,0.0,0.0,0.0,0.0,0.0,0.0,0.0,0.0,0.0,0.0,0.0,85.5,0.0,0.01,0.0,0.0,0.0,0.0,0.0,0.0,0.0,0.0,0.0,0.0,0.0,4.0,0.0,0.0,0.0,0.0,0.0,0.0,0.0,85.5,85.5,85.5,0.0,0.0,0.0,0.0,0.0,0.0,0.0,0.0,0.2,1.0,0.0,0.0,15.0,0.0
11.097,"Fruit bar, fruit candy",,7.2,https://www.matvaretabellen.no/en/fruit-bar-fruit-candy/,327.0,kcal,1380.7,kJ,100.0,0.0,15.0,0.0,0.0,0.4,0.0,0.1,3.2,1.4,0.4,0.0,0.0,0.0,0.0,0.0,0.0,0.0,27.0,62.5,0.0,,3.0,6.9,0.0,0.6,37.0,3.3,5.2,0.4,1.4,76.0,1.8,640.0,2.1,0.0,0.0,0.5,0.0,15.0,6.0,0.0,47.1,56.5,0.0,1.0,2.0,0.0,0.04,0.0,4.8,0.16,7.0,0.0,0.0,1.3,25.0,0.4
6.536,"Fruit cocktail, canned, in natural juice",,13.3,https://www.matvaretabellen.no/en/fruit-cocktail-canned-in-natural-juice/,50.0,kcal,214.0,kJ,100.0,0.0,54.0,0.0,0.0,0.0,0.0,0.0,0.0,0.0,0.0,0.0,0.0,0.0,0.0,0.0,0.0,0.0,9.0,11.7,0.0,0.04,1.0,0.0,0.7,0.4,7.0,0.0,0.4,0.0,0.0,14.0,0.0,95.0,0.4,0.0,0.0,0.0,0.0,3.0,0.0,0.0,0.0,11.7,0.0,5.0,9.0,0.0,0.01,0.01,0.3,0.04,6.0,14.0,0.0,,87.0,0.1
6.537,"Fruit cocktail, canned, in syrup",,13.3,https://www.matvaretabellen.no/en/fruit-cocktail-canned-in-syrup/,63.0,kcal,266.0,kJ,100.0,0.0,54.0,0.0,0.0,0.0,0.0,0.0,0.0,0.0,0.0,0.0,0.0,0.0,0.0,0.0,0.0,0.0,5.0,14.8,0.0,0.02,1.0,0.0,0.7,0.3,5.0,0.0,0.5,0.0,0.0,9.0,0.0,95.0,0.4,0.0,0.0,0.0,0.0,3.0,0.0,11.4,11.4,14.8,0.0,5.0,9.0,0.0,0.02,0.01,0.4,0.03,5.0,4.0,0.0,,84.0,0.1
6.567,"Fruit drink, 1000 g sugar/l syrup, concentrated",,9.2,https://www.matvaretabellen.no/en/fruit-drink-1000-g-sugar-l-syrup-concentrated/,217.0,kcal,923.0,kJ,100.0,0.0,30.0,0.0,0.0,0.0,0.0,0.0,0.01,0.02,0.02,0.0,0.0,0.0,0.0,0.0,0.0,0.0,16.0,53.4,0.0,0.06,0.0,0.1,0.1,0.5,6.0,0.0,0.3,0.02,0.02,29.0,0.0,144.0,0.7,0.0,0.0,0.0,0.0,2.0,0.0,50.0,50.0,53.4,0.0,2.0,5.0,0.0,0.01,0.01,0.2,0.03,5.0,45.0,0.0,0.6,46.0,0.1
6.584,"Fruit drink, 1000 g sugar/l syrup, ready-to-drink",,9.2,https://www.matvaretabellen.no/en/fruit-drink-1000-g-sugar-l-syrup-ready-to-drink/,43.0,kcal,185.0,kJ,100.0,0.0,13.0,0.0,0.0,0.0,0.0,0.0,0.0,0.0,0.0,0.0,0.0,0.0,0.0,0.0,0.0,0.0,4.0,10.7,0.0,0.01,0.0,0.0,0.1,0.1,2.0,0.0,0.1,0.0,0.0,7.0,0.0,34.0,0.1,0.0,0.0,0.0,0.0,0.0,0.0,10.0,10.0,10.7,0.0,1.0,2.0,0.0,0.0,0.0,0.03,0.01,2.0,20.0,0.0,0.2,89.0,0.0
6.566,"Fruit drink, 500 g sugar/l syrup, concentrated",,9.2,https://www.matvaretabellen.no/en/fruit-drink-500-g-sugar-l-syrup-concentrated/,156.0,kcal,664.0,kJ,100.0,0.0,40.0,0.0,0.0,0.01,0.0,0.0,0.02,0.03,0.02,0.0,0.0,0.0,0.0,0.0,0.0,0.0,21.0,37.8,0.0,0.07,0.0,0.1,0.2,0.7,8.0,0.0,0.4,0.02,0.03,39.0,0.0,191.0,0.9,0.0,0.0,0.0,0.0,2.0,0.0,33.3,33.3,37.8,0.0,3.0,6.0,0.0,0.01,0.01,0.2,0.04,6.0,60.0,0.0,0.9,61.0,0.1
6.583,"Fruit drink, 500 g sugar/l syrup, ready-to-drink",,9.2,https://www.matvaretabellen.no/en/fruit-drink-500-g-sugar-l-syrup-ready-to-drink/,39.0,kcal,166.0,kJ,100.0,0.0,10.0,0.0,0.0,0.0,0.0,0.0,0.0,0.01,0.01,0.0,0.0,0.0,0.0,0.0,0.0,0.0,5.0,9.5,0.0,0.02,0.0,0.0,0.1,0.2,2.0,0.0,0.1,0.01,0.01,10.0,0.0,48.0,0.2,0.0,0.0,0.0,0.0,1.0,0.0,8.3,8.3,9.5,0.0,1.0,1.0,0.0,0.0,0.0,0.05,0.01,2.0,15.0,0.0,0.2,90.0,0.0
6.732,"Fruit drink, blackcurrant, 1000 g sugar/l syrup, concentrated",Ribes nigrum L.,9.2,https://www.matvaretabellen.no/en/fruit-drink-blackcurrant-1000-g-sugar-l-syrup-concentrated/,217.0,kcal,923.0,kJ,100.0,0.0,65.0,0.0,0.0,0.0,0.0,0.0,0.01,0.02,0.01,0.0,0.0,0.0,0.0,0.0,0.0,0.0,21.0,53.4,0.0,0.06,0.0,0.1,0.1,0.7,9.0,0.0,0.3,0.01,0.02,34.0,0.0,170.0,0.7,0.0,0.0,0.0,0.0,2.0,0.0,50.0,50.0,53.4,0.0,5.0,10.0,0.0,0.01,0.01,0.2,0.04,8.0,101.0,0.0,1.1,46.0,0.1
6.731,"Fruit drink, blackcurrant, 1000 g sugar/l syrup, ready-to-drink",Ribes nigrum L.,9.2,https://www.matvaretabellen.no/en/fruit-drink-blackcurrant-1000-g-sugar-l-syrup-ready-to-drink/,43.0,kcal,185.0,kJ,100.0,0.0,13.0,0.0,0.0,0.0,0.0,0.0,0.0,0.0,0.0,0.0,0.0,0.0,0.0,0.0,0.0,0.0,4.0,10.7,0.0,0.01,0.0,0.0,0.1,0.1,2.0,0.0,0.1,0.0,0.0,7.0,0.0,34.0,0.1,0.0,0.0,0.0,0.0,0.0,0.0,10.0,10.0,10.7,0.0,1.0,2.0,0.0,0.0,0.0,0.03,0.01,2.0,20.0,0.0,0.2,89.0,0.0
6.73,"Fruit drink, blackcurrant, 500 g sugar/l syrup, concentrated",Ribes nigrum L.,9.2,https://www.matvaretabellen.no/en/fruit-drink-blackcurrant-500-g-sugar-l-syrup-concentrated/,262.0,kcal,1114.668814,kJ,100.0,0.0,49.0,0.0,0.0,0.0,0.0,0.0,0.01,0.01,0.01,0.0,0.0,0.0,0.0,0.0,0.0,0.0,16.0,64.9,0.0,0.05,0.0,0.1,0.1,0.5,7.0,0.0,0.2,0.01,0.01,26.0,0.0,128.0,0.5,0.0,0.0,0.0,0.0,1.0,0.0,62.3,62.3,64.9,0.0,4.0,8.0,0.0,0.0,0.0,0.1,0.03,6.0,76.0,0.0,0.8,35.0,0.1
6.613,"Fruit drink, blackcurrant, 500 g sugar/l syrup, ready-to-drink",Ribes nigrum L.,9.2,https://www.matvaretabellen.no/en/fruit-drink-blackcurrant-500-g-sugar-l-syrup-ready-to-drink/,66.0,kcal,279.0,kJ,100.0,0.0,12.0,0.0,0.0,0.0,0.0,0.0,0.0,0.0,0.0,0.0,0.0,0.0,0.0,0.0,0.0,0.0,4.0,16.2,0.0,0.01,0.0,0.0,0.1,0.1,2.0,0.0,0.1,0.0,0.0,6.0,0.0,32.0,0.1,0.0,0.0,0.0,0.0,0.0,0.0,15.6,15.6,16.2,0.0,1.0,2.0,0.0,0.0,0.0,0.03,0.01,1.0,19.0,0.0,0.2,84.0,0.0
6.589,"Fruit drink, mixed berries, concentrated",,9.2,https://www.matvaretabellen.no/en/fruit-drink-mixed-berries-concentrated/,210.0,kcal,892.0,kJ,100.0,0.0,0.0,0.0,0.0,0.02,0.0,0.0,0.0,0.02,0.0,0.0,0.0,0.0,0.0,0.0,0.0,0.0,8.0,52.2,0.0,0.01,0.1,0.1,0.2,0.4,4.0,0.0,0.1,0.0,0.02,6.0,0.0,44.0,0.1,0.0,0.0,0.0,0.0,3.0,0.0,44.4,52.2,52.2,0.0,0.0,0.0,0.0,0.0,0.04,0.06,0.02,0.6,0.0,0.0,0.0,48.0,0.0
6.59,"Fruit drink, mixed berries, ready-to-drink",,9.2,https://www.matvaretabellen.no/en/fruit-drink-mixed-berries-ready-to-drink/,42.0,kcal,178.0,kJ,100.0,0.0,0.0,0.0,0.0,0.0,0.0,0.0,0.0,0.0,0.0,0.0,0.0,0.0,0.0,0.0,0.0,0.0,2.0,10.4,0.0,0.0,0.0,0.0,0.1,0.1,1.0,0.0,0.0,0.0,0.0,1.0,0.0,9.0,0.0,0.0,0.0,0.0,0.0,1.0,0.0,8.9,10.4,10.4,0.0,0.0,0.0,0.0,0.0,0.01,0.01,0.0,0.1,0.0,0.0,0.0,90.0,0.0
6.569,"Fruit drink, orange, concentrated",Citrus sinensis (L.) Osbeck,9.2,https://www.matvaretabellen.no/en/fruit-drink-orange-concentrated/,172.0,kcal,732.0,kJ,100.0,0.0,25.0,0.0,0.0,0.01,0.0,0.0,0.01,0.01,0.0,0.0,0.0,0.0,0.0,0.0,0.0,0.0,8.0,42.4,0.0,0.02,0.0,0.1,0.6,0.0,6.0,0.0,0.3,0.0,0.01,10.0,0.0,105.0,0.4,0.0,0.0,0.0,0.0,2.0,0.0,36.3,42.5,42.4,0.0,2.0,4.0,0.0,0.21,0.01,0.3,0.03,20.0,20.0,0.0,0.1,57.0,0.0
6.585,"Fruit drink, orange, ready-to-drink",Citrus sinensis (L.) Osbeck,9.2,https://www.matvaretabellen.no/en/fruit-drink-orange-ready-to-drink/,34.0,kcal,146.0,kJ,100.0,0.0,5.0,0.0,0.0,0.0,0.0,0.0,0.0,0.0,0.0,0.0,0.0,0.0,0.0,0.0,0.0,0.0,2.0,8.5,0.0,0.0,0.0,0.0,0.2,0.0,1.0,0.0,0.1,0.0,0.0,2.0,0.0,21.0,0.1,0.0,0.0,0.0,0.0,0.0,0.0,7.3,8.5,8.5,0.0,0.0,0.0,0.0,0.04,0.0,0.05,0.01,4.0,4.0,0.0,0.0,91.0,0.0
13.036,"Fruit drink, without added sugar, artificially sweetened, ready-to-drink",,9.2,https://www.matvaretabellen.no/en/fruit-drink-without-added-sugar-artificially-sweetened-ready-to-drink/,0.0,kcal,0.0,kJ,100.0,0.0,0.0,0.0,0.0,0.0,0.0,0.0,0.0,0.0,0.0,0.0,0.0,0.0,0.0,0.0,0.0,0.0,0.0,0.0,0.0,0.0,0.0,0.0,0.1,0.0,0.0,0.0,0.0,0.0,0.0,0.0,0.0,0.0,0.0,0.0,0.0,0.0,0.0,0.0,0.0,0.0,0.0,0.0,0.0,0.0,0.0,0.0,0.0,0.0,0.0,0.0,0.0,0.0,0.0,0.0,100.0,0.0
9.128,"Fruit jellies, Seigmenn",,7.2,https://www.matvaretabellen.no/en/fruit-jellies-seigmenn/,292.0,kcal,1242.7,kJ,100.0,0.0,0.0,0.0,0.0,0.0,0.0,0.0,0.0,0.0,0.0,0.0,0.0,0.0,0.0,0.0,0.0,0.0,4.0,65.5,0.0,0.0,0.0,0.0,0.0,0.2,2.0,0.0,1.3,0.0,0.0,12.0,0.0,16.0,7.6,0.0,0.1,0.0,0.0,34.0,12.6,52.9,52.9,52.9,0.0,0.0,0.0,0.0,0.0,0.0,0.0,0.0,0.0,0.0,0.0,0.0,27.0,0.0
6.574,"Fruit juice drink, blackcurrant, concentrated",Ribes nigrum L.,9.2,https://www.matvaretabellen.no/en/fruit-juice-drink-blackcurrant-concentrated/,194.0,kcal,822.0,kJ,100.0,0.0,73.0,0.0,0.0,0.0,0.0,0.0,0.01,0.02,0.02,0.0,0.0,0.0,0.0,0.0,0.0,0.0,23.0,47.3,0.0,0.07,0.0,0.1,0.1,0.8,10.0,0.0,0.3,0.02,0.02,38.0,0.0,191.0,0.8,0.0,0.0,0.0,0.0,2.0,0.0,43.5,43.5,47.3,0.0,6.0,12.0,0.0,0.01,0.01,0.2,0.04,8.0,114.0,0.0,1.3,52.0,0.1
6.587,"Fruit juice drink, blackcurrant, ready-to-drink",Ribes nigrum L.,9.2,https://www.matvaretabellen.no/en/fruit-juice-drink-blackcurrant-ready-to-drink/,32.0,kcal,137.0,kJ,100.0,0.0,12.0,0.0,0.0,0.0,0.0,0.0,0.0,0.0,0.0,0.0,0.0,0.0,0.0,0.0,0.0,0.0,4.0,7.9,0.0,0.01,0.0,0.0,0.1,0.1,2.0,0.0,0.1,0.0,0.0,6.0,0.0,32.0,0.1,0.0,0.0,0.0,0.0,0.0,0.0,7.2,7.2,7.9,0.0,1.0,2.0,0.0,0.0,0.0,0.03,0.01,1.0,19.0,0.0,0.2,92.0,0.0
5.474,"Fruit muesli, breakfast cereal, gluten-free, Finax",,5.3,https://www.matvaretabellen.no/en/fruit-muesli-breakfast-cereal-gluten-free-finax/,372.0,kcal,1562.15,kJ,100.0,0.0,703.0,0.01,0.0,0.35,0.01,0.14,1.48,1.79,0.05,0.0,0.0,0.0,0.0,0.0,0.0,0.0,53.0,61.8,0.0,0.17,25.0,4.7,0.0,1.9,61.0,1.5,2.8,0.05,1.79,122.0,1.9,179.0,8.1,0.0,1.0,0.5,0.0,401.0,41.8,13.0,13.0,20.0,0.0,59.0,117.0,0.0,0.19,0.13,1.4,0.15,42.0,22.0,0.0,2.6,0.0,0.8
4.008,"Garfish, raw","Belone belone (Linnaeus, 1761)",4.1.2,https://www.matvaretabellen.no/en/garfish-raw/,107.0,kcal,450.0,kJ,58.0,0.0,0.0,0.0,0.07,0.49,0.18,0.09,0.64,0.08,0.04,0.0,0.0,0.01,0.03,0.12,0.09,0.66,79.0,0.0,85.0,0.06,0.0,3.2,19.0,0.6,23.0,0.9,10.7,0.95,0.12,213.0,1.1,301.0,19.5,3.0,0.2,0.7,30.0,62.0,0.0,0.0,0.0,0.0,0.0,3.0,3.0,7.7,0.0,0.11,7.1,0.41,1.0,0.0,5.2,0.8,77.0,2.7
6.154,Garlic powder,Allium sativum L.,16,https://www.matvaretabellen.no/en/garlic-powder/,346.0,kcal,1463.26,kJ,100.0,0.0,0.0,0.0,0.02,0.1,0.0,0.11,0.11,0.14,0.01,0.0,0.0,0.0,0.0,0.0,0.0,0.0,79.0,63.7,0.0,0.53,9.0,0.7,,5.7,77.0,0.1,3.6,0.01,0.17,414.0,0.2,1193.0,16.6,0.0,0.2,0.2,24.0,60.0,61.3,0.0,0.0,2.4,0.0,0.0,0.0,0.0,0.44,0.14,0.8,1.65,47.0,1.0,0.0,0.7,10.0,3.0
6.038,"Garlic, raw",Allium sativum L.,6.2,https://www.matvaretabellen.no/en/garlic-raw/,106.0,kcal,450.0,kJ,79.0,0.0,0.0,0.0,0.0,0.09,0.0,0.0,0.01,0.23,0.02,0.0,0.0,0.0,0.0,0.0,0.0,0.0,19.0,16.3,0.0,0.06,2.0,0.6,3.0,1.9,25.0,0.0,1.6,0.02,0.23,170.0,0.3,620.0,7.9,0.0,0.0,0.1,2.0,4.0,14.7,0.0,0.0,1.6,,0.0,0.0,0.0,0.13,0.03,0.3,0.38,5.0,17.0,0.0,0.0,73.0,1.0
12.11,Gelatin,,10.7,https://www.matvaretabellen.no/en/gelatin/,343.0,kcal,1458.9,kJ,100.0,0.0,0.0,0.0,0.0,0.05,0.01,0.02,0.09,0.02,0.0,0.0,0.0,0.0,0.0,0.0,0.0,0.0,55.0,0.0,0.0,2.16,0.0,0.1,5.0,1.1,22.0,0.1,14.4,0.0,0.03,39.0,0.0,16.0,85.6,0.0,0.5,0.1,1.0,196.0,0.0,0.0,0.0,0.0,0.0,0.0,0.0,0.0,0.03,0.23,0.09,0.01,30.0,0.0,0.0,0.0,14.0,0.1
8.252,Ghee,,8.1,https://www.matvaretabellen.no/en/ghee/,897.0,kcal,3686.26,kJ,100.0,0.0,193.0,2.79,10.0,26.2,2.23,12.1,25.0,2.25,1.45,0.0,0.0,0.0,0.0,0.0,0.0,0.0,4.0,0.0,256.0,0.0,0.0,99.5,44.0,0.0,0.0,28.7,0.1,1.45,2.25,3.0,3.7,5.0,0.3,824.0,0.0,61.9,0.0,2.0,0.0,0.0,0.0,0.0,2.1,840.0,856.0,0.0,0.0,0.01,0.0,0.0,0.0,0.0,0.0,2.8,0.0,0.0
8.253,"Ghee, vegetable oil",,8.1,https://www.matvaretabellen.no/en/ghee-vegetable-oil/,899.0,kcal,3694.3,kJ,100.0,0.0,0.0,0.2,1.04,42.45,0.15,4.3,37.55,9.75,0.16,0.0,0.0,0.0,0.0,0.0,0.0,0.0,0.0,0.0,0.0,0.0,0.0,99.8,,0.5,0.0,38.3,0.0,0.32,8.85,0.0,9.9,0.0,0.1,0.0,0.0,47.5,0.0,0.0,0.0,0.0,0.0,0.0,0.4,0.0,0.0,0.0,0.0,0.0,0.0,0.0,0.0,0.0,0.0,10.0,0.0,0.0
6.243,"Ginger juice, ginger shot, cafe/bakery",,9.2,https://www.matvaretabellen.no/en/ginger-juice-ginger-shot-cafe-bakery/,56.0,kcal,237.0,kJ,100.0,0.0,4.0,0.01,0.0,0.04,0.0,0.0,0.03,0.05,0.01,0.0,0.0,0.0,0.0,0.0,0.0,0.0,11.0,12.8,0.0,0.05,0.6,0.2,0.9,0.5,13.0,0.0,0.3,0.01,0.05,14.0,0.1,203.0,0.3,0.0,0.0,0.1,0.0,5.0,1.0,0.0,11.6,11.9,0.0,0.0,0.0,0.0,0.06,0.22,0.3,0.06,6.0,5.0,0.0,0.1,86.0,0.1
6.244,"Ginger juice, ginger shot, with orange and turmeric, cafe/bakery",,9.2,https://www.matvaretabellen.no/en/ginger-juice-ginger-shot-with-orange-and-turmeric-cafe-bakery/,51.0,kcal,215.0,kJ,100.0,0.0,36.0,0.01,0.01,0.03,0.01,0.0,0.04,0.05,0.01,0.0,0.0,0.0,0.0,0.0,0.0,0.0,15.0,10.8,0.0,0.07,0.6,0.3,1.0,0.8,17.0,0.1,0.6,0.01,0.05,22.0,0.1,232.0,0.8,0.0,0.0,0.1,0.0,5.0,1.4,0.0,9.2,9.4,0.0,3.0,6.0,0.0,0.26,0.06,0.5,0.07,27.0,26.0,0.0,0.2,87.0,0.2
5.134,Ginger nuts,,5.8,https://www.matvaretabellen.no/en/ginger-nuts/,489.0,kcal,2051.683806067047,kJ,100.0,0.0,100.0,1.14,1.32,3.5,0.21,1.99,6.9,2.21,0.7,0.0,0.0,0.0,0.0,0.0,0.0,0.0,41.0,65.9,29.0,0.11,3.0,21.6,4.0,0.7,22.0,7.3,1.8,0.7,2.15,162.0,3.0,130.0,6.7,197.0,0.6,9.6,1.0,243.0,34.6,30.7,30.7,31.2,0.3,205.0,213.0,0.1,0.1,0.05,0.6,0.06,5.0,1.0,2.5,2.2,3.0,0.5
6.14,"Ginger, canned",Zingiber officinale Roscoe,6.6,https://www.matvaretabellen.no/en/ginger-canned/,31.0,kcal,130.0,kJ,60.0,0.0,0.0,0.01,0.01,0.04,0.01,0.01,0.04,0.04,0.01,0.0,0.0,0.0,0.0,0.0,0.0,0.0,10.0,6.3,0.0,,0.6,0.2,1.0,0.2,17.0,0.0,0.3,0.01,0.04,12.0,0.0,135.0,0.6,0.0,1.8,0.0,0.0,701.0,4.6,0.0,0.0,1.7,0.0,0.0,0.0,0.0,0.0,0.01,0.2,0.06,4.0,2.0,0.0,0.0,92.0,0.1
6.155,"Ginger, ground",Zingiber officinale Roscoe,16,https://www.matvaretabellen.no/en/ginger-ground/,342.0,kcal,1442.34,kJ,100.0,0.0,18.0,0.07,0.04,0.57,0.04,0.23,0.36,0.71,0.22,0.0,0.0,0.0,0.0,0.0,0.0,0.0,114.0,60.0,0.0,0.48,14.0,4.2,0.5,19.8,214.0,0.5,11.1,0.22,0.71,168.0,0.9,1320.0,9.0,0.0,0.1,2.6,56.0,27.0,40.2,0.0,0.0,19.8,0.0,2.0,3.0,0.0,0.05,0.17,9.6,0.63,13.0,1.0,0.0,0.0,13.0,3.6
6.108,"Ginger, root, raw",Zingiber officinale Roscoe,6.2,https://www.matvaretabellen.no/en/ginger-root-raw/,50.0,kcal,212.0,kJ,94.0,0.0,0.0,0.04,0.02,0.12,0.02,0.02,0.12,0.12,0.03,0.0,0.0,0.0,0.0,0.0,0.0,0.0,16.0,8.1,0.0,0.23,2.0,0.8,0.5,0.6,43.0,0.2,1.1,0.03,0.12,34.0,0.2,415.0,1.8,0.0,0.0,0.2,1.0,13.0,6.4,0.0,0.0,1.7,0.0,0.0,0.0,0.0,0.02,0.03,0.8,0.16,11.0,5.0,0.0,0.3,87.0,0.3
5.198,Gingersnaps,,5.8,https://www.matvaretabellen.no/en/gingersnaps/,423.0,kcal,1776.2306519689257,kJ,100.0,0.0,75.0,0.43,1.45,4.29,0.34,1.54,3.18,0.65,0.09,0.0,0.0,0.0,0.01,0.0,0.0,0.0,41.0,62.9,49.0,0.13,3.0,15.6,6.0,0.8,24.0,3.7,1.8,0.09,0.51,93.0,0.8,147.0,6.5,119.0,0.8,9.4,2.0,302.0,32.2,30.3,30.3,30.7,0.4,125.0,131.0,0.1,0.1,0.05,0.6,0.06,5.0,1.0,1.7,0.7,13.0,0.5
9.174,Glucose syrup,,7.1,https://www.matvaretabellen.no/en/glucose-syrup/,319.0,kcal,1356.6,kJ,100.0,0.0,0.0,0.0,0.0,0.0,0.0,0.0,0.0,0.0,0.0,0.0,0.0,0.0,0.0,0.0,0.0,0.0,0.0,79.8,0.0,,0.0,0.0,0.0,0.0,0.0,0.0,0.0,0.0,0.0,11.0,0.0,0.0,0.0,0.0,0.0,0.0,0.0,0.0,0.0,39.0,39.0,39.2,0.0,0.0,0.0,0.0,0.0,0.0,0.0,0.0,0.0,0.0,0.0,0.0,20.0,0.0
1.251,"Goat cheese, chevre, Naturell",,1.4.4,https://www.matvaretabellen.no/en/goat-cheese-chevre-naturell/,316.0,kcal,1308.0,kJ,100.0,0.0,1.0,0.88,2.34,8.23,0.47,3.55,5.97,0.49,0.09,0.0,0.0,0.0,0.0,0.0,0.0,0.0,64.0,1.0,83.0,0.04,0.0,28.0,80.0,0.2,12.0,6.6,4.3,0.09,0.5,240.0,0.7,121.0,15.0,210.0,1.1,18.1,9.0,440.0,0.0,0.0,0.0,1.0,0.8,210.0,210.0,0.8,0.03,0.53,0.8,0.06,82.0,0.0,0.0,0.7,56.0,0.5
1.248,"Goat cheese, hard, white, Balsfjord",,1.4.7,https://www.matvaretabellen.no/en/goat-cheese-hard-white-balsfjord/,398.0,kcal,1649.0,kJ,100.0,0.0,1.0,1.07,2.84,10.0,0.57,4.31,7.25,0.6,0.11,0.0,0.0,0.0,0.0,0.0,0.0,0.0,1000.0,0.0,101.0,0.06,0.0,34.0,86.0,0.3,63.0,8.0,5.8,0.11,0.6,710.0,0.8,101.0,23.0,256.0,1.0,22.0,9.0,400.0,0.0,0.0,0.0,0.0,0.9,256.0,256.0,0.2,0.1,0.26,0.4,0.05,19.0,0.0,0.0,0.9,43.0,3.9
1.249,"Goat cheese, hard, white, Kvitlin",,1.4.7,https://www.matvaretabellen.no/en/goat-cheese-hard-white-kvitlin/,389.0,kcal,1612.0,kJ,100.0,0.0,1.0,1.04,2.75,9.7,0.55,4.19,7.04,0.58,0.11,0.0,0.0,0.0,0.0,0.0,0.0,0.0,1000.0,0.0,98.0,0.06,0.0,33.0,86.0,0.3,63.0,7.8,5.8,0.11,0.6,710.0,0.8,101.0,23.0,225.0,1.5,21.3,9.0,600.0,0.0,0.0,0.0,0.0,0.9,225.0,225.0,0.2,0.1,0.26,0.4,0.05,19.0,0.0,0.0,0.8,44.0,3.9
6.843,"Goji berries, dried",Lycium barbarum L.,13.3,https://www.matvaretabellen.no/en/goji-berries-dried/,290.0,kcal,1224.1,kJ,100.0,0.0,311.0,0.0,0.0,0.7,0.0,0.0,0.3,0.4,0.2,0.0,0.0,0.0,0.0,0.0,0.0,0.0,58.0,50.5,0.0,0.54,11.0,2.4,0.0,3.1,100.0,0.3,5.8,0.2,0.4,240.0,0.6,1500.0,11.2,0.0,0.9,0.9,0.0,360.0,0.0,0.0,0.0,50.5,0.0,26.0,51.0,0.0,0.12,0.77,3.9,0.08,57.0,0.0,0.0,6.3,25.0,0.8
3.002,"Goose, meat and skin, raw",Branta spp.,3.1,https://www.matvaretabellen.no/en/goose-meat-and-skin-raw/,366.0,kcal,1514.24,kJ,100.0,0.0,0.0,0.03,0.17,6.95,0.98,2.33,16.68,3.34,0.21,0.02,0.02,0.0,0.0,0.0,0.0,0.0,12.0,0.0,80.0,0.27,0.0,33.6,4.0,2.5,18.0,17.8,6.5,0.21,3.34,234.0,3.8,308.0,15.9,17.0,0.2,9.8,14.0,73.0,0.0,0.0,0.0,0.0,0.0,17.0,17.0,0.3,0.09,0.25,3.6,0.39,4.0,0.0,0.0,0.5,51.0,1.7
3.234,"Goose, with skin, roasted",Branta spp.,3.1,https://www.matvaretabellen.no/en/goose-with-skin-roasted/,446.0,kcal,1853.090243902439,kJ,100.0,0.0,0.0,0.03,0.17,6.78,0.96,2.27,16.27,3.26,0.2,0.02,0.02,0.0,0.0,0.0,0.0,0.0,29.0,0.0,195.0,0.56,0.0,32.8,11.0,5.8,37.0,17.3,15.9,0.2,3.26,485.0,3.7,676.0,37.6,17.0,0.4,9.5,35.0,151.0,0.0,0.0,0.0,0.0,0.0,17.0,17.0,0.6,0.13,0.55,7.0,0.62,5.0,0.0,0.0,0.5,30.0,4.2
3.305,"Goose, without skin, raw",Branta spp.,3.1,https://www.matvaretabellen.no/en/goose-without-skin-raw/,155.0,kcal,651.0,kJ,100.0,0.0,0.0,0.03,0.03,1.46,0.27,0.91,1.57,0.79,0.1,0.0,0.0,0.0,0.0,0.0,0.0,0.0,13.0,0.0,84.0,0.31,0.0,7.1,1.0,2.6,24.0,1.9,8.5,0.1,0.79,312.0,0.9,420.0,22.8,12.0,0.2,2.8,17.0,87.0,0.0,0.0,0.0,0.0,0.0,12.0,12.0,0.5,0.13,0.38,4.3,0.64,31.0,0.0,0.0,0.3,70.0,2.3
3.245,"Goose, without skin, roasted",Branta spp.,3.1,https://www.matvaretabellen.no/en/goose-without-skin-roasted/,368.0,kcal,1553.2129032258065,kJ,100.0,0.0,0.0,0.04,0.04,1.88,0.35,1.18,2.02,1.02,0.13,0.01,0.01,0.0,0.0,0.0,0.0,0.0,42.0,0.0,271.0,0.85,0.0,9.2,3.0,7.9,66.0,2.4,27.4,0.13,1.02,855.0,1.2,1219.0,71.3,15.0,0.6,3.6,54.0,239.0,0.0,0.0,0.0,0.0,0.0,15.0,15.0,1.1,0.27,1.1,11.1,1.34,50.0,0.0,0.0,0.4,20.0,7.5
6.514,"Gooseberries, raw",Ribes uva-crispa L.,13.1,https://www.matvaretabellen.no/en/gooseberries-raw/,37.0,kcal,155.0,kJ,98.0,0.0,119.0,0.0,0.0,0.03,0.0,0.02,0.08,0.4,0.07,0.0,0.0,0.0,0.0,0.0,0.0,0.0,34.0,5.4,0.0,0.06,3.0,0.6,0.3,0.4,10.0,0.1,0.4,0.07,0.4,28.0,0.4,148.0,0.8,0.0,0.0,0.1,0.0,3.0,0.0,0.0,0.0,5.4,0.0,10.0,19.0,0.0,0.04,0.03,0.3,0.08,9.0,28.0,0.0,0.4,90.0,0.1
6.241,Gooseberry jam,,13.3,https://www.matvaretabellen.no/en/gooseberry-jam/,175.0,kcal,742.0,kJ,100.0,0.0,40.0,0.0,0.0,0.01,0.0,0.01,0.03,0.16,0.03,0.0,0.0,0.0,0.0,0.0,0.0,0.0,13.0,42.2,0.0,0.02,1.0,0.2,0.1,0.2,4.0,0.0,0.2,0.03,0.16,11.0,0.2,54.0,0.3,0.0,0.0,0.0,0.0,1.0,0.0,40.0,40.0,42.2,0.0,3.0,6.0,0.0,0.01,0.01,0.1,0.03,2.0,9.0,0.0,0.1,56.0,0.0
5.383,Gram flour,Cicer arietinum L.,5.1,https://www.matvaretabellen.no/en/gram-flour/,375.0,kcal,1581.1,kJ,100.0,0.0,32.0,0.0,0.01,0.46,0.01,0.08,1.25,2.4,0.09,0.0,0.0,0.0,0.0,0.0,0.0,0.0,58.0,53.8,0.0,0.27,10.0,5.4,,2.6,62.0,1.0,5.7,0.09,2.4,220.0,2.8,297.0,22.7,0.0,0.0,0.6,4.0,2.0,51.5,0.0,0.0,2.3,0.0,3.0,5.0,0.0,0.45,0.17,1.9,0.45,193.0,0.0,0.0,2.5,8.0,1.5
5.526,"Gram flour, organic, Det Glutenfrie Verksted",Cicer arietinum L.,5.1,https://www.matvaretabellen.no/en/gram-flour-organic-det-glutenfrie-verksted/,327.0,kcal,1376.57,kJ,100.0,0.0,180.0,0.0,0.02,0.92,0.05,0.14,0.29,1.89,0.09,0.0,0.0,0.0,0.0,0.0,0.0,0.0,124.0,42.2,0.0,0.45,16.0,5.9,9.0,6.1,126.0,0.3,4.8,1.42,1.89,332.0,3.3,800.0,18.6,0.0,0.1,1.1,4.0,23.0,39.8,0.0,0.0,2.4,0.0,15.0,30.0,0.0,517.0,0.13,1.7,0.56,340.0,5.0,0.0,5.9,18.0,2.4
5.483,"Granola, home-made",,5.3,https://www.matvaretabellen.no/en/granola-home-made/,466.0,kcal,1943.3321797329563,kJ,100.0,0.0,9.0,0.02,0.06,1.89,0.06,0.76,9.9,7.63,1.59,0.0,0.0,0.0,0.0,0.0,0.0,0.0,87.0,40.7,1.0,0.67,9.0,26.0,0.7,3.3,154.0,10.0,3.5,1.58,7.67,356.0,9.3,487.0,12.7,4.0,0.5,2.9,6.0,199.0,16.9,2.9,17.4,23.8,0.0,5.0,5.0,0.0,0.39,0.2,1.4,0.17,51.0,1.0,0.1,5.7,12.0,2.4
6.728,Grape juice,Vitis vinifera L. ssp. vinifera,9.2,https://www.matvaretabellen.no/en/grape-juice/,66.0,kcal,281.0,kJ,100.0,0.0,0.0,0.0,0.0,0.03,0.0,0.0,0.0,0.03,0.01,0.0,0.0,0.0,0.0,0.0,0.0,0.0,19.0,16.0,0.0,0.0,0.0,0.1,0.1,0.9,7.0,0.0,0.2,0.01,0.03,14.0,0.0,55.0,0.3,0.0,0.0,0.0,1.0,7.0,0.0,0.0,16.0,16.0,0.0,0.0,0.0,0.0,0.0,0.01,0.1,0.04,1.0,0.0,0.0,0.0,84.0,0.1
6.776,Grapefruit juice,Citrus x paradisi Macfad.,9.2,https://www.matvaretabellen.no/en/grapefruit-juice/,40.0,kcal,168.0,kJ,100.0,0.0,4.0,0.0,0.0,0.01,0.0,0.0,0.01,0.02,0.01,0.0,0.0,0.0,0.0,0.0,0.0,0.0,9.0,9.1,0.0,0.03,0.1,0.1,0.4,0.2,12.0,0.0,0.3,0.01,0.02,15.0,0.0,162.0,0.5,0.0,0.0,0.0,0.0,1.0,0.0,0.0,9.1,9.1,0.0,0.0,0.0,0.0,0.04,0.02,0.2,0.04,10.0,38.0,0.0,0.2,90.0,0.1
6.538,"Grapefruit, raw",Citrus ˣparadisi Macfad.,13.2,https://www.matvaretabellen.no/en/grapefruit-raw/,36.0,kcal,150.0,kJ,50.0,0.0,663.0,0.0,0.0,0.01,0.0,0.0,0.01,0.02,0.01,0.0,0.0,0.0,0.0,0.0,0.0,0.0,26.0,7.3,0.0,0.03,2.0,0.1,3.0,0.1,9.0,0.0,0.2,0.01,0.02,18.0,0.0,138.0,0.5,0.0,0.0,0.0,0.0,1.0,0.0,0.0,0.0,7.3,0.0,55.0,110.0,0.0,0.03,0.02,0.1,0.35,22.0,45.0,0.0,0.2,90.0,0.1
6.756,"Grapes, green, raw",Vitis vinifera L. ssp. vinifera,13.2,https://www.matvaretabellen.no/en/grapes-green-raw/,68.0,kcal,287.0,kJ,96.0,0.0,0.0,0.0,0.0,0.07,0.0,0.01,0.01,0.05,0.02,0.0,0.0,0.0,0.0,0.0,0.0,0.0,8.0,15.2,0.0,0.07,1.0,0.2,1.0,0.2,6.0,0.0,0.3,0.02,0.05,19.0,0.1,217.0,0.7,0.0,0.0,0.1,0.0,1.0,0.0,0.0,0.0,15.2,0.0,0.0,0.0,0.0,0.04,0.01,0.2,0.04,6.0,2.0,0.0,0.2,83.0,0.0
6.528,"Grapes, raw",Vitis vinifera L. ssp. vinifera,13.2,https://www.matvaretabellen.no/en/grapes-raw/,71.0,kcal,300.0,kJ,96.0,0.0,6.0,0.0,0.0,0.05,0.0,0.01,0.01,0.04,0.01,0.0,0.0,0.0,0.0,0.0,0.0,0.0,10.0,16.1,0.0,0.09,1.0,0.2,1.0,0.2,7.0,0.0,0.3,0.01,0.04,19.0,0.1,215.0,0.7,0.0,0.0,0.1,0.0,1.0,0.0,0.0,0.0,16.1,0.0,1.0,1.0,0.0,0.07,0.03,0.2,0.04,6.0,3.0,0.0,0.2,82.0,0.0
6.755,"Grapes, red, raw",Vitis vinifera L. ssp. vinifera,13.2,https://www.matvaretabellen.no/en/grapes-red-raw/,74.0,kcal,313.0,kJ,96.0,0.0,12.0,0.0,0.0,0.07,0.0,0.01,0.01,0.05,0.02,0.0,0.0,0.0,0.0,0.0,0.0,0.0,11.0,17.0,0.0,0.1,1.0,0.1,1.0,0.2,7.0,0.0,0.3,0.02,0.05,18.0,0.0,213.0,0.6,0.0,0.0,0.0,0.0,1.0,0.0,0.0,0.0,17.0,0.0,1.0,2.0,0.0,0.09,0.01,0.2,0.04,6.0,3.0,0.0,0.2,81.0,0.0
3.008,"Grouse, meat, raw","Lagopus Brisson, 1760",3.10,https://www.matvaretabellen.no/en/grouse-meat-raw/,112.0,kcal,474.0,kJ,100.0,0.0,0.0,0.0,0.02,0.42,,0.07,,0.33,0.0,0.0,0.0,0.0,0.0,0.0,0.0,0.0,40.0,0.0,70.0,0.39,0.0,2.0,8.0,7.5,36.0,0.8,11.4,0.0,0.33,290.0,0.3,390.0,23.5,0.0,0.2,0.5,13.0,89.0,0.0,0.0,0.0,0.0,0.0,0.0,0.0,0.8,0.0,0.53,7.1,0.63,25.0,0.0,0.0,0.7,75.0,1.5
3.249,"Grouse, meat, roasted","Lagopus Brisson, 1760",3.10,https://www.matvaretabellen.no/en/grouse-meat-roasted/,133.0,kcal,562.0,kJ,100.0,0.0,0.0,0.0,0.02,0.43,0.0,0.07,0.0,0.3,0.0,0.0,0.0,0.0,0.0,0.0,0.0,0.0,46.0,0.0,90.0,0.48,0.0,2.1,10.0,9.1,39.0,0.9,14.6,0.0,0.33,316.0,0.3,400.0,28.6,0.0,0.2,0.5,17.0,96.0,0.0,0.0,0.0,0.0,0.0,0.0,0.0,0.7,0.0,0.54,6.4,0.48,26.0,0.0,0.0,0.7,69.0,1.9
6.672,Guacamole,,6.6,https://www.matvaretabellen.no/en/guacamole/,155.0,kcal,639.0,kJ,100.0,0.0,112.0,0.0,0.0,2.23,0.75,0.05,9.72,1.8,0.12,0.01,0.01,0.0,0.0,0.0,0.0,0.0,20.0,1.0,0.0,0.21,3.0,15.5,0.5,0.5,24.0,10.0,2.0,0.13,1.82,51.0,2.1,511.0,1.6,0.0,0.9,2.7,0.0,380.0,0.2,0.0,0.0,0.8,0.0,9.0,18.0,0.0,0.08,0.08,1.7,0.26,28.0,5.0,0.0,1.8,79.0,0.5
6.597,"Guava, raw",Psidium guajava L.,13.2,https://www.matvaretabellen.no/en/guava-raw/,50.0,kcal,207.0,kJ,88.0,0.0,374.0,0.0,0.02,0.23,0.01,0.03,0.08,0.29,0.11,0.0,0.0,0.0,0.0,0.0,0.0,0.0,18.0,5.0,0.0,0.23,5.0,1.0,0.5,0.3,22.0,0.1,1.5,0.11,0.29,33.0,0.4,417.0,2.6,0.0,0.0,0.3,1.0,2.0,0.1,0.0,0.0,4.9,0.0,31.0,62.0,0.0,0.07,0.04,1.1,0.11,49.0,228.0,0.0,0.7,86.0,0.2
10.16,"Gulach, home-made",,3.7,https://www.matvaretabellen.no/en/gulach-home-made/,75.0,kcal,315.0,kJ,100.0,0.0,329.0,0.03,0.1,0.69,0.12,0.41,1.4,0.28,0.08,0.0,0.0,0.0,0.0,0.0,0.0,0.0,12.0,4.0,19.0,0.06,1.0,3.6,4.0,1.0,14.0,1.5,2.9,0.09,0.29,59.0,0.4,215.0,6.1,5.0,0.7,1.3,1.0,279.0,2.0,0.1,0.1,2.0,0.1,33.0,59.0,0.3,0.05,0.05,1.2,0.1,14.0,14.0,0.1,0.7,85.0,1.6
4.11,"Haddock, raw","Melanogrammus aeglefinus (Linnaeus, 1758)",4.1.2,https://www.matvaretabellen.no/en/haddock-raw/,78.0,kcal,329.0,kJ,50.0,0.0,0.0,0.0,0.0,0.0,0.0,0.0,0.0,0.0,0.0,0.0,0.0,0.0,0.0,0.0,0.0,0.0,7.0,0.0,61.0,0.0,0.0,0.0,112.0,0.1,26.0,0.0,8.6,0.0,0.0,199.0,0.0,523.0,19.4,0.0,0.1,0.0,30.0,46.0,0.0,0.0,0.0,0.0,0.0,0.0,0.0,1.7,0.05,0.05,5.0,0.34,12.0,0.0,1.5,0.4,81.0,0.3
4.218,"Haddock, simmered","Melanogrammus aeglefinus (Linnaeus, 1758)",4.1.2,https://www.matvaretabellen.no/en/haddock-simmered/,97.0,kcal,412.0,kJ,,0.0,0.0,0.0,0.0,0.0,0.0,0.0,0.0,0.0,0.0,0.0,0.0,0.0,0.0,0.0,0.0,0.0,11.0,0.0,101.0,0.0,0.0,0.0,168.0,0.1,36.0,0.0,14.3,0.0,0.0,282.0,0.0,654.0,24.2,0.0,0.2,0.0,45.0,65.0,0.0,0.0,0.0,0.0,0.0,0.0,0.0,2.3,0.06,0.06,5.8,0.4,13.0,0.0,2.2,0.7,76.0,0.5
4.011,"Haddock, slices, smoked, raw","Melanogrammus aeglefinus (Linnaeus, 1758)",4.1.2,https://www.matvaretabellen.no/en/haddock-slices-smoked-raw/,84.0,kcal,357.0,kJ,65.0,0.0,0.0,0.0,0.0,0.07,0.01,0.02,0.05,0.0,0.0,0.0,0.0,0.0,0.01,0.06,0.0,0.14,22.0,0.0,59.0,0.03,0.0,0.6,196.0,0.2,23.0,0.1,9.3,0.21,0.01,148.0,0.2,240.0,19.7,0.0,1.1,0.1,33.0,420.0,0.0,0.0,0.0,0.0,0.0,0.0,0.0,2.1,0.1,0.13,5.7,0.2,7.0,0.0,0.0,0.7,80.0,0.4
4.221,"Haddock, smoked, slices, simmered","Melanogrammus aeglefinus (Linnaeus, 1758)",4.1.2,https://www.matvaretabellen.no/en/haddock-smoked-slices-simmered/,107.0,kcal,452.0,kJ,,0.0,0.0,0.0,0.01,0.1,0.01,0.02,0.07,0.01,0.0,0.0,0.0,0.0,0.01,0.09,0.01,0.21,37.0,0.0,98.0,0.04,0.0,0.9,294.0,0.2,33.0,0.2,15.5,0.32,0.02,210.0,0.3,300.0,24.6,0.0,1.5,0.2,50.0,595.0,0.0,0.0,0.0,0.0,0.0,0.0,0.0,2.8,0.13,0.15,6.7,0.23,8.0,0.0,0.0,1.2,75.0,0.7
4.223,"Halibut Atlantic, fillet, rolled in flour, fried in fat","Hippoglossus hippoglossus (Linnaeus, 1758)",4.1.1,https://www.matvaretabellen.no/en/halibut-atlantic-fillet-rolled-in-flour-fried-in-fat/,171.0,kcal,714.0,kJ,100.0,0.0,14.0,0.16,0.29,1.0,0.47,0.42,3.18,0.81,0.2,0.0,0.0,0.03,0.06,0.28,0.06,0.41,6.0,3.1,55.0,0.04,0.2,9.7,22.0,0.2,22.0,4.6,8.4,1.04,0.87,200.0,1.9,397.0,17.7,42.0,0.2,2.2,64.0,73.0,3.1,0.0,0.0,0.0,0.0,44.0,44.0,0.7,0.07,0.05,4.5,0.46,7.0,0.0,8.6,2.5,69.0,0.5
4.324,"Halibut, Atlantic, farmed, raw","Hippoglossus hippoglossus (Linnaeus, 1758)",4.1.1,https://www.matvaretabellen.no/en/halibut-atlantic-farmed-raw/,102.0,kcal,429.0,kJ,,0.0,0.0,0.0,0.1,0.3,0.14,0.07,0.29,0.1,0.02,0.0,0.0,0.02,0.03,0.24,0.04,0.29,6.0,0.0,81.0,0.03,0.0,2.4,6.0,0.1,27.0,0.6,11.9,0.68,0.14,229.0,0.9,484.0,20.0,3.0,0.1,0.5,30.0,45.0,0.0,0.0,0.0,0.0,0.0,3.0,3.0,1.8,0.07,0.14,8.2,0.39,16.0,0.0,2.7,0.9,78.0,0.4
4.014,"Halibut, Atlantic, raw","Hippoglossus hippoglossus (Linnaeus, 1758)",4.1.1,https://www.matvaretabellen.no/en/halibut-atlantic-raw/,123.0,kcal,515.0,kJ,80.0,0.0,0.0,0.0,0.17,0.62,0.52,0.15,1.41,0.05,0.02,0.0,0.0,0.03,0.07,0.33,0.07,0.48,4.0,0.0,50.0,0.03,0.0,6.1,21.0,0.2,21.0,3.1,7.8,1.02,0.13,204.0,1.2,431.0,17.0,17.0,0.2,1.0,60.0,63.0,0.0,0.0,0.0,0.0,0.0,17.0,17.0,0.7,0.06,0.05,4.7,0.48,7.0,0.0,9.7,1.8,77.0,0.4
4.222,"Halibut, Atlantic, slices, simmered","Hippoglossus hippoglossus (Linnaeus, 1758)",4.1.1,https://www.matvaretabellen.no/en/halibut-atlantic-slices-simmered/,149.0,kcal,625.0,kJ,,0.0,0.0,0.0,0.2,0.72,0.6,0.17,1.64,0.06,0.03,0.0,0.0,0.04,0.08,0.38,0.08,0.56,7.0,0.0,83.0,0.05,0.0,7.1,31.0,0.2,30.0,3.6,13.0,1.19,0.16,289.0,1.4,539.0,21.3,20.0,0.2,1.2,90.0,89.0,0.0,0.0,0.0,0.0,0.0,20.0,20.0,1.0,0.08,0.06,5.5,0.56,8.0,0.0,11.3,2.1,72.0,0.7
4.309,"Halibut, Atlantic, slices, smoked, raw","Hippoglossus hippoglossus (Linnaeus, 1758)",4.1.1,https://www.matvaretabellen.no/en/halibut-atlantic-slices-smoked-raw/,211.0,kcal,877.0,kJ,,0.0,0.0,0.0,0.43,1.54,1.29,0.37,3.5,0.14,0.06,0.0,0.0,0.08,0.18,0.82,0.18,1.19,13.0,0.0,62.0,0.0,0.0,14.8,14.0,0.9,23.0,9.9,9.6,2.54,0.33,300.0,1.2,280.0,19.4,33.0,1.0,2.1,40.0,410.0,0.0,0.0,0.0,0.0,0.0,33.0,33.0,1.4,0.06,0.04,6.0,0.5,11.0,0.0,5.0,0.9,66.0,0.5
4.325,"Halibut, Atlantic, unspecified, raw","Hippoglossus hippoglossus (Linnaeus, 1758)",4.1.1,https://www.matvaretabellen.no/en/halibut-atlantic-unspecified-raw/,113.0,kcal,474.0,kJ,,0.0,0.0,0.0,0.14,0.46,0.33,0.11,0.85,0.08,0.02,0.0,0.0,0.02,0.05,0.29,0.06,0.39,5.0,0.0,66.0,0.03,0.0,4.3,21.0,0.2,24.0,1.9,9.9,0.85,0.14,217.0,1.1,458.0,18.5,10.0,0.1,0.8,45.0,54.0,0.0,0.0,0.0,0.0,0.0,10.0,10.0,1.3,0.07,0.1,6.5,0.44,12.0,0.0,6.2,1.3,77.0,0.4
4.001,"Halibut, Greenland, raw/smoked","Reinhardtius hippoglossoides (Walbaum, 1792)",4.1.1,https://www.matvaretabellen.no/en/halibut-greenland-raw-smoked/,155.0,kcal,645.0,kJ,100.0,0.0,0.0,0.0,0.31,1.04,1.32,0.21,2.71,0.06,0.01,0.0,0.0,0.02,0.06,0.32,0.09,0.34,6.0,0.0,74.0,0.02,0.0,11.0,7.0,0.1,20.0,6.9,3.7,0.81,0.14,158.0,1.0,352.0,14.0,10.0,0.2,1.7,60.0,86.0,0.0,0.0,0.0,0.0,0.0,10.0,10.0,0.7,0.02,0.06,1.1,0.07,5.0,0.0,9.1,3.3,75.0,0.3
3.106,"Ham, boiled",,3.5,https://www.matvaretabellen.no/en/ham-boiled/,95.0,kcal,399.0,kJ,100.0,0.0,0.0,0.0,0.04,0.62,0.08,0.31,1.16,0.38,0.03,0.0,0.01,0.0,0.05,0.0,0.01,0.01,6.0,0.7,40.0,0.06,0.0,2.8,4.0,0.6,24.0,1.2,8.6,0.05,0.45,430.0,0.5,707.0,16.7,1.0,2.4,1.0,14.0,953.0,0.0,0.7,0.7,0.7,0.0,1.0,1.0,0.4,1.4,0.15,5.6,0.25,2.0,38.0,0.0,0.2,80.0,1.4
3.421,"Ham, boiled, First Price",,3.5,https://www.matvaretabellen.no/en/ham-boiled-first-price/,104.0,kcal,435.0,kJ,100.0,0.0,0.0,0.01,0.06,0.86,0.1,0.42,1.65,0.53,0.05,0.0,0.01,0.0,0.05,0.01,0.01,0.01,4.0,0.9,41.0,0.06,0.0,4.0,0.5,0.6,22.0,1.8,8.0,0.07,0.61,470.0,0.7,820.0,16.0,2.0,2.8,1.4,12.0,1100.0,0.0,0.9,0.9,0.9,0.0,2.0,2.0,0.4,1.0,0.16,5.1,0.22,2.0,65.0,0.0,0.2,79.0,1.6
3.419,"Ham, boiled, Gilde",,3.5,https://www.matvaretabellen.no/en/ham-boiled-gilde/,100.0,kcal,421.0,kJ,100.0,0.0,0.0,0.0,0.03,0.57,0.07,0.29,1.06,0.33,0.03,0.0,0.01,0.0,0.05,0.01,0.01,0.01,8.0,0.9,42.0,0.05,0.0,2.7,0.5,0.6,25.0,1.1,9.9,0.05,0.4,440.0,0.5,920.0,18.0,1.0,1.9,0.9,17.0,760.0,0.0,0.9,0.9,0.9,0.0,1.0,1.0,0.5,1.7,0.13,6.6,0.25,2.0,25.0,0.0,0.2,78.0,1.5
3.42,"Ham, boiled, Nordjord",,3.5,https://www.matvaretabellen.no/en/ham-boiled-nordjord/,81.0,kcal,340.0,kJ,100.0,0.0,0.0,0.0,0.02,0.42,0.05,0.21,0.76,0.28,0.02,0.0,0.01,0.0,0.05,0.0,0.01,0.01,6.0,0.3,39.0,0.06,0.0,1.7,11.0,0.5,25.0,0.8,7.9,0.04,0.34,380.0,0.4,380.0,16.0,1.0,2.5,0.7,13.0,1000.0,0.0,0.3,0.3,0.3,0.0,1.0,1.0,0.3,1.5,0.17,5.0,0.27,2.0,24.0,0.0,0.2,82.0,1.2
3.188,"Ham, boiled, canned",,3.5,https://www.matvaretabellen.no/en/ham-boiled-canned/,176.0,kcal,733.0,kJ,100.0,0.0,5.0,0.01,0.15,2.39,0.3,1.14,4.69,0.99,0.12,0.02,0.01,0.0,0.03,0.0,0.01,0.0,12.0,7.1,43.0,0.06,0.3,10.6,0.6,0.5,17.0,5.1,5.7,0.14,1.09,123.0,1.2,232.0,12.8,9.0,1.7,3.8,6.0,674.0,6.9,0.0,0.0,0.1,0.0,10.0,9.0,0.3,0.44,0.04,3.4,0.2,3.0,0.0,0.2,0.5,69.0,1.5
3.109,"Ham, cured",,3.5,https://www.matvaretabellen.no/en/ham-cured/,286.0,kcal,1192.2,kJ,100.0,0.0,0.0,0.03,0.29,4.45,0.6,2.21,8.61,1.95,0.16,0.02,0.03,0.0,0.17,0.01,0.04,0.03,15.0,0.0,90.0,0.07,0.0,20.0,2.0,1.3,17.0,9.4,12.2,0.28,2.23,210.0,2.8,260.0,26.6,4.0,8.7,6.6,13.0,3460.0,0.0,0.0,0.0,0.0,0.2,4.0,4.0,0.4,0.67,0.2,7.3,0.16,2.0,0.0,0.0,0.3,53.0,1.6
3.111,"Ham, smoke-cured",,3.5,https://www.matvaretabellen.no/en/ham-smoke-cured/,203.0,kcal,850.0,kJ,100.0,0.0,0.0,0.01,0.12,1.89,0.24,0.92,3.97,1.17,0.1,0.0,0.02,0.0,0.12,0.01,0.02,0.01,14.0,0.0,84.0,0.09,0.0,9.2,1.0,0.9,39.0,4.3,15.5,0.14,1.36,300.0,1.5,435.0,30.0,3.0,7.6,3.0,20.0,3050.0,0.0,0.0,0.0,0.0,0.0,3.0,3.0,0.7,1.16,0.34,10.0,0.46,4.0,0.0,0.0,0.5,61.0,2.4
3.431,"Ham, smoke-cured, Gilde",,3.5,https://www.matvaretabellen.no/en/ham-smoke-cured-gilde/,203.0,kcal,853.0,kJ,100.0,0.0,0.0,0.0,0.11,1.89,0.24,0.96,3.68,1.0,0.07,0.0,0.02,0.0,0.11,0.0,0.02,0.01,12.0,0.0,83.0,0.09,0.0,8.8,1.0,0.8,40.0,4.0,15.7,0.1,1.18,290.0,1.3,460.0,31.0,2.0,6.5,3.0,21.0,2600.0,0.0,0.0,0.0,0.0,0.0,2.0,2.0,0.6,0.71,0.3,10.0,0.44,4.0,0.0,0.0,0.3,60.0,2.3
3.43,"Ham, smoke-cured, Strandaskinke, Grilstad",,3.5,https://www.matvaretabellen.no/en/ham-smoke-cured-strandaskinke-grilstad/,202.0,kcal,848.0,kJ,100.0,0.0,0.0,0.01,0.13,1.88,0.24,0.89,4.25,1.34,0.13,0.0,0.01,0.0,0.12,0.01,0.03,0.01,15.0,0.0,85.0,0.1,0.0,9.6,1.0,1.0,38.0,4.6,15.3,0.18,1.53,310.0,1.7,410.0,29.0,4.0,8.8,3.0,18.0,3500.0,0.0,0.0,0.0,0.0,0.0,4.0,4.0,0.9,1.6,0.37,10.0,0.48,4.0,0.0,0.0,0.8,61.0,2.4
3.323,"Ham, turkey, smoked","Meleagris Linnaeus, 1758",3.5,https://www.matvaretabellen.no/en/ham-turkey-smoked/,88.0,kcal,374.0,kJ,100.0,0.0,0.0,0.01,0.01,0.1,0.02,0.04,0.14,0.07,0.0,0.0,0.0,0.0,0.01,0.0,0.0,0.01,2.0,0.0,43.0,0.05,0.0,0.5,0.5,0.3,24.0,0.1,12.1,0.01,0.08,372.0,0.1,297.0,20.9,2.0,1.8,0.2,0.0,720.0,0.0,0.0,0.0,0.0,0.0,2.0,2.0,1.4,0.09,0.1,8.3,0.39,6.0,0.0,0.0,0.3,79.0,0.8
3.322,"Ham, turkey, with spices","Meleagris Linnaeus, 1758",3.5,https://www.matvaretabellen.no/en/ham-turkey-with-spices/,100.0,kcal,420.0,kJ,100.0,0.0,0.0,0.01,0.03,0.76,0.16,0.26,0.94,0.76,0.05,0.0,0.01,0.0,0.07,0.01,0.01,0.03,5.0,0.0,69.0,0.09,0.0,3.5,0.5,1.0,22.0,1.1,7.7,0.12,0.84,455.0,0.9,334.0,17.1,8.0,1.8,1.0,0.0,720.0,0.0,0.0,0.0,0.0,0.0,8.0,8.0,1.9,0.09,0.1,4.6,0.19,10.0,0.0,0.0,0.5,79.0,2.6
3.113,"Hare, raw","Lepus Linnaeus, 1758",3.10,https://www.matvaretabellen.no/en/hare-raw/,129.0,kcal,544.0,kJ,100.0,0.0,0.0,0.0,0.05,0.47,0.07,0.1,0.49,0.33,0.08,0.0,0.0,0.0,0.0,0.0,0.0,0.0,13.0,0.0,52.0,0.24,0.0,5.0,2.0,1.8,23.0,0.6,8.3,0.08,0.33,210.0,0.3,310.0,21.1,8.0,0.1,0.7,4.0,50.0,0.0,0.0,0.0,0.0,0.0,8.0,8.0,1.0,0.09,0.19,4.4,0.36,10.0,0.0,0.0,0.8,74.0,1.7
3.317,"Hash, with potato, meat, onion, frozen, industrially made",,3.7,https://www.matvaretabellen.no/en/hash-with-potato-meat-onion-frozen-industrially-made/,140.0,kcal,589.0,kJ,100.0,0.0,0.0,0.0,0.07,1.54,0.07,0.43,2.21,0.3,0.02,0.0,0.0,0.0,0.0,0.0,0.0,0.0,14.0,15.9,7.0,0.09,2.0,5.2,1.0,0.5,19.0,2.2,2.5,0.02,0.31,107.0,0.3,361.0,6.3,0.0,1.0,2.1,0.0,415.0,15.3,0.0,0.0,0.6,0.2,0.0,0.0,0.3,0.1,0.08,1.4,0.11,16.0,8.0,0.0,0.4,70.0,0.6
6.553,Hazelnuts,Corylus avellana L.,14.2,https://www.matvaretabellen.no/en/hazelnuts/,670.0,kcal,2760.7,kJ,41.0,0.0,16.0,0.0,0.0,2.52,0.09,1.18,39.54,4.68,0.0,0.0,0.0,0.0,0.0,0.0,0.0,0.0,140.0,3.3,0.0,1.4,9.0,65.0,0.0,2.7,140.0,39.8,2.8,0.05,4.98,280.0,5.0,600.0,13.2,0.0,0.0,3.7,1.0,0.0,0.3,0.0,0.0,3.0,0.0,1.0,2.0,0.0,0.17,0.38,0.6,0.21,81.0,6.0,0.0,26.0,9.0,2.0
3.167,Head cheese,,3.5,https://www.matvaretabellen.no/en/head-cheese/,303.0,kcal,1259.23924930035,kJ,100.0,0.0,2.0,0.03,0.36,5.31,0.63,2.81,10.29,2.39,0.25,0.04,0.0,0.0,0.06,0.0,0.03,0.01,10.0,0.2,84.0,0.1,0.1,24.4,0.7,1.6,18.0,11.1,8.6,0.35,2.58,162.0,3.0,207.0,20.7,13.0,2.1,8.8,13.0,840.0,0.2,0.0,0.0,0.1,0.0,14.0,13.0,0.6,0.21,0.1,2.6,0.14,2.0,0.0,0.3,0.7,55.0,2.7
3.118,"Heart, raw",,3.9,https://www.matvaretabellen.no/en/heart-raw/,107.0,kcal,450.0,kJ,82.0,0.0,0.0,0.01,0.07,0.54,0.09,0.41,0.79,0.63,0.07,0.14,0.03,0.0,0.25,0.0,0.0,0.0,6.0,0.0,150.0,0.31,0.0,3.9,2.0,5.4,17.0,0.9,10.8,0.07,0.88,160.0,0.1,240.0,18.0,6.0,0.2,1.9,9.0,95.0,0.0,0.0,0.0,0.0,0.1,6.0,6.0,10.0,0.34,0.75,7.5,0.26,20.0,2.0,1.0,0.3,78.0,1.3
3.236,"Hen, fillet, boiled","Gallus gallus (Linnaeus, 1758)",3.1,https://www.matvaretabellen.no/en/hen-fillet-boiled/,135.0,kcal,575.0,kJ,100.0,0.0,0.0,0.01,0.0,0.11,0.02,0.04,0.16,0.08,0.0,0.0,0.0,0.0,0.01,0.0,0.01,0.02,10.0,0.0,91.0,0.1,0.0,0.6,0.7,1.0,23.0,0.3,16.1,0.03,0.1,195.0,0.1,128.0,32.6,7.0,0.1,0.1,16.0,30.0,0.0,0.0,0.0,0.0,0.0,7.0,7.0,0.4,0.07,0.23,5.7,0.52,5.0,0.0,0.1,0.2,67.0,2.0
3.224,"Hen, fillet, raw","Gallus gallus (Linnaeus, 1758)",3.1,https://www.matvaretabellen.no/en/hen-fillet-raw/,106.0,kcal,451.0,kJ,100.0,0.0,0.0,0.02,0.01,0.13,0.03,0.05,0.2,0.1,0.01,0.0,0.0,0.0,0.02,0.01,0.01,0.02,8.0,0.0,63.0,0.14,0.0,0.7,0.5,0.9,23.0,0.3,11.1,0.04,0.12,192.0,0.1,220.0,25.0,9.0,0.1,0.2,11.0,52.0,0.0,0.0,0.0,0.0,0.0,9.0,9.0,0.5,0.09,0.17,6.5,0.6,7.0,0.0,0.1,0.3,74.0,1.4
3.003,"Hen, meat and skin, raw","Gallus gallus (Linnaeus, 1758)",3.1,https://www.matvaretabellen.no/en/hen-meat-and-skin-raw/,264.0,kcal,1094.9,kJ,,0.0,0.0,0.02,0.21,4.25,1.03,1.34,7.94,3.34,0.23,0.02,0.02,0.02,0.14,0.05,0.05,0.1,17.0,0.0,71.0,0.14,0.0,21.0,4.0,1.6,17.0,10.3,9.7,0.43,3.54,169.0,3.5,187.0,18.7,38.0,0.1,5.5,10.0,51.0,0.0,0.0,0.0,0.0,0.0,38.0,38.0,0.3,0.11,0.17,6.3,0.33,6.0,0.0,0.2,0.5,60.0,1.2
3.206,"Hen, with skin, boiled","Gallus gallus (Linnaeus, 1758)",3.1,https://www.matvaretabellen.no/en/hen-with-skin-boiled/,248.0,kcal,1034.0,kJ,100.0,0.0,0.0,0.01,0.17,3.39,0.82,1.07,6.33,2.66,0.19,0.02,0.02,0.02,0.11,0.04,0.04,0.08,21.0,0.0,103.0,0.1,0.0,16.7,6.0,1.9,17.0,8.2,14.1,0.34,2.82,171.0,2.8,108.0,24.4,30.0,0.1,4.4,14.0,30.0,0.0,0.0,0.0,0.0,0.0,30.0,30.0,0.2,0.09,0.23,5.5,0.29,4.0,0.0,0.2,0.4,59.0,1.7
3.237,"Hen, without skin, raw","Gallus gallus (Linnaeus, 1758)",3.1,https://www.matvaretabellen.no/en/hen-without-skin-raw/,141.0,kcal,590.0,kJ,,0.0,0.0,0.02,0.05,1.11,0.21,0.45,1.69,0.82,0.05,0.01,0.03,0.01,0.15,0.05,0.07,0.17,8.0,0.0,63.0,0.14,0.0,6.3,1.0,0.9,23.0,2.7,10.4,0.33,1.02,192.0,0.9,220.0,21.0,9.0,0.1,1.4,11.0,52.0,0.0,0.0,0.0,0.0,0.0,9.0,9.0,0.5,0.09,0.17,6.5,0.6,7.0,0.0,0.1,0.3,73.0,1.4
4.31,"Herring, cured, soaked in water","Clupea harengus Linnaeus, 1758",4.1.1,https://www.matvaretabellen.no/en/herring-cured-soaked-in-water/,210.0,kcal,873.0,kJ,100.0,0.0,0.0,0.0,1.07,1.85,0.02,0.15,1.03,0.28,0.2,0.02,0.0,0.09,0.05,1.06,0.1,1.44,18.0,0.0,80.0,0.14,0.0,16.0,16.0,0.9,12.0,6.7,5.5,3.63,0.38,54.0,4.1,52.0,16.5,10.0,2.4,3.6,22.0,960.0,0.0,0.0,0.0,0.0,0.0,10.0,10.0,5.2,0.03,0.17,2.5,0.12,5.0,0.0,5.0,1.0,68.0,0.7
4.033,"Herring, in spicy marinade","Clupea harengus Linnaeus, 1758",4.4,https://www.matvaretabellen.no/en/herring-in-spicy-marinade/,187.0,kcal,784.0,kJ,100.0,0.0,0.0,0.0,0.6,0.9,0.4,0.1,0.9,0.1,0.1,0.0,0.0,0.0,0.0,0.4,0.1,0.5,38.0,16.4,50.0,0.07,0.0,9.0,16.0,1.0,38.0,5.0,5.9,1.3,0.2,290.0,1.0,463.0,10.1,6.0,2.8,2.0,50.0,1100.0,0.0,0.0,0.0,16.4,0.0,6.0,6.0,5.3,0.04,0.3,4.0,0.5,9.0,0.0,12.7,0.6,65.0,0.5
4.29,"Herring, pickled, drained","Clupea harengus Linnaeus, 1758",4.4,https://www.matvaretabellen.no/en/herring-pickled-drained/,137.0,kcal,575.0,kJ,100.0,0.0,1.0,0.0,0.5,0.8,0.3,0.1,0.6,0.1,0.1,0.0,0.0,0.0,0.0,0.4,0.0,0.6,27.0,11.0,41.0,0.02,0.0,7.0,10.0,0.7,25.0,3.0,3.8,1.4,0.2,182.0,2.0,327.0,7.6,4.0,3.0,1.0,30.0,1200.0,0.0,10.0,10.0,11.0,0.0,4.0,4.0,5.3,0.03,0.18,2.4,0.31,7.0,1.0,7.1,0.4,74.0,0.4
4.287,"Herring, pickled, marinated, with mayonnaise and sour cream","Clupea harengus Linnaeus, 1758",4.4,https://www.matvaretabellen.no/en/herring-pickled-marinated-with-mayonnaise-and-sour-cream/,303.0,kcal,1259.1,kJ,100.0,0.0,16.0,0.11,0.78,2.07,0.35,0.56,8.26,2.58,1.01,0.0,0.0,0.0,0.04,0.44,0.03,0.41,27.0,20.8,23.0,0.05,0.0,21.9,13.0,0.3,7.0,11.5,1.6,1.95,2.48,46.0,4.7,57.0,5.6,44.0,2.5,3.8,9.0,1005.0,0.0,20.2,20.2,20.8,0.1,45.0,46.0,3.5,0.01,0.08,0.6,0.04,3.0,0.0,7.9,4.0,52.0,0.1
4.288,"Herring, pickled, marinated, with mustard sauce","Clupea harengus Linnaeus, 1758",4.4,https://www.matvaretabellen.no/en/herring-pickled-marinated-with-mustard-sauce/,249.0,kcal,1042.1,kJ,100.0,0.0,0.0,0.03,0.5,1.15,0.28,0.2,3.76,1.72,0.43,0.01,0.0,0.0,0.03,0.43,0.03,0.41,31.0,25.6,10.0,0.07,0.0,13.6,10.0,0.6,30.0,7.1,1.6,1.37,1.64,67.0,3.3,71.0,6.1,3.0,2.8,1.9,10.0,1111.0,0.9,24.6,24.6,24.7,0.0,3.0,3.0,3.3,0.02,0.1,0.5,0.03,1.0,0.0,7.7,2.0,55.0,0.2
4.382,"Herring, raw","Clupea harengus Linnaeus, 1758",4.1.1,https://www.matvaretabellen.no/en/herring-raw/,179.0,kcal,744.0,kJ,60.0,0.0,0.0,0.01,0.86,1.42,0.52,0.12,1.11,0.14,0.09,0.0,0.01,0.05,0.04,0.74,0.08,0.93,50.0,0.0,68.0,0.09,0.0,12.1,11.0,1.0,32.0,6.5,7.2,2.28,0.21,260.0,2.6,370.0,17.4,1.0,0.2,2.5,35.0,88.0,0.0,0.0,0.0,0.0,0.0,1.0,1.0,0.1,0.04,0.3,4.0,0.5,11.0,0.0,16.0,0.6,71.0,0.6
4.384,"Herring, rolled in flour, fried in fat","Clupea harengus Linnaeus, 1758",4.1.1,https://www.matvaretabellen.no/en/herring-rolled-in-flour-fried-in-fat/,216.0,kcal,900.0,kJ,,0.0,6.0,0.15,0.87,1.64,0.47,0.35,2.64,0.78,0.23,0.0,0.01,0.04,0.04,0.64,0.07,0.8,56.0,3.1,76.0,0.1,0.2,14.3,12.0,1.0,33.0,7.4,8.0,2.13,0.83,260.0,3.0,350.0,18.5,13.0,0.2,3.3,38.0,95.0,3.1,0.0,0.0,0.0,0.0,13.0,14.0,0.1,0.05,0.3,4.0,0.44,10.0,0.0,14.2,0.7,64.0,0.7
4.383,"Herring, simmered","Clupea harengus Linnaeus, 1758",4.1.1,https://www.matvaretabellen.no/en/herring-simmered/,153.0,kcal,637.0,kJ,,0.0,0.0,0.01,0.72,1.18,0.43,0.1,0.93,0.12,0.08,0.0,0.01,0.04,0.04,0.61,0.06,0.77,60.0,0.0,81.0,0.1,0.0,10.1,12.0,0.9,32.0,5.5,8.6,1.9,0.18,263.0,2.2,330.0,15.6,1.0,0.2,2.1,38.0,89.0,0.0,0.0,0.0,0.0,0.0,1.0,1.0,0.1,0.04,0.25,3.3,0.42,9.0,0.0,13.3,0.5,74.0,0.7
4.123,"Herring, smoked, Bøkling","Clupea harengus Linnaeus, 1758",4.1.1,https://www.matvaretabellen.no/en/herring-smoked-bokling/,200.0,kcal,834.0,kJ,65.0,0.0,0.0,0.0,0.73,1.22,0.38,0.1,0.88,0.12,0.11,0.0,0.0,0.05,0.03,0.63,0.06,0.89,38.0,0.0,93.0,,0.0,12.8,16.0,1.2,29.0,3.9,8.2,2.17,0.17,181.0,3.9,375.0,21.2,55.0,2.1,3.8,19.0,845.0,0.0,0.0,0.0,0.0,0.0,55.0,55.0,13.0,0.0,0.27,4.3,0.27,19.0,0.0,9.6,0.3,66.0,1.0
10.197,"Hoisin sauce, home-made",,10.11,https://www.matvaretabellen.no/en/hoisin-sauce-home-made/,265.0,kcal,1101.6710947930574,kJ,100.0,0.0,5.0,0.0,0.01,1.66,0.03,0.87,7.53,7.22,0.06,0.0,0.0,0.0,0.0,0.0,0.0,0.0,21.0,21.6,0.0,0.06,0.5,18.6,0.2,1.4,27.0,7.0,2.4,0.06,7.22,40.0,7.8,153.0,2.6,0.0,6.8,3.0,1.0,2716.0,1.4,3.9,13.4,20.2,0.0,0.0,0.0,0.0,0.03,0.08,2.0,0.1,8.0,1.0,0.0,0.5,57.0,0.3
10.162,"Hollandaise sauce, home-made",,10.11,https://www.matvaretabellen.no/en/hollandaise-sauce-home-made/,525.0,kcal,2160.497120354418,kJ,100.0,0.0,317.0,1.56,5.2,15.63,1.3,5.75,12.21,1.43,0.24,0.0,0.01,0.0,0.08,0.0,0.0,0.04,35.0,0.8,261.0,0.03,0.3,56.4,26.0,0.9,4.0,14.3,0.8,0.28,1.02,95.0,2.0,61.0,3.3,465.0,1.5,34.2,10.0,599.0,0.1,0.0,0.1,0.7,1.5,491.0,517.0,0.7,0.03,0.08,0.02,0.06,20.0,3.0,7.5,3.1,39.0,0.6
9.003,Honey,,7.1,https://www.matvaretabellen.no/en/honey/,317.0,kcal,1346.4,kJ,100.0,0.0,0.0,0.0,0.0,0.0,0.0,0.0,0.0,0.0,0.0,0.0,0.0,0.0,0.0,0.0,0.0,0.0,6.0,78.9,0.0,0.04,0.0,0.0,0.5,0.4,2.0,0.0,0.2,0.0,0.0,4.0,0.0,52.0,0.3,0.0,0.0,0.0,0.0,4.0,0.0,0.0,78.9,78.9,0.0,0.0,0.0,0.0,0.0,0.04,0.1,0.02,2.0,1.0,0.0,0.0,21.0,0.2
6.117,"Horse-radish, raw","Armoracia rusticana Gaertn., Mey. & Sherb.",6.2,https://www.matvaretabellen.no/en/horse-radish-raw/,96.0,kcal,404.0,kJ,27.0,0.0,0.0,0.0,0.0,0.06,0.0,0.02,0.13,0.29,0.05,0.0,0.0,0.0,0.0,0.0,0.0,0.0,120.0,11.0,0.0,0.23,8.0,0.7,0.9,2.0,36.0,0.1,1.8,0.05,0.29,70.0,0.4,580.0,7.7,0.0,0.0,0.1,0.0,8.0,3.7,0.0,0.0,7.3,0.0,0.0,0.0,0.0,0.05,0.03,0.5,0.15,,120.0,0.0,0.0,73.0,1.4
1.31,"Hot chocolate, semi-skimmed milk",,1.1,https://www.matvaretabellen.no/en/hot-chocolate-semi-skimmed-milk/,139.0,kcal,584.0,kJ,100.0,0.0,10.0,0.06,0.2,1.86,0.04,1.96,1.96,0.22,0.02,0.01,0.01,0.01,0.01,0.01,0.01,0.01,152.0,14.2,6.0,0.08,0.5,7.1,20.0,0.2,18.0,2.0,1.1,0.04,0.22,154.0,0.3,227.0,4.5,6.0,0.1,4.4,1.0,47.0,0.1,9.0,9.0,14.1,0.0,7.0,7.0,0.5,0.05,0.23,0.1,0.03,4.0,0.0,0.2,0.1,74.0,0.5
1.309,"Hot chocolate, whole milk",,1.1,https://www.matvaretabellen.no/en/hot-chocolate-whole-milk/,159.0,kcal,665.0,kJ,100.0,0.0,13.0,0.13,0.43,2.52,0.09,2.21,2.43,0.25,0.03,0.01,0.01,0.01,0.01,0.01,0.01,0.01,152.0,14.2,12.0,0.09,0.5,9.3,20.0,0.2,22.0,2.6,1.0,0.05,0.23,155.0,0.3,227.0,4.4,10.0,0.1,5.8,1.0,46.0,0.1,9.0,9.0,14.1,0.1,11.0,12.0,0.5,0.04,0.23,0.1,0.02,3.0,0.0,0.0,0.1,72.0,0.6
5.063,Hot dog bun,,5.6.1,https://www.matvaretabellen.no/en/hot-dog-bun/,302.0,kcal,1272.8162236915814,kJ,100.0,0.0,0.0,0.0,0.0,0.46,0.03,0.12,4.09,1.86,0.56,0.0,0.0,0.0,0.0,0.0,0.0,0.0,13.0,48.7,0.0,0.1,3.0,7.8,0.1,0.8,24.0,4.2,2.6,0.56,1.87,89.0,2.4,141.0,7.8,0.0,0.4,0.7,1.0,158.0,42.3,6.2,6.2,6.4,0.0,0.0,0.0,0.0,0.2,0.07,1.3,0.08,37.0,1.0,0.0,1.8,33.0,0.9
6.679,Hummus,,10.6,https://www.matvaretabellen.no/en/hummus/,170.0,kcal,703.0,kJ,100.0,0.0,165.0,0.0,0.01,1.19,0.08,0.35,7.03,2.2,0.09,0.0,0.0,0.0,0.0,0.0,0.0,0.0,59.0,6.7,0.0,0.28,7.0,11.9,0.1,1.5,40.0,7.3,1.3,0.09,2.2,99.0,2.4,168.0,5.6,0.0,0.3,1.7,5.0,120.0,6.5,0.0,0.1,0.2,0.0,14.0,27.0,0.0,0.04,0.09,0.4,0.12,27.0,7.0,0.0,2.3,69.0,1.2
13.12,"Ice coffee, cappuchino",,9.1,https://www.matvaretabellen.no/en/ice-coffee-cappuchino/,59.0,kcal,248.0,kJ,100.0,0.0,0.0,0.03,0.1,0.27,0.02,0.1,0.19,0.01,0.0,0.0,0.0,0.0,0.0,0.0,0.0,0.0,99.0,9.5,2.0,0.01,0.0,1.0,11.0,0.1,10.0,0.2,0.6,0.0,0.0,89.0,0.0,165.0,3.0,11.0,0.2,0.6,2.0,80.0,0.0,5.0,5.0,9.5,0.0,11.0,11.0,0.0,0.04,0.1,0.1,0.03,4.0,0.0,0.0,0.0,87.0,0.3
1.243,"Ice cream, dairy, Royal Mørk",,7.3,https://www.matvaretabellen.no/en/ice-cream-dairy-royal-mork/,411.0,kcal,1710.375361445783,kJ,100.0,0.0,46.0,3.97,2.48,5.18,0.26,4.05,7.76,1.73,0.47,0.0,0.0,0.0,0.0,0.0,0.0,0.0,136.0,30.4,26.0,0.08,0.5,30.5,15.0,0.4,21.0,8.2,0.9,0.46,1.58,126.0,2.2,225.0,3.6,86.0,0.5,17.9,2.0,192.0,0.4,24.9,,29.9,0.3,90.0,93.0,0.4,0.05,0.19,0.1,0.04,4.0,0.0,0.2,1.4,35.0,0.6
1.319,"Ice cream, dairy, chocolate, without added sugar, Choco Delight, Diplom is",,7.3,https://www.matvaretabellen.no/en/ice-cream-dairy-chocolate-without-added-sugar-choco-delight-diplom-is/,119.0,kcal,490.0,kJ,100.0,0.0,27.0,0.13,0.41,1.5,0.07,1.05,1.1,0.09,0.02,0.0,0.0,0.0,0.0,0.0,0.0,0.0,130.0,6.2,10.0,0.16,13.0,5.6,24.0,1.7,33.0,1.2,1.2,0.03,0.31,130.0,0.1,370.0,4.4,29.0,0.1,3.4,2.0,49.0,0.0,0.0,0.0,6.2,0.1,31.0,33.0,0.2,0.04,0.2,0.2,0.05,11.0,0.0,0.0,0.2,71.0,0.6
1.316,"Ice cream, dairy, crushed nougat, Diplom is",,7.3,https://www.matvaretabellen.no/en/ice-cream-dairy-crushed-nougat-diplom-is/,173.0,kcal,724.0,kJ,100.0,0.0,55.0,0.23,0.75,2.18,0.12,1.02,1.53,0.13,0.03,0.0,0.0,0.0,0.0,0.0,0.0,0.0,100.0,23.4,16.0,0.02,0.0,7.4,21.0,0.1,14.0,1.8,0.9,0.03,0.29,94.0,0.2,200.0,3.1,50.0,0.1,4.7,1.0,47.0,0.0,21.1,21.1,23.4,0.1,55.0,59.0,0.3,0.03,0.23,0.2,0.09,7.0,0.0,0.0,0.3,66.0,0.3
1.333,"Ice cream, dairy, liquorice",,7.3,https://www.matvaretabellen.no/en/ice-cream-dairy-liquorice/,186.0,kcal,781.0,kJ,100.0,0.0,56.0,0.24,0.79,2.44,0.13,1.0,1.53,0.11,0.03,0.0,0.0,0.0,0.0,0.0,0.0,0.0,125.0,23.2,21.0,0.01,0.0,8.6,24.0,0.1,14.0,1.8,1.1,0.04,0.25,110.0,0.2,185.0,4.1,64.0,0.2,5.0,2.0,93.0,0.0,17.5,17.5,23.2,0.1,68.0,73.0,0.3,0.03,0.27,0.1,0.1,6.0,0.0,0.0,0.3,64.0,0.4
1.324,"Ice cream, dairy, liquorice, Inspira, Hennig Olsen",,7.3,https://www.matvaretabellen.no/en/ice-cream-dairy-liquorice-inspira-hennig-olsen/,206.0,kcal,865.0,kJ,100.0,0.0,67.0,0.3,0.98,2.9,0.16,1.28,1.95,0.13,0.04,0.0,0.0,0.0,0.0,0.0,0.0,0.0,130.0,25.2,23.0,0.01,0.0,10.0,22.0,0.1,13.0,2.2,1.0,0.04,0.23,110.0,0.2,190.0,3.9,80.0,0.3,6.1,2.0,110.0,0.0,18.6,18.6,25.2,0.2,86.0,91.0,0.3,0.03,0.3,0.1,0.08,7.0,0.0,0.0,0.3,61.0,0.4
1.33,"Ice cream, dairy, liquorice, Kulinaris",,7.3,https://www.matvaretabellen.no/en/ice-cream-dairy-liquorice-kulinaris/,166.0,kcal,698.0,kJ,100.0,0.0,46.0,0.19,0.61,1.98,0.1,0.71,1.11,0.1,0.03,0.0,0.0,0.0,0.0,0.0,0.0,0.0,120.0,21.2,19.0,0.01,0.0,7.2,25.0,0.1,14.0,1.3,1.2,0.04,0.27,110.0,0.1,180.0,4.2,47.0,0.2,3.9,2.0,75.0,0.0,16.4,16.4,21.2,0.1,51.0,54.0,0.2,0.02,0.24,0.2,0.11,6.0,0.0,0.0,0.3,67.0,0.4
1.318,"Ice cream, dairy, salty caramel, without added sugar, Dream Delight, Diplom is",,7.3,https://www.matvaretabellen.no/en/ice-cream-dairy-salty-caramel-without-added-sugar-dream-delight-diplom-is/,116.0,kcal,478.0,kJ,100.0,0.0,607.0,0.29,0.48,1.49,0.07,0.99,1.07,0.09,0.02,0.0,0.0,0.0,0.0,0.0,0.0,0.0,120.0,6.4,9.0,0.01,13.0,5.6,22.0,0.1,14.0,1.2,0.9,0.03,0.34,100.0,0.1,210.0,3.5,31.0,0.2,3.6,1.0,73.0,0.0,0.0,0.0,6.4,0.1,82.0,132.0,0.3,0.03,0.19,0.1,0.05,8.0,0.0,0.0,0.2,72.0,0.4
1.018,"Ice cream, dairy, vanilla",,7.3,https://www.matvaretabellen.no/en/ice-cream-dairy-vanilla/,178.0,kcal,744.0,kJ,100.0,0.0,163.0,0.28,0.94,2.77,0.16,1.16,1.83,0.13,0.04,0.0,0.0,0.0,0.0,0.0,0.0,0.0,121.0,20.0,25.0,0.01,0.0,9.2,22.0,0.1,14.0,2.1,1.0,0.04,0.23,108.0,0.2,201.0,3.8,52.0,0.1,5.8,2.0,52.0,0.3,13.9,14.0,19.7,0.2,65.0,79.0,0.3,0.04,0.24,0.1,0.07,9.0,0.0,0.0,0.4,67.0,0.4
1.325,"Ice cream, dairy, vanilla and chocolate, without added sugar, Sørlandsis Duo, Hennig Olsen",,7.3,https://www.matvaretabellen.no/en/ice-cream-dairy-vanilla-and-chocolate-without-added-sugar-sorlandsis-duo-hennig-olsen/,129.0,kcal,533.0,kJ,100.0,0.0,56.0,0.24,0.82,2.49,0.14,1.27,1.7,0.11,0.03,0.0,0.0,0.0,0.0,0.0,0.0,0.0,130.0,6.5,19.0,0.03,6.0,8.3,21.0,0.3,17.0,2.0,1.0,0.04,0.25,120.0,0.2,230.0,3.9,60.0,0.2,5.4,2.0,62.0,0.0,0.0,0.0,6.5,0.2,65.0,69.0,0.2,0.04,0.26,0.1,0.08,8.0,0.0,0.0,0.3,75.0,0.5
1.331,"Ice cream, dairy, vanilla, Cookie Dough, Ben & Jerry's",,7.3,https://www.matvaretabellen.no/en/ice-cream-dairy-vanilla-cookie-dough-ben-jerry-s/,254.0,kcal,1059.9,kJ,100.0,0.0,78.0,0.5,1.33,3.8,0.26,1.29,2.86,0.68,0.1,0.0,0.0,0.0,0.02,0.0,0.0,0.0,100.0,27.9,64.0,0.05,0.7,13.7,16.0,0.7,14.0,3.3,1.2,0.02,0.56,100.0,0.9,170.0,4.3,100.0,0.2,7.7,3.0,69.0,4.7,21.9,21.9,23.2,0.2,107.0,113.0,0.2,0.03,0.28,0.2,0.07,11.0,0.0,0.0,0.5,53.0,0.5
1.314,"Ice cream, dairy, vanilla, Diplom is",,7.3,https://www.matvaretabellen.no/en/ice-cream-dairy-vanilla-diplom-is/,162.0,kcal,678.0,kJ,100.0,0.0,182.0,0.24,0.8,2.33,0.13,1.14,1.61,0.11,0.04,0.0,0.0,0.0,0.0,0.0,0.0,0.0,110.0,19.2,18.0,0.01,0.0,7.9,23.0,0.0,13.0,1.9,1.0,0.04,0.24,100.0,0.2,210.0,3.5,60.0,0.1,5.0,2.0,51.0,0.0,12.2,12.2,19.2,0.1,75.0,90.0,0.3,0.04,0.21,0.2,0.08,8.0,0.0,0.0,0.3,69.0,0.4
1.328,"Ice cream, dairy, vanilla, First Price",,7.3,https://www.matvaretabellen.no/en/ice-cream-dairy-vanilla-first-price/,139.0,kcal,582.0,kJ,100.0,0.0,44.0,0.18,0.6,2.03,0.1,0.76,1.13,0.07,0.02,0.0,0.0,0.0,0.0,0.0,0.0,0.0,110.0,18.5,18.0,0.01,0.0,5.8,17.0,0.1,14.0,1.3,0.8,0.06,0.17,98.0,0.1,190.0,3.1,49.0,0.1,3.9,2.0,54.0,0.0,8.9,8.9,18.5,0.1,53.0,56.0,0.4,0.03,0.23,0.1,0.07,8.0,0.0,0.0,0.8,73.0,0.3
1.321,"Ice cream, dairy, vanilla, Hennig Olsen",,7.3,https://www.matvaretabellen.no/en/ice-cream-dairy-vanilla-hennig-olsen/,176.0,kcal,735.0,kJ,100.0,0.0,70.0,0.27,0.9,2.77,0.16,1.3,2.04,0.16,0.04,0.0,0.0,0.0,0.01,0.0,0.0,0.0,140.0,18.2,28.0,0.01,0.0,9.4,24.0,0.1,15.0,2.3,1.3,0.04,0.28,120.0,0.3,210.0,4.6,80.0,0.1,5.8,2.0,56.0,0.0,13.8,13.8,18.2,0.2,86.0,91.0,0.3,0.04,0.26,0.2,0.07,11.0,0.0,0.0,0.4,68.0,0.5
1.323,"Ice cream, dairy, vanilla, Inspira, Hennig Olsen",,7.3,https://www.matvaretabellen.no/en/ice-cream-dairy-vanilla-inspira-hennig-olsen/,197.0,kcal,824.0,kJ,100.0,0.0,85.0,0.36,1.19,3.55,0.2,1.47,2.34,0.15,0.05,0.0,0.0,0.0,0.0,0.0,0.0,0.0,140.0,18.8,28.0,0.01,0.0,11.6,23.0,0.1,15.0,2.7,1.1,0.04,0.24,120.0,0.2,210.0,4.4,0.0,0.1,7.3,2.0,57.0,0.0,13.8,13.8,18.8,0.2,7.0,14.0,0.4,0.04,0.25,0.1,0.07,9.0,0.0,0.0,0.4,65.0,0.5
1.329,"Ice cream, dairy, vanilla, Kulinaris",,7.3,https://www.matvaretabellen.no/en/ice-cream-dairy-vanilla-kulinaris/,177.0,kcal,741.0,kJ,100.0,0.0,429.0,0.28,0.9,2.67,0.13,1.0,1.54,0.12,0.04,0.0,0.0,0.0,0.0,0.0,0.0,0.0,130.0,20.2,24.0,0.01,0.0,8.9,25.0,0.0,13.0,1.8,1.0,0.05,0.21,110.0,0.2,190.0,4.0,70.0,0.1,5.4,2.0,55.0,0.0,15.6,15.6,20.2,0.1,106.0,141.0,0.3,0.03,0.21,0.1,0.06,6.0,0.0,0.0,0.3,67.0,0.5
1.32,"Ice cream, dairy, vanilla, Mövenpick",,7.3,https://www.matvaretabellen.no/en/ice-cream-dairy-vanilla-movenpick/,236.0,kcal,984.0,kJ,100.0,0.0,109.0,0.41,1.42,3.91,0.28,1.41,2.92,0.23,0.09,0.0,0.0,0.0,0.02,0.0,0.0,0.0,100.0,24.7,45.0,0.01,0.3,13.7,16.0,0.1,11.0,3.5,0.9,0.04,0.24,96.0,0.4,170.0,3.2,90.0,0.1,8.1,3.0,41.0,2.5,17.6,18.0,22.2,0.4,99.0,108.0,0.3,0.03,0.25,0.2,0.05,10.0,0.0,0.0,0.4,58.0,0.4
1.327,"Ice cream, dairy, vanilla, Prima",,7.3,https://www.matvaretabellen.no/en/ice-cream-dairy-vanilla-prima/,149.0,kcal,625.0,kJ,100.0,0.0,36.0,0.17,0.56,1.64,0.08,0.8,1.0,0.07,0.02,0.0,0.0,0.0,0.0,0.0,0.0,0.0,120.0,21.4,12.0,0.01,0.0,5.4,23.0,0.0,14.0,1.1,0.9,0.04,0.24,110.0,0.1,230.0,3.6,44.0,0.1,3.5,2.0,50.0,0.0,17.5,17.5,21.4,0.1,47.0,50.0,0.3,0.04,0.29,0.1,0.08,9.0,0.0,0.0,0.2,70.0,0.4
1.317,"Ice cream, dairy, vanilla, Royal, Diplom is",,7.3,https://www.matvaretabellen.no/en/ice-cream-dairy-vanilla-royal-diplom-is/,188.0,kcal,786.0,kJ,100.0,0.0,352.0,0.35,1.15,3.29,0.18,1.39,2.09,0.14,0.05,0.0,0.0,0.0,0.0,0.0,0.0,0.0,120.0,18.7,26.0,0.01,0.0,10.9,21.0,0.1,13.0,2.4,1.1,0.04,0.23,110.0,0.2,200.0,3.8,20.0,0.1,6.9,2.0,48.0,0.0,11.9,11.9,18.7,0.2,49.0,78.0,0.3,0.03,0.23,0.2,0.07,9.0,0.0,0.0,0.4,67.0,0.4
1.326,"Ice cream, dairy, vanilla, with oreo cookies, Hennig Olsen",,7.3,https://www.matvaretabellen.no/en/ice-cream-dairy-vanilla-with-oreo-cookies-hennig-olsen/,241.0,kcal,1008.0,kJ,100.0,0.0,46.0,0.24,0.8,3.23,0.15,1.14,3.31,0.64,0.15,0.0,0.0,0.0,0.0,0.0,0.0,0.0,110.0,29.6,17.0,0.07,1.0,11.5,19.0,0.7,20.0,3.6,1.2,0.03,0.39,110.0,0.8,220.0,4.1,49.0,0.3,5.9,2.0,100.0,6.6,18.4,18.4,23.0,0.2,53.0,56.0,0.3,0.03,0.25,0.2,0.09,7.0,0.0,0.0,1.1,54.0,0.5
1.315,"Ice cream, dairy, vanilla, without added sugar, Diplom is",,7.3,https://www.matvaretabellen.no/en/ice-cream-dairy-vanilla-without-added-sugar-diplom-is/,105.0,kcal,435.0,kJ,100.0,0.0,31.0,0.13,0.42,1.3,0.07,0.75,0.82,0.06,0.02,0.0,0.0,0.0,0.0,0.0,0.0,0.0,130.0,6.5,11.0,0.01,12.0,4.4,25.0,0.0,14.0,0.9,1.0,0.05,0.2,110.0,0.1,220.0,3.9,30.0,0.1,2.9,2.0,48.0,0.0,0.0,0.0,6.5,0.1,33.0,35.0,0.3,0.04,0.17,0.1,0.08,9.0,0.0,0.0,0.2,73.0,0.4
1.24,"Ice cream, dairy, with wafer and chocolate, cone, Krone-is",,7.3,https://www.matvaretabellen.no/en/ice-cream-dairy-with-wafer-and-chocolate-cone-krone-is/,280.0,kcal,1170.639793,kJ,100.0,0.0,44.0,1.19,1.24,3.82,0.2,2.21,3.61,0.49,0.05,0.0,0.0,0.0,0.0,0.0,0.0,0.01,96.0,31.3,22.0,0.08,0.8,15.4,13.0,0.3,17.0,3.9,0.9,0.06,0.41,127.0,0.6,167.0,3.6,64.0,0.3,9.8,2.0,114.0,8.3,18.5,18.5,23.0,0.2,67.0,71.0,0.4,0.03,0.2,0.2,0.03,4.0,0.0,0.0,0.5,49.0,0.5
1.241,"Ice cream, dairy, with wafer and strawberry, cone, Krone-is",,7.3,https://www.matvaretabellen.no/en/ice-cream-dairy-with-wafer-and-strawberry-cone-krone-is/,245.0,kcal,1026.7577781470995,kJ,100.0,0.0,41.0,1.17,1.17,3.01,0.18,1.31,2.74,0.4,0.04,0.0,0.0,0.0,0.0,0.0,0.0,0.0,75.0,30.2,20.0,0.05,0.7,12.4,9.0,0.3,12.0,3.0,0.8,0.04,0.32,97.0,0.5,131.0,2.9,61.0,0.3,7.9,2.0,107.0,8.2,18.0,18.0,22.0,0.2,65.0,67.0,0.3,0.02,0.14,0.2,0.03,3.0,1.0,0.0,0.5,54.0,0.4
1.244,"Ice cream, dairy, with wafer, Lion King Size",,7.3,https://www.matvaretabellen.no/en/ice-cream-dairy-with-wafer-lion-king-size/,323.0,kcal,1349.052437147255,kJ,100.0,0.0,41.0,1.61,1.26,4.41,0.19,3.74,4.45,0.47,0.07,0.0,0.0,0.0,0.0,0.0,0.0,0.0,79.0,34.4,18.0,0.04,0.6,18.9,8.0,0.2,13.0,4.7,0.9,0.07,0.41,96.0,0.6,134.0,3.5,64.0,0.5,12.3,1.0,206.0,7.3,23.7,23.7,27.0,0.2,68.0,70.0,0.3,0.05,0.13,0.2,0.03,3.0,0.0,0.0,0.2,43.0,0.4
1.322,"Ice cream, non-dairy, fruit, mango, Nude, Hennig Olsen",,7.3,https://www.matvaretabellen.no/en/ice-cream-non-dairy-fruit-mango-nude-hennig-olsen/,109.0,kcal,462.0,kJ,100.0,0.0,967.0,0.0,0.0,0.0,0.0,0.0,0.0,0.0,0.0,0.0,0.0,0.0,0.0,0.0,0.0,0.0,10.0,26.5,0.0,0.04,1.0,0.0,1.0,0.1,9.0,0.0,0.6,0.0,0.0,10.0,0.0,140.0,0.0,0.0,0.0,0.0,1.0,4.0,0.0,14.9,24.4,26.5,0.0,81.0,161.0,0.0,0.02,0.11,0.6,0.09,25.0,,0.0,0.7,72.0,0.1
1.308,"Ice cream, vanilla, home-made",,7.3,https://www.matvaretabellen.no/en/ice-cream-vanilla-home-made/,356.0,kcal,1477.338473053892,kJ,100.0,0.0,141.0,0.72,2.41,7.73,0.65,2.85,6.55,1.05,0.12,0.0,0.01,0.0,0.08,0.0,0.0,0.04,71.0,20.8,196.0,0.02,0.0,28.6,17.0,0.8,2.0,7.5,0.9,0.17,0.92,142.0,1.4,18.0,3.9,288.0,0.1,16.5,9.0,31.0,0.0,18.9,18.9,20.8,0.7,299.0,311.0,1.1,0.03,0.2,0.0,0.05,23.0,0.0,1.3,2.1,47.0,0.6
9.114,"Ice lolly, fruit juice",,7.3,https://www.matvaretabellen.no/en/ice-lolly-fruit-juice/,73.0,kcal,312.0,kJ,100.0,0.0,0.0,0.0,0.0,0.01,0.0,0.0,0.0,0.01,0.0,0.0,0.0,0.0,0.0,0.0,0.0,0.0,3.0,18.3,0.0,0.0,0.0,0.0,0.1,0.1,1.0,0.0,0.0,0.0,0.01,2.0,0.0,15.0,0.0,0.0,0.0,0.0,0.0,1.0,0.0,15.6,18.3,18.3,0.0,0.0,0.0,0.0,0.0,0.01,0.02,0.01,0.2,0.0,0.0,0.0,82.0,0.0
9.115,"Ice lolly, fruit juice, Lollipop",,7.3,https://www.matvaretabellen.no/en/ice-lolly-fruit-juice-lollipop/,126.0,kcal,532.0,kJ,100.0,0.0,2.0,1.37,0.56,0.3,0.0,0.15,0.23,0.04,0.0,0.0,0.0,0.0,0.0,0.0,0.0,0.0,2.0,23.9,0.0,0.04,0.3,3.2,0.1,0.1,6.0,0.2,0.1,0.0,0.04,8.0,0.0,44.0,0.3,0.0,0.0,2.7,0.0,4.0,0.1,23.4,23.8,23.8,0.0,0.0,0.0,0.0,0.01,0.0,0.04,0.0,2.0,1.0,0.0,0.0,72.0,0.1
13.071,"Iced tea, Nestea",,9.1,https://www.matvaretabellen.no/en/iced-tea-nestea/,18.0,kcal,77.0,kJ,100.0,0.0,0.0,0.0,0.0,0.0,0.0,0.0,0.0,0.0,0.0,0.0,0.0,0.0,0.0,0.0,0.0,0.0,3.0,4.5,0.0,0.01,0.0,0.0,0.0,0.0,1.0,0.0,0.0,0.0,0.0,36.0,0.0,19.0,0.0,0.0,0.0,0.0,,15.0,0.0,4.5,4.5,4.5,0.0,0.0,0.0,0.0,0.0,0.0,0.0,0.0,0.0,0.0,0.0,0.0,96.0,0.1
13.07,"Iced tea, artificially sweetened, light, Nestea",,9.1,https://www.matvaretabellen.no/en/iced-tea-artificially-sweetened-light-nestea/,0.0,kcal,0.0,kJ,100.0,0.0,0.0,0.0,0.0,0.0,0.0,0.0,0.0,0.0,0.0,0.0,0.0,0.0,0.0,0.0,0.0,0.0,3.0,0.0,0.0,0.01,0.0,0.0,0.0,0.0,1.0,0.0,0.0,0.0,0.0,36.0,0.0,19.0,0.0,0.0,0.1,0.0,,20.0,0.0,0.0,0.0,0.0,0.0,0.0,0.0,0.0,0.0,0.0,0.0,0.0,0.0,0.0,0.0,0.0,100.0,0.1
13.034,"Instant coffee, ready-to-drink",,9.1,https://www.matvaretabellen.no/en/instant-coffee-ready-to-drink/,0.0,kcal,2.0,kJ,100.0,0.0,0.0,0.0,0.0,0.0,0.0,0.0,0.0,0.0,0.0,0.0,0.0,0.0,0.0,0.0,0.0,0.0,3.0,0.0,0.0,0.0,0.0,0.0,0.1,0.0,4.0,0.0,0.3,0.0,0.0,3.0,0.0,36.0,0.1,0.0,0.0,0.0,0.0,3.0,0.0,0.0,0.0,0.0,0.0,0.0,0.0,0.0,0.0,0.0,0.3,0.0,0.0,0.0,0.0,0.0,100.0,0.0
6.629,"Jackfruit, raw",Artocarpus heterophyllus Lam.,13.2,https://www.matvaretabellen.no/en/jackfruit-raw/,97.0,kcal,410.0,kJ,28.0,0.0,61.0,0.0,0.0,0.13,0.02,0.01,0.13,0.02,0.08,0.0,0.0,0.0,0.0,0.0,0.0,0.0,24.0,20.3,0.0,0.08,2.0,0.6,,0.2,29.0,0.2,1.2,0.08,0.02,21.0,0.1,448.0,1.7,0.0,0.0,0.2,,2.0,1.2,0.0,0.0,19.1,0.0,5.0,10.0,0.0,0.11,0.06,0.9,0.33,24.0,14.0,0.0,0.3,76.0,0.1
6.125,"Jalapeño, raw",Capsicum annuum L. var. annuum,6.2,https://www.matvaretabellen.no/en/jalapeno-raw/,29.0,kcal,121.0,kJ,92.0,0.0,561.0,0.0,0.01,0.05,0.0,0.02,0.03,0.06,0.05,0.0,0.0,0.0,0.0,0.0,0.0,0.0,12.0,4.1,0.0,0.95,3.0,0.4,0.4,0.3,15.0,0.0,1.5,0.05,0.06,26.0,0.1,248.0,0.9,0.0,0.0,0.1,0.0,3.0,0.0,0.0,0.0,4.1,0.0,47.0,93.0,,0.04,0.07,1.3,0.42,14.0,119.0,0.0,3.6,92.0,0.1
6.762,"Jam, 40 % berries, 40 % sugar",,13.3,https://www.matvaretabellen.no/en/jam-40-berries-40-sugar/,175.0,kcal,742.0,kJ,100.0,0.0,7.0,0.0,0.0,0.01,0.0,0.0,0.02,0.05,0.03,0.0,0.0,0.0,0.0,0.0,0.0,0.0,7.0,42.4,0.0,0.03,1.0,0.1,0.4,0.1,7.0,0.0,0.2,0.03,0.05,14.0,0.1,65.0,0.3,0.0,0.0,0.0,0.0,0.0,0.0,40.0,40.0,42.4,0.0,1.0,1.0,0.0,0.01,0.01,0.2,0.02,9.0,12.0,0.0,0.5,56.0,0.1
6.591,"Jam, 45 % berries, 25 % sugar",,13.3,https://www.matvaretabellen.no/en/jam-45-berries-25-sugar/,126.0,kcal,536.0,kJ,100.0,0.0,8.0,0.0,0.0,0.01,0.0,0.0,0.02,0.07,0.04,0.0,0.0,0.0,0.0,0.0,0.0,0.0,9.0,30.0,0.0,0.04,2.0,0.2,0.5,0.2,8.0,0.0,0.3,0.04,0.07,17.0,0.1,81.0,0.4,0.0,0.0,0.0,0.0,0.0,0.0,27.0,27.0,29.9,0.0,1.0,1.0,0.0,0.01,0.01,0.2,0.03,11.0,15.0,0.0,0.6,68.0,0.1
6.763,"Jam, 60 % berries, 30 % sugar",,13.3,https://www.matvaretabellen.no/en/jam-60-berries-30-sugar/,142.0,kcal,603.0,kJ,100.0,0.0,10.0,0.0,0.0,0.01,0.0,0.0,0.03,0.08,0.05,0.0,0.0,0.0,0.0,0.0,0.0,0.0,11.0,33.5,0.0,0.04,2.0,0.2,0.5,0.2,10.0,0.0,0.3,0.05,0.08,21.0,0.1,97.0,0.5,0.0,0.0,0.0,0.0,0.0,0.0,30.0,30.0,33.5,0.0,1.0,1.0,0.0,0.01,0.01,0.2,0.03,13.0,18.0,0.0,0.8,64.0,0.1
6.761,"Jam, without added sugar",,13.3,https://www.matvaretabellen.no/en/jam-without-added-sugar/,22.0,kcal,93.0,kJ,100.0,0.0,10.0,0.0,0.0,0.01,0.0,0.0,0.03,0.08,0.05,0.0,0.0,0.0,0.0,0.0,0.0,0.0,11.0,3.5,0.0,0.04,2.0,0.2,0.5,0.2,10.0,0.0,0.3,0.05,0.08,21.0,0.1,96.0,0.5,0.0,0.0,0.0,0.0,0.0,0.0,0.0,0.0,3.5,0.0,1.0,1.0,0.0,0.01,0.01,0.2,0.03,13.0,18.0,0.0,0.8,94.0,0.1
10.004,"Jelly, powder base, prepared",,7.3,https://www.matvaretabellen.no/en/jelly-powder-base-prepared/,86.0,kcal,367.0,kJ,100.0,0.0,0.0,0.0,0.0,0.0,0.0,0.0,0.0,0.0,0.0,0.0,0.0,0.0,0.0,0.0,0.0,0.0,1.0,20.0,0.0,0.04,0.0,0.0,0.2,0.0,0.0,0.0,0.3,0.0,0.0,1.0,0.0,1.0,1.6,0.0,0.0,0.0,0.0,4.0,0.0,20.0,20.0,20.0,0.0,0.0,0.0,0.0,0.0,0.0,0.0,0.0,0.6,0.0,0.0,0.0,78.0,0.0
6.109,"Jerusalem artichoke, raw",Helianthus  tuberosus L.,6.2,https://www.matvaretabellen.no/en/jerusalem-artichoke-raw/,65.0,kcal,274.0,kJ,69.0,0.0,9.0,0.01,0.01,0.11,0.0,0.01,0.02,0.18,0.06,0.0,0.0,0.0,0.0,0.0,0.0,0.0,28.0,11.5,0.0,0.12,3.0,0.6,0.1,0.6,16.0,0.0,1.9,0.07,0.18,72.0,0.3,561.0,2.1,0.0,0.0,0.1,0.0,3.0,8.3,0.0,0.0,3.2,0.0,1.0,1.0,0.0,0.07,0.06,1.5,0.09,36.0,6.0,0.0,0.2,83.0,0.1
6.208,"Kale, frozen, raw",Brassica oleracea L. convar. acephala (DC.) Alef. var. sabellica L.,6.2,https://www.matvaretabellen.no/en/kale-frozen-raw/,27.0,kcal,112.0,kJ,100.0,0.0,2590.0,0.0,0.0,0.08,0.02,0.0,0.0,0.1,0.28,0.0,0.0,0.0,0.0,0.0,0.0,0.0,175.0,0.2,0.0,0.04,6.0,0.6,0.0,0.6,16.0,0.0,0.8,0.28,0.1,34.0,0.4,151.0,2.1,0.0,0.0,0.1,0.0,13.0,0.1,0.0,0.0,0.1,0.0,216.0,431.0,0.0,0.0,0.08,0.4,0.07,25.0,0.0,0.0,1.9,91.0,0.2
6.035,"Kale, raw",Brassica oleracea L. convar. acephala (DC.) Alef. var. sabellica L.,6.2,https://www.matvaretabellen.no/en/kale-raw/,36.0,kcal,150.0,kJ,61.0,0.0,5350.0,0.0,0.0,0.3,0.0,0.0,0.15,0.15,0.0,0.0,0.0,0.0,0.0,0.0,0.0,0.0,157.0,2.2,0.0,1.5,4.0,0.7,2.0,1.7,30.0,0.0,1.6,0.0,0.15,56.0,0.5,530.0,3.3,0.0,0.0,0.1,2.0,12.0,0.1,0.0,0.0,2.1,0.0,446.0,891.0,0.0,0.11,0.13,1.0,0.27,30.0,120.0,0.0,5.4,90.0,0.4
6.85,"Kale, steamed",Brassica oleracea L. convar. acephala (DC.) Alef. var. sabellica L.,6.2,https://www.matvaretabellen.no/en/kale-steamed/,46.0,kcal,191.0,kJ,100.0,0.0,4788.0,0.05,0.04,0.42,0.01,0.09,0.75,0.36,0.05,0.0,0.0,0.0,0.0,0.0,0.0,0.0,148.0,2.0,1.0,1.49,4.0,2.0,2.0,1.4,27.0,0.6,1.5,0.05,0.36,53.0,0.7,448.0,3.1,7.0,0.0,0.5,2.0,15.0,0.1,0.0,0.0,1.9,0.0,406.0,805.0,0.0,0.09,0.12,0.8,0.23,18.0,66.0,0.1,5.6,89.0,0.4
3.497,"Kebab meat, prepared, restaurant",,3.5,https://www.matvaretabellen.no/en/kebab-meat-prepared-restaurant/,281.0,kcal,1165.2,kJ,100.0,0.0,45.0,0.0,0.7,5.6,0.9,3.3,8.9,0.9,0.1,0.0,0.0,0.0,0.0,0.0,0.0,0.0,30.0,0.0,58.0,0.09,0.0,22.9,39.0,2.2,30.0,10.3,3.8,0.1,0.9,240.0,1.2,410.0,18.7,49.0,2.2,10.3,7.0,880.0,0.0,0.0,0.0,0.0,0.9,52.0,56.0,1.6,0.06,0.12,0.4,0.06,12.0,0.0,0.0,1.2,58.0,3.0
4.393,"King crab, red, boiled",Paralithodes camtschaticus,4.3,https://www.matvaretabellen.no/en/king-crab-red-boiled/,75.0,kcal,315.0,kJ,,0.0,0.0,0.0,0.07,0.02,0.03,0.05,0.13,0.0,0.0,0.0,0.0,0.0,0.05,0.0,0.0,0.11,110.0,0.0,53.0,0.0,0.0,1.4,64.0,0.4,55.0,0.2,4.0,0.32,0.02,155.0,0.4,234.0,15.5,0.0,1.0,0.1,32.0,400.0,0.0,0.0,0.0,0.0,0.0,0.0,0.0,5.8,,0.06,1.2,0.14,12.0,0.0,0.5,3.0,83.0,3.9
4.34,"King prawns, raw",,4.3,https://www.matvaretabellen.no/en/king-prawns-raw/,77.0,kcal,325.0,kJ,,0.0,0.0,0.0,0.01,0.09,0.03,0.01,0.1,0.01,0.0,0.0,0.0,0.0,0.02,0.1,0.01,0.09,44.0,0.0,150.0,0.21,0.0,0.7,5.0,0.7,28.0,0.1,3.3,0.2,0.03,155.0,0.2,126.0,17.6,0.0,0.5,0.2,34.0,215.0,0.0,0.0,0.0,0.0,0.0,0.0,0.0,1.0,0.0,0.05,0.1,0.11,11.0,0.0,0.0,1.8,82.0,1.2
6.539,"Kiwi fruit, raw",Actinidia chinensis Planch.,13.2,https://www.matvaretabellen.no/en/kiwi-fruit-raw/,51.0,kcal,213.0,kJ,74.0,0.0,27.0,0.0,0.0,0.04,0.0,0.02,0.09,0.11,0.4,0.0,0.0,0.0,0.0,0.0,0.0,0.0,38.0,8.6,0.0,0.16,3.0,0.7,6.0,0.2,15.0,0.1,0.3,0.4,0.12,33.0,0.1,295.0,0.9,0.0,0.0,0.1,0.0,1.0,0.0,0.0,0.0,8.6,0.0,2.0,4.0,0.0,0.0,0.02,0.2,0.04,16.0,91.0,0.0,1.0,87.0,0.1
6.086,"Kohlrabi, raw",Brassica oleracea L. convar. acephala (DC.) Alef. var. gongylodes L.,6.2,https://www.matvaretabellen.no/en/kohlrabi-raw/,23.0,kcal,98.0,kJ,46.0,0.0,22.0,0.0,0.0,0.01,0.0,0.0,0.01,0.02,0.03,0.0,0.0,0.0,0.0,0.0,0.0,0.0,24.0,3.0,0.0,0.13,2.0,0.1,1.0,0.4,19.0,0.0,0.7,0.03,0.02,46.0,0.0,350.0,1.7,0.0,0.1,0.0,1.0,20.0,0.1,0.0,0.0,2.9,0.0,2.0,3.0,0.0,0.05,0.02,0.4,0.15,50.0,65.0,0.0,0.5,93.0,0.0
6.601,"Kumquat, raw",Fortunella margarita (Lour.) Swingle,13.2,https://www.matvaretabellen.no/en/kumquat-raw/,66.0,kcal,276.0,kJ,93.0,0.0,0.0,0.0,0.0,0.09,0.02,0.0,0.14,0.12,0.05,0.0,0.0,0.0,0.0,0.0,0.0,0.0,62.0,9.4,0.0,0.1,7.0,0.9,0.3,0.9,20.0,0.2,0.7,0.05,0.12,19.0,0.2,186.0,1.9,0.0,0.0,0.1,2.0,10.0,0.0,0.0,0.0,9.4,0.0,0.0,0.0,0.0,0.04,0.09,0.4,0.04,17.0,44.0,0.0,0.2,81.0,0.2
3.212,"Lamb striploin, raw","Ovis aries Linnaeus, 1758",3.2,https://www.matvaretabellen.no/en/lamb-striploin-raw/,106.0,kcal,449.0,kJ,100.0,0.0,0.0,0.01,0.09,0.4,0.05,0.27,0.63,0.1,0.05,0.0,0.0,0.0,0.02,0.0,0.01,0.01,8.0,0.1,68.0,0.1,0.0,2.1,1.0,1.4,26.0,0.8,12.0,0.1,0.1,215.0,0.2,360.0,21.7,3.0,0.1,0.9,3.0,53.0,0.0,0.0,0.0,0.1,0.1,3.0,3.0,1.6,0.06,0.05,8.0,0.17,1.0,0.0,0.0,0.5,76.0,1.8
3.266,"Lamb, chops, raw","Ovis aries Linnaeus, 1758",3.2,https://www.matvaretabellen.no/en/lamb-chops-raw/,184.0,kcal,766.0,kJ,73.0,0.0,0.0,0.07,0.65,2.24,0.34,1.8,3.41,0.26,0.18,0.0,0.0,0.0,0.01,0.0,0.02,0.0,20.0,0.1,62.0,0.07,0.0,11.7,0.0,1.1,23.0,4.2,10.2,0.2,0.3,180.0,0.6,345.0,19.5,17.0,0.2,5.6,4.0,66.0,0.0,0.0,0.0,0.1,0.6,17.0,17.0,1.2,0.04,0.03,6.6,0.15,2.0,,0.0,0.3,69.0,2.1
3.267,"Lamb, cutlet, fried without fat","Ovis aries Linnaeus, 1758",3.2,https://www.matvaretabellen.no/en/lamb-cutlet-fried-without-fat/,289.0,kcal,1205.7872727272727,kJ,72.0,0.0,0.0,0.1,0.94,3.25,0.49,2.61,4.96,0.37,0.25,0.0,0.0,0.0,0.01,0.0,0.03,0.0,35.0,0.2,113.0,0.11,0.0,17.0,0.0,1.9,35.0,6.0,18.5,0.29,0.44,278.0,0.8,521.0,33.7,24.0,0.3,8.1,7.0,101.0,0.0,0.0,0.0,0.2,0.8,24.0,24.0,1.6,0.05,0.05,9.0,0.17,2.0,0.0,0.1,0.4,49.0,3.8
3.211,"Lamb, inside round, raw","Ovis aries Linnaeus, 1758",3.2,https://www.matvaretabellen.no/en/lamb-inside-round-raw/,121.0,kcal,510.0,kJ,100.0,0.0,0.0,0.03,0.24,0.82,0.12,0.59,1.26,0.11,0.07,0.0,0.0,0.0,0.01,0.0,0.01,0.01,8.0,0.2,62.0,0.09,0.0,4.3,0.0,1.4,26.0,1.6,10.1,0.1,0.1,200.0,0.2,380.0,20.5,5.0,0.1,2.0,4.0,52.0,0.0,0.0,0.0,0.2,0.2,5.0,5.0,1.5,0.05,0.05,6.3,0.16,1.0,0.0,0.0,0.5,75.0,2.6
3.483,"Lamb, inside round, roasted","Ovis aries Linnaeus, 1758",3.2,https://www.matvaretabellen.no/en/lamb-inside-round-roasted/,166.0,kcal,698.0,kJ,100.0,0.0,0.0,0.04,0.29,1.0,0.15,0.72,1.53,0.12,0.08,0.0,0.0,0.0,0.01,0.0,0.01,0.01,12.0,0.2,93.0,0.13,0.0,5.2,0.0,2.0,33.0,1.9,15.2,0.12,0.12,258.0,0.2,478.0,29.5,5.0,0.2,2.4,6.0,66.0,0.0,0.0,0.0,0.2,0.2,5.0,5.0,1.7,0.05,0.06,7.2,0.15,1.0,0.0,0.0,0.6,65.0,3.9
3.029,"Lamb, leg, cured, dried, smoked","Ovis  aries Linnaeus, 1758",3.5,https://www.matvaretabellen.no/en/lamb-leg-cured-dried-smoked/,263.0,kcal,1097.6,kJ,100.0,0.0,0.0,0.04,0.35,3.45,0.38,2.69,6.75,0.32,0.15,0.0,0.0,0.0,0.05,0.03,0.04,0.0,7.0,0.0,89.0,0.22,0.0,16.8,3.0,3.9,32.0,7.2,12.0,0.27,3.71,260.0,0.6,440.0,28.0,7.0,8.0,6.7,12.0,3200.0,0.0,0.0,0.0,0.0,0.6,7.0,7.0,3.2,0.14,0.4,6.9,0.37,14.0,0.0,0.0,0.2,55.0,4.1
3.014,"Lamb, leg, for roast, raw","Ovis aries Linnaeus, 1758",3.2,https://www.matvaretabellen.no/en/lamb-leg-for-roast-raw/,135.0,kcal,567.0,kJ,100.0,0.0,0.0,0.04,0.34,1.16,0.18,0.8,1.84,0.15,0.1,0.0,0.0,0.0,0.01,0.0,0.02,0.01,7.0,0.1,64.0,0.08,0.0,6.1,1.0,1.2,23.0,2.3,9.3,0.1,0.2,195.0,0.3,370.0,20.0,7.0,0.2,2.8,4.0,63.0,0.0,0.0,0.0,0.1,0.3,7.0,7.0,2.0,0.06,0.04,5.6,0.12,1.0,0.0,0.0,0.2,74.0,3.1
3.265,"Lamb, leg, roasted","Ovis aries Linnaeus, 1758",3.2,https://www.matvaretabellen.no/en/lamb-leg-roasted/,214.0,kcal,901.0,kJ,100.0,0.0,0.0,0.06,0.48,1.66,0.26,1.15,2.62,0.19,0.13,0.0,0.0,0.0,0.02,0.0,0.02,0.01,11.0,0.2,114.0,0.13,0.0,8.7,2.0,2.0,35.0,3.2,16.5,0.14,0.29,296.0,0.4,529.0,33.8,10.0,0.2,3.9,7.0,95.0,0.0,0.0,0.0,0.2,0.4,10.0,10.0,2.5,0.06,0.05,7.0,0.13,1.0,0.0,0.0,0.3,57.0,5.5
3.479,"Lamb, minced meat, 14 % fat, raw","Ovis aries Linnaeus, 1758",3.8,https://www.matvaretabellen.no/en/lamb-minced-meat-14-fat-raw/,199.0,kcal,829.0,kJ,100.0,0.0,0.0,0.1,0.81,2.64,0.39,2.19,4.05,0.3,0.21,0.0,0.0,0.0,0.01,0.0,0.02,0.0,9.0,0.1,68.0,0.06,0.0,13.7,0.0,1.1,20.0,4.9,8.3,0.3,0.3,160.0,0.6,320.0,19.0,18.0,0.2,6.7,4.0,78.0,0.0,0.0,0.0,0.1,0.6,18.0,18.0,1.8,0.03,0.04,4.8,0.12,1.0,0.0,0.1,0.4,67.0,2.7
3.48,"Lamb, minced meat, fried without fat","Ovis aries Linnaeus, 1758",3.8,https://www.matvaretabellen.no/en/lamb-minced-meat-fried-without-fat/,244.0,kcal,1016.5953571428572,kJ,100.0,0.0,0.0,0.11,0.92,3.02,0.44,2.5,4.62,0.34,0.23,0.0,0.0,0.0,0.01,0.0,0.03,0.0,12.0,0.1,96.0,0.08,0.0,15.6,0.0,1.5,24.0,5.6,11.8,0.34,0.34,194.0,0.7,379.0,25.7,20.0,0.2,7.6,5.0,95.0,0.0,0.0,0.0,0.1,0.7,20.0,20.0,2.0,0.03,0.04,5.1,0.1,1.0,0.0,0.1,0.5,59.0,3.9
3.487,"Lamb, rib, raw","Ovis aries Linnaeus, 1758",3.2,https://www.matvaretabellen.no/en/lamb-rib-raw/,229.0,kcal,951.0,kJ,77.0,0.0,0.0,0.12,0.98,3.29,0.5,2.78,4.94,0.32,0.23,0.0,0.0,0.0,0.0,0.0,0.0,0.0,9.0,0.1,68.0,0.06,0.0,17.5,1.0,0.9,20.0,6.1,8.5,0.3,0.35,170.0,0.7,310.0,17.8,10.0,0.2,8.5,2.0,67.0,0.0,0.0,0.0,0.1,0.0,10.0,10.0,1.5,0.04,0.03,5.2,0.15,1.0,0.0,0.1,0.5,65.0,2.7
3.214,"Lamb, roll",,3.5,https://www.matvaretabellen.no/en/lamb-roll/,178.0,kcal,745.0,kJ,100.0,0.0,6.0,0.07,0.58,1.97,0.31,1.54,3.01,0.23,0.15,0.0,0.0,0.0,0.01,0.0,0.02,0.0,21.0,0.3,65.0,0.14,0.1,10.2,0.2,1.1,22.0,3.7,10.0,0.2,0.27,156.0,0.5,292.0,21.3,13.0,2.4,4.9,4.0,960.0,0.0,0.0,0.0,0.2,0.5,13.0,14.0,1.3,0.03,0.04,4.5,0.09,3.0,0.0,0.0,0.3,68.0,2.6
3.215,"Lamb, shoulder, for roast, raw","Ovis aries Linnaeus, 1758",3.2,https://www.matvaretabellen.no/en/lamb-shoulder-for-roast-raw/,154.0,kcal,645.0,kJ,100.0,0.0,0.0,0.06,0.52,1.77,0.27,1.27,2.75,0.2,0.14,0.0,0.0,0.0,0.01,0.0,0.02,0.01,6.0,0.1,64.0,0.07,0.0,8.9,1.0,1.1,22.0,3.4,8.5,0.2,0.2,170.0,0.4,340.0,18.5,10.0,0.2,4.2,4.0,69.0,0.0,0.0,0.0,0.1,0.4,10.0,10.0,2.2,0.04,0.03,5.1,0.09,1.0,0.0,0.0,0.4,73.0,3.5
3.482,"Lamb, shoulder, roasted","Ovis aries Linnaeus, 1758",3.2,https://www.matvaretabellen.no/en/lamb-shoulder-roasted/,204.0,kcal,853.0,kJ,100.0,0.0,0.0,0.08,0.64,2.14,0.33,1.54,3.33,0.22,0.15,0.0,0.0,0.0,0.01,0.0,0.02,0.01,8.0,0.1,96.0,0.09,0.0,10.8,2.0,1.6,28.0,4.1,12.9,0.24,0.24,219.0,0.5,412.0,26.6,12.0,0.2,5.1,6.0,89.0,0.0,0.0,0.0,0.1,0.5,12.0,12.0,2.3,0.04,0.04,5.4,0.09,1.0,0.0,0.0,0.5,63.0,5.3
3.485,"Lamb, sirloin, raw","Ovis aries Linnaeus, 1758",3.2,https://www.matvaretabellen.no/en/lamb-sirloin-raw/,147.0,kcal,617.0,kJ,100.0,0.0,0.0,0.05,0.41,1.4,0.21,1.11,2.13,0.18,0.12,0.0,0.0,0.0,0.02,0.0,0.02,0.0,6.0,0.1,66.0,0.09,0.0,7.3,1.0,1.4,23.0,2.6,10.4,0.2,0.2,195.0,0.4,375.0,20.3,9.0,0.2,3.5,4.0,62.0,0.0,0.0,0.0,0.1,0.3,9.0,9.0,1.9,0.05,0.04,6.7,0.14,1.0,0.0,0.0,0.4,72.0,2.5
3.486,"Lamb, sirloin, roasted without fat","Ovis aries Linnaeus, 1758",3.2,https://www.matvaretabellen.no/en/lamb-sirloin-roasted-without-fat/,197.0,kcal,826.0,kJ,100.0,0.0,0.0,0.06,0.5,1.7,0.26,1.34,2.59,0.22,0.14,0.0,0.0,0.0,0.02,0.0,0.02,0.0,9.0,0.2,100.0,0.12,0.0,8.8,2.0,1.9,29.0,3.2,15.8,0.24,0.24,251.0,0.5,472.0,29.1,11.0,0.2,4.2,6.0,80.0,0.0,0.0,0.0,0.2,0.4,11.0,11.0,2.1,0.05,0.05,7.6,0.14,1.0,0.0,0.0,0.5,62.0,3.8
3.488,"Lamb, striploin, roasted without fat","Ovis aries Linnaeus, 1758",3.2,https://www.matvaretabellen.no/en/lamb-striploin-roasted-without-fat/,149.0,kcal,629.0,kJ,100.0,0.0,0.0,0.01,0.11,0.49,0.07,0.33,0.76,0.11,0.05,0.0,0.0,0.0,0.03,0.0,0.02,0.02,12.0,0.2,103.0,0.13,0.0,2.5,1.0,2.0,33.0,0.9,18.1,0.12,0.12,277.0,0.2,453.0,31.2,3.0,0.2,1.1,5.0,68.0,0.0,0.0,0.0,0.2,0.1,3.0,3.0,1.8,0.06,0.06,9.1,0.16,1.0,0.0,0.0,0.6,66.0,2.7
3.213,"Lamb, tenderloin, raw","Ovis aries Linnaeus, 1758",3.2,https://www.matvaretabellen.no/en/lamb-tenderloin-raw/,109.0,kcal,461.0,kJ,100.0,0.0,0.0,0.01,0.11,0.47,0.07,0.36,0.72,0.08,0.05,0.0,0.0,0.0,0.01,0.0,0.01,0.01,7.0,0.1,65.0,0.09,0.0,2.4,0.9,1.5,28.0,0.9,11.1,0.1,0.1,220.0,0.2,430.0,21.8,2.0,0.1,1.1,2.0,57.0,0.0,0.0,0.0,0.1,0.1,2.0,2.0,2.0,0.06,0.05,7.1,0.15,1.0,0.0,0.0,0.4,76.0,2.2
3.484,"Lamb, tenderloin, roasted","Ovis aries Linnaeus, 1758",3.2,https://www.matvaretabellen.no/en/lamb-tenderloin-roasted/,152.0,kcal,644.0,kJ,100.0,0.0,0.0,0.01,0.14,0.57,0.08,0.44,0.87,0.1,0.05,0.0,0.0,0.0,0.01,0.0,0.01,0.02,10.0,0.2,98.0,0.13,0.0,2.9,1.0,2.2,36.0,1.0,16.8,0.12,0.12,283.0,0.2,541.0,31.4,2.0,0.2,1.3,4.0,73.0,0.0,0.0,0.0,0.2,0.1,2.0,2.0,2.3,0.05,0.06,8.1,0.14,1.0,0.0,0.0,0.5,66.0,3.3
6.092,"Leaf beet, mangold, raw",Beta vulgaris L. ssp. cicla (L.) Koch,6.2,https://www.matvaretabellen.no/en/leaf-beet-mangold-raw/,21.0,kcal,89.0,kJ,92.0,0.0,3647.0,0.0,0.0,0.02,0.0,0.0,0.0,0.02,0.05,0.0,0.0,0.0,0.0,0.0,0.0,0.0,51.0,2.6,0.0,0.18,0.8,0.2,1.0,1.8,81.0,0.0,0.7,0.05,0.02,46.0,0.1,379.0,1.8,0.0,0.5,0.0,1.0,213.0,2.3,0.0,0.0,0.3,0.0,304.0,607.0,0.0,0.04,0.09,0.4,0.1,14.0,30.0,0.0,1.9,95.0,0.4
6.052,"Leek, Norwegian, raw",Allium porrum L.,6.2,https://www.matvaretabellen.no/en/leek-norwegian-raw/,28.0,kcal,118.0,kJ,83.0,0.0,406.0,0.0,0.0,0.04,0.0,0.0,0.0,0.07,0.1,0.0,0.0,0.0,0.0,0.0,0.0,0.0,52.0,3.6,0.0,0.05,3.0,0.2,1.0,0.8,13.0,0.0,0.8,0.1,0.07,41.0,0.1,316.0,1.6,0.0,0.0,0.0,0.0,3.0,0.0,0.0,0.0,3.6,0.0,34.0,67.0,0.0,0.05,0.03,0.5,0.25,87.0,16.0,0.0,0.8,92.0,0.3
6.723,"Leek, cooked",Allium porrum L.,6.2,https://www.matvaretabellen.no/en/leek-cooked/,23.0,kcal,95.0,kJ,83.0,0.0,323.0,0.0,0.0,0.03,0.0,0.0,0.0,0.05,0.08,0.0,0.0,0.0,0.0,0.0,0.0,0.0,44.0,2.9,0.0,0.04,2.0,0.2,0.8,0.5,7.0,0.0,0.7,0.08,0.05,33.0,0.1,140.0,1.3,0.0,0.0,0.0,0.0,2.0,0.0,0.0,0.0,2.9,0.0,27.0,53.0,0.0,0.03,0.02,0.3,0.14,38.0,9.0,0.0,0.7,93.0,0.2
6.255,"Leek, frozen",Allium porrum L.,6.2,https://www.matvaretabellen.no/en/leek-frozen/,21.0,kcal,89.0,kJ,100.0,0.0,192.0,0.0,0.0,0.0,0.0,0.0,0.0,0.0,0.0,0.0,0.0,0.0,0.0,0.0,0.0,0.0,37.0,3.4,0.0,0.02,2.0,0.0,0.0,0.5,8.0,0.0,0.3,0.0,0.0,19.0,0.0,205.0,0.9,0.0,0.0,0.0,0.0,6.0,0.0,0.0,0.0,3.4,0.0,16.0,32.0,0.0,0.03,0.04,0.1,0.08,15.0,3.0,0.0,0.2,94.0,0.2
6.729,"Lemon juice, bottled",Citrus limon (L.) Burm.f.,9.2,https://www.matvaretabellen.no/en/lemon-juice-bottled/,8.0,kcal,33.0,kJ,100.0,0.0,12.0,0.0,0.0,0.02,0.0,0.0,0.01,0.04,0.01,0.0,0.0,0.0,0.0,0.0,0.0,0.0,7.0,1.6,0.0,0.03,0.1,0.0,0.5,0.1,7.0,0.0,0.2,0.02,0.04,8.0,0.0,130.0,0.3,0.0,0.0,0.0,1.0,1.0,0.0,0.0,1.6,1.6,0.0,1.0,2.0,0.0,0.03,0.01,0.1,0.05,13.0,36.0,0.0,0.1,98.0,0.0
9.162,Lemon mousse,,7.3,https://www.matvaretabellen.no/en/lemon-mousse/,293.0,kcal,1219.4455544455543,kJ,100.0,0.0,108.0,0.55,1.83,5.85,0.49,2.16,4.91,0.79,0.1,0.0,0.01,0.0,0.06,0.0,0.0,0.03,57.0,18.2,146.0,0.06,0.1,21.6,16.0,0.6,5.0,5.7,1.5,0.13,0.69,111.0,1.1,59.0,6.4,209.0,0.2,12.5,8.0,64.0,0.0,16.5,16.7,18.2,0.5,218.0,227.0,0.6,0.03,0.2,0.01,0.04,13.0,4.0,0.8,1.6,54.0,0.4
6.626,Lemon peel,Citrus limon (L.) Burm.f.,13.3,https://www.matvaretabellen.no/en/lemon-peel/,52.0,kcal,213.0,kJ,100.0,0.0,7.0,0.0,0.0,0.04,0.0,0.0,0.01,0.06,0.03,0.0,0.0,0.0,0.0,0.0,0.0,0.0,134.0,5.4,0.0,0.09,11.0,0.3,,0.8,15.0,0.0,0.7,0.03,0.06,12.0,0.1,160.0,1.5,0.0,0.0,0.0,1.0,6.0,0.0,0.0,0.0,5.4,0.0,1.0,1.0,0.0,0.06,0.08,0.4,0.17,13.0,129.0,0.0,0.3,82.0,0.3
4.113,"Lemon sole, raw","Microstomus kitt (Walbaum, 1792)",4.1.2,https://www.matvaretabellen.no/en/lemon-sole-raw/,67.0,kcal,283.0,kJ,50.0,0.0,0.0,0.0,0.01,0.03,0.02,0.01,0.03,0.0,0.0,0.0,0.0,0.0,0.0,0.03,0.01,0.02,26.0,0.0,47.0,0.0,0.0,0.3,23.0,0.1,22.0,0.1,7.2,0.06,0.01,190.0,0.1,353.0,16.0,0.0,0.2,0.0,40.0,99.0,0.0,0.0,0.0,0.0,0.0,0.0,0.0,1.0,0.15,0.08,4.3,0.15,13.0,0.0,0.0,0.5,84.0,0.3
6.55,"Lemon, raw",Citrus limon (L.) Burm.f.,13.2,https://www.matvaretabellen.no/en/lemon-raw/,23.0,kcal,95.0,kJ,53.0,0.0,3.0,0.0,0.0,0.04,0.0,0.0,0.01,0.06,0.03,0.0,0.0,0.0,0.0,0.0,0.0,0.0,26.0,2.5,0.0,0.04,3.0,0.3,1.0,0.6,8.0,0.0,0.3,0.03,0.06,16.0,0.1,138.0,1.1,0.0,0.0,0.0,0.0,2.0,0.0,0.0,0.0,2.5,0.0,0.0,0.0,0.0,0.04,0.02,0.1,0.08,11.0,53.0,0.0,0.2,93.0,0.1
10.216,Lentil crisps,,10.5,https://www.matvaretabellen.no/en/lentil-crisps/,450.0,kcal,1885.0,kJ,100.0,0.0,47.0,0.0,0.0,0.8,0.0,0.5,14.6,1.8,0.2,0.0,0.0,0.0,0.0,0.0,0.0,0.0,31.0,52.5,0.0,0.38,8.0,19.1,0.0,2.5,44.0,14.7,3.5,0.2,1.8,200.0,2.0,520.0,13.0,0.0,2.3,1.5,20.0,900.0,49.1,3.0,3.0,3.4,0.0,4.0,7.0,0.0,0.14,0.07,1.3,0.38,25.0,1.0,0.0,7.8,7.0,1.7
6.256,"Lentils, black, beluga, uncooked",,12,https://www.matvaretabellen.no/en/lentils-black-beluga-uncooked/,278.0,kcal,1166.7,kJ,100.0,0.0,66.0,0.0,0.0,0.2,0.0,0.02,0.27,0.62,0.17,0.0,0.0,0.0,0.0,0.0,0.0,0.0,53.0,30.5,0.0,0.87,24.0,2.0,0.0,5.8,102.0,0.3,5.8,0.17,0.62,330.0,0.8,915.0,22.5,0.0,0.0,0.2,63.0,2.0,28.9,0.0,0.0,1.6,0.0,6.0,11.0,0.0,0.5,1.6,2.0,0.4,164.0,7.0,0.0,0.9,21.0,3.7
6.13,"Lentils, green, canned",Lens culinaris Medik.,12,https://www.matvaretabellen.no/en/lentils-green-canned/,52.0,kcal,217.0,kJ,100.0,0.0,0.0,0.0,0.0,0.08,0.0,0.01,0.1,0.23,0.06,0.0,0.0,0.0,0.0,0.0,0.0,0.0,35.0,3.6,0.0,0.24,5.0,0.6,0.0,1.9,19.0,0.1,1.3,0.06,0.24,76.0,0.3,140.0,5.7,0.0,0.6,0.1,6.0,240.0,3.6,0.0,0.0,0.0,0.0,0.0,0.0,0.0,0.0,0.1,0.3,0.1,11.0,43.0,0.0,0.3,86.0,0.8
6.105,"Lentils, green, cooked",Lens culinaris Medik.,12,https://www.matvaretabellen.no/en/lentils-green-cooked/,40.0,kcal,168.0,kJ,100.0,0.0,4.0,0.0,0.0,0.03,0.0,0.0,0.04,0.09,0.03,0.0,0.0,0.0,0.0,0.0,0.0,0.0,8.0,4.4,0.0,0.09,4.0,0.3,0.0,1.0,13.0,0.0,0.9,0.03,0.09,46.0,0.1,106.0,3.2,0.0,0.4,0.0,5.0,154.0,4.1,0.0,0.0,0.3,0.0,0.0,0.0,0.0,0.03,0.02,0.2,0.04,9.0,0.0,0.0,0.1,89.0,0.5
6.257,"Lentils, green, puy, uncooked",,12,https://www.matvaretabellen.no/en/lentils-green-puy-uncooked/,259.0,kcal,1086.3,kJ,100.0,0.0,45.0,0.0,0.0,0.2,0.0,0.02,0.27,0.62,0.17,0.0,0.0,0.0,0.0,0.0,0.0,0.0,60.0,27.9,0.0,1.05,24.0,2.0,0.0,8.8,110.0,0.3,5.3,0.17,0.62,445.0,0.8,1100.0,20.4,0.0,0.0,0.2,9.0,1.0,27.0,0.0,0.0,0.9,0.0,4.0,7.0,0.0,0.3,0.2,1.9,0.3,129.0,1.0,0.0,0.8,26.0,4.5
6.104,"Lentils, green, uncooked",Lens culinaris Medik.,12,https://www.matvaretabellen.no/en/lentils-green-uncooked/,263.0,kcal,1102.1,kJ,100.0,0.0,24.0,0.0,0.0,0.2,0.0,0.02,0.27,0.62,0.17,0.0,0.0,0.0,0.0,0.0,0.0,0.0,58.0,29.2,0.0,0.83,23.0,2.0,0.0,7.4,96.0,0.3,5.6,0.17,0.62,327.0,0.8,900.0,20.5,0.0,0.0,0.2,32.0,1.0,27.3,0.0,0.0,1.9,0.0,2.0,4.0,0.0,0.3,0.16,2.2,0.41,118.0,1.0,0.0,0.6,25.0,3.7
6.131,"Lentils, red, canned",Lens culinaris Medik.,12,https://www.matvaretabellen.no/en/lentils-red-canned/,90.0,kcal,379.0,kJ,100.0,0.0,10.0,0.0,0.0,0.06,0.0,0.01,0.08,0.19,0.05,0.0,0.0,0.0,0.0,0.0,0.0,0.0,25.0,12.4,0.0,,4.0,0.5,2.0,1.6,18.0,0.1,1.6,0.05,0.19,71.0,0.2,119.0,6.9,0.0,0.6,0.1,21.0,230.0,12.2,0.0,0.0,0.2,0.0,1.0,1.0,0.0,0.04,0.03,0.4,0.06,21.0,0.0,0.0,0.3,76.0,0.4
6.184,"Lentils, red, uncooked",,12,https://www.matvaretabellen.no/en/lentils-red-uncooked/,274.0,kcal,1153.6,kJ,100.0,0.0,18.0,0.0,0.0,0.28,0.0,0.04,0.49,0.89,0.25,0.0,0.0,0.0,0.0,0.0,0.0,0.0,24.0,31.9,0.0,0.81,19.0,2.2,0.0,5.0,75.0,0.5,5.6,0.25,0.89,353.0,1.1,870.0,22.5,0.0,0.0,0.4,6.0,1.0,29.8,0.0,0.0,2.1,0.0,2.0,3.0,0.0,0.41,0.18,1.8,0.37,100.0,1.0,0.0,0.3,25.0,3.6
6.058,"Lettuce leaves, Norwegian, raw",Lactuca  sativa L.,6.2,https://www.matvaretabellen.no/en/lettuce-leaves-norwegian-raw/,11.0,kcal,44.0,kJ,94.0,0.0,941.0,0.0,0.0,0.02,0.0,0.0,0.01,0.02,0.06,0.0,0.0,0.0,0.0,0.0,0.0,0.0,47.0,0.7,0.0,0.03,1.0,0.1,0.7,0.4,14.0,0.0,0.4,0.06,0.02,33.0,0.1,338.0,1.2,0.0,0.0,0.0,0.0,5.0,0.0,0.0,0.0,0.7,0.0,78.0,156.0,0.0,0.03,0.03,0.2,0.02,33.0,3.0,0.0,0.6,97.0,0.3
6.059,"Lettuce, Iceberg, raw",Lactuca  sativa var. capitata L.,6.2,https://www.matvaretabellen.no/en/lettuce-iceberg-raw/,12.0,kcal,52.0,kJ,92.0,0.0,150.0,0.0,0.0,0.01,0.0,0.0,0.0,0.02,0.04,0.0,0.0,0.0,0.0,0.0,0.0,0.0,16.0,1.5,0.0,0.01,1.0,0.1,1.0,0.3,7.0,0.0,0.3,0.04,0.02,22.0,0.1,186.0,0.8,0.0,0.0,0.0,0.0,3.0,0.0,0.0,0.0,1.5,0.0,13.0,25.0,0.0,0.04,0.03,0.2,0.04,89.0,6.0,0.0,0.2,97.0,0.2
6.097,"Lettuce, Rapid, Norwegian",Lactuca  sativa L. var. crispa L.,6.2,https://www.matvaretabellen.no/en/lettuce-rapid-norwegian/,11.0,kcal,46.0,kJ,94.0,0.0,2060.0,0.0,0.0,0.02,0.0,0.0,0.01,0.02,0.06,0.0,0.0,0.0,0.0,0.0,0.0,0.0,51.0,0.3,0.0,0.03,1.0,0.2,1.0,0.5,14.0,0.0,0.5,0.06,0.02,40.0,0.2,398.0,1.4,0.0,0.0,0.0,0.0,5.0,0.0,0.0,0.0,0.3,0.0,172.0,343.0,0.0,0.05,0.04,0.3,0.03,31.0,4.0,0.0,0.7,97.0,0.6
6.179,"Lima beans, uncooked",,12,https://www.matvaretabellen.no/en/lima-beans-uncooked/,308.0,kcal,1297.15,kJ,100.0,0.0,0.0,0.0,0.0,0.12,0.0,0.03,0.05,0.22,0.1,0.0,0.0,0.0,0.0,0.0,0.0,0.0,81.0,44.4,0.0,0.74,19.0,0.7,,7.5,224.0,0.1,5.1,0.1,0.22,385.0,0.3,1724.0,21.5,0.0,0.0,0.2,7.0,18.0,35.9,0.0,0.0,8.5,0.0,0.0,0.0,0.0,0.51,0.2,1.5,0.51,395.0,0.0,0.0,0.7,15.0,2.8
6.603,"Lime, raw",Citrus aurantiifolia (Christm. & Panz.) Swingle,13.2,https://www.matvaretabellen.no/en/lime-raw/,17.0,kcal,71.0,kJ,74.0,0.0,30.0,0.0,0.0,0.02,0.0,0.0,0.02,0.04,0.02,0.0,0.0,0.0,0.0,0.0,0.0,0.0,33.0,1.7,0.0,0.07,3.0,0.2,1.0,0.6,6.0,0.0,0.3,0.02,0.04,18.0,0.1,102.0,0.7,0.0,0.0,0.0,0.0,2.0,0.0,0.0,0.0,1.7,0.0,3.0,5.0,0.0,0.03,0.02,0.2,0.04,8.0,29.0,0.0,0.2,95.0,0.1
4.019,"Ling, raw","Molva molva (Linnaeus, 1758)",4.1.2,https://www.matvaretabellen.no/en/ling-raw/,72.0,kcal,305.0,kJ,40.0,0.0,0.0,0.0,0.0,0.02,0.0,0.0,0.01,0.0,0.0,0.0,0.0,0.0,0.0,0.01,0.0,0.04,28.0,0.0,46.0,0.0,0.0,0.2,66.0,0.2,24.0,0.0,5.5,0.05,0.0,200.0,0.1,360.0,17.5,2.0,0.2,0.0,30.0,72.0,0.0,0.0,0.0,0.0,0.0,2.0,2.0,0.5,0.05,0.08,2.3,0.3,7.0,0.0,3.4,0.3,82.0,0.4
6.515,"Lingonberries, cowberries, raw",Vaccinium vitis-idaea L.,13.1,https://www.matvaretabellen.no/en/lingonberries-cowberries-raw/,44.0,kcal,183.0,kJ,100.0,0.0,8.0,0.0,0.0,0.03,0.0,0.01,0.09,0.16,0.1,0.0,0.0,0.0,0.0,0.0,0.0,0.0,25.0,7.0,0.0,0.1,4.0,0.6,0.2,0.3,11.0,0.1,0.7,0.11,0.16,26.0,0.3,118.0,0.7,0.0,0.0,0.0,0.0,0.0,0.0,0.0,0.0,7.0,0.0,1.0,1.0,0.0,0.01,0.01,0.6,0.02,22.0,8.0,0.0,1.5,88.0,0.2
6.815,Lingonberry/cowberry jam,,13.3,https://www.matvaretabellen.no/en/lingonberry-cowberry-jam/,177.0,kcal,753.0,kJ,100.0,0.0,3.0,0.0,0.0,0.01,0.0,0.0,0.03,0.06,0.04,0.0,0.0,0.0,0.0,0.0,0.0,0.0,10.0,42.8,0.0,0.04,1.0,0.2,0.1,0.1,4.0,0.0,0.3,0.04,0.06,10.0,0.1,43.0,0.3,0.0,0.0,0.0,0.0,0.0,0.0,40.0,40.0,42.8,0.0,0.0,0.0,0.0,0.0,0.0,0.2,0.01,5.0,3.0,0.0,0.6,55.0,0.1
6.516,"Lingonberry/cowberry jam, frozen",Vaccinium vitis-idaea L.,13.3,https://www.matvaretabellen.no/en/lingonberry-cowberry-jam-frozen/,157.0,kcal,668.0,kJ,100.0,0.0,4.0,0.0,0.0,0.02,0.0,0.01,0.06,0.1,0.07,0.0,0.0,0.0,0.0,0.0,0.0,0.0,16.0,37.0,0.0,0.07,2.0,0.4,0.1,0.2,6.0,0.0,0.5,0.07,0.1,14.0,0.2,48.0,0.4,0.0,0.0,0.0,0.0,0.0,0.0,33.3,33.3,37.0,0.0,0.0,0.0,0.0,0.0,0.01,0.3,0.01,7.0,2.0,0.0,1.0,60.0,0.1
5.012,"Linseeds, flax seeds, crushed",Linum usitatissimum L.,14.1,https://www.matvaretabellen.no/en/linseeds-flax-seeds-crushed/,514.0,kcal,2116.45,kJ,100.0,0.0,0.0,0.0,0.01,2.17,0.02,1.33,7.36,5.9,22.81,0.0,0.0,0.0,0.0,0.0,0.0,0.0,255.0,1.6,0.0,1.22,27.0,42.2,0.0,5.7,392.0,7.5,6.2,22.81,5.91,642.0,28.7,813.0,18.3,0.0,0.1,3.7,3.0,30.0,0.0,0.0,0.0,1.6,0.0,0.0,0.0,0.0,1.64,0.16,3.1,0.47,87.0,1.0,0.0,0.3,11.0,4.3
13.054,"Liqueur, 17 vol-% alcohol, cream-based",,9.3,https://www.matvaretabellen.no/en/liqueur-17-vol-alcohol-cream-based/,303.0,kcal,1262.5,kJ,100.0,12.0,83.0,0.47,1.49,4.12,0.19,1.46,2.71,0.14,0.05,0.0,0.01,0.0,0.01,0.01,0.0,0.0,16.0,22.5,0.0,0.0,0.0,13.0,0.0,0.1,2.0,3.0,0.6,0.06,0.16,35.0,0.5,17.0,3.0,173.0,0.2,8.2,0.0,81.0,0.0,22.0,22.0,22.5,0.4,180.0,186.0,0.1,0.0,0.06,0.1,0.02,0.0,0.0,0.0,0.5,50.0,0.2
13.014,"Liqueur, 35 vol-% alcohol",,9.3,https://www.matvaretabellen.no/en/liqueur-35-vol-alcohol/,313.0,kcal,1308.5,kJ,100.0,29.0,0.0,0.0,0.0,0.0,0.0,0.0,0.0,0.0,0.0,0.0,0.0,0.0,0.0,0.0,0.0,0.0,0.0,27.5,0.0,0.0,0.0,0.0,0.0,0.0,0.0,0.0,0.0,0.0,0.0,0.0,0.0,3.0,0.0,0.0,0.0,0.0,0.0,5.0,0.0,27.5,27.4,27.5,,0.0,0.0,0.0,0.0,0.0,0.0,0.0,0.0,0.0,0.0,0.0,44.0,0.0
13.053,"Liqueur, sweet, 21 vol-% alcohol",,9.3,https://www.matvaretabellen.no/en/liqueur-sweet-21-vol-alcohol/,225.0,kcal,943.0,kJ,100.0,15.0,0.0,0.0,0.0,0.0,0.0,0.0,0.0,0.0,0.0,0.0,0.0,0.0,0.0,0.0,0.0,0.0,5.0,29.9,0.0,0.02,0.0,0.0,0.0,0.1,2.0,0.0,0.0,0.0,0.0,6.0,0.0,31.0,0.0,0.0,0.0,0.0,0.0,11.0,0.0,29.9,29.9,29.9,0.0,0.0,0.0,0.0,0.0,0.0,0.0,0.0,0.0,0.0,0.0,0.0,55.0,0.0
12.117,"Liquid vitamins and minerals, Floradix",,10.10,https://www.matvaretabellen.no/en/liquid-vitamins-and-minerals-floradix/,74.0,kcal,315.0,kJ,100.0,0.0,,0.0,0.0,0.0,0.0,0.0,0.0,0.0,0.0,0.0,0.0,0.0,0.0,0.0,0.0,0.0,,18.5,0.0,,0.0,0.0,0.0,75.0,,0.0,9.0,0.0,0.0,,0.0,,0.0,,,0.0,,,,0.0,3.0,,0.0,,,6.0,,8.0,9.0,4.0,,100.0,,,81.0,
12.116,"Liquid vitamins and minerals, Sanasol",,10.7,https://www.matvaretabellen.no/en/liquid-vitamins-and-minerals-sanasol/,213.0,kcal,906.0,kJ,100.0,0.0,,0.25,0.1,0.05,0.0,0.02,0.04,0.01,0.0,0.0,0.0,0.0,0.0,0.0,0.0,0.0,,51.0,,,0.0,0.6,0.0,,,0.0,,0.0,0.01,,0.0,,1.0,,,0.5,,,,0.0,0.0,,0.0,2000.0,,,9.0,10.0,,12.0,750.0,450.0,75.0,60.0,47.0,
10.137,"Liquid vitamins, Multi Vitaminmikstur, Nycoplus",,10.10,https://www.matvaretabellen.no/en/liquid-vitamins-multi-vitaminmikstur-nycoplus/,,kcal,,,100.0,0.0,0.0,0.0,0.0,0.0,0.0,0.0,0.0,0.0,0.0,0.0,0.0,0.0,0.0,0.0,0.0,0.0,0.0,0.0,0.0,0.0,0.0,0.0,0.0,0.0,0.0,0.0,120.0,0.0,0.0,0.0,0.0,0.0,0.0,2000.0,0.0,0.0,0.0,0.0,0.0,0.0,0.0,0.0,0.0,2000.0,2000.0,0.0,9.0,10.0,120.0,12.0,750.0,450.0,75.0,60.0,100.0,0.0
9.113,"Liquorice, allsorts",,7.2,https://www.matvaretabellen.no/en/liquorice-allsorts/,387.0,kcal,1636.8,kJ,100.0,0.0,0.0,2.26,0.86,0.5,0.0,0.22,0.4,0.12,0.0,0.0,0.0,0.0,0.0,0.0,0.0,0.0,170.0,78.8,0.0,0.34,1.0,5.2,0.0,7.3,76.0,0.7,0.9,0.0,0.12,44.0,0.2,600.0,5.6,0.0,0.1,3.6,1.0,57.0,8.5,69.2,69.2,70.3,0.6,0.0,0.0,0.0,0.0,0.0,0.0,0.0,0.0,0.0,0.0,0.0,9.0,0.5
9.03,"Liquorice, sweet",,7.2,https://www.matvaretabellen.no/en/liquorice-sweet/,326.0,kcal,1383.0,kJ,100.0,0.0,0.0,0.0,0.0,0.04,0.0,0.01,0.0,0.21,0.02,0.0,0.0,0.0,0.0,0.0,0.0,0.0,36.0,75.3,0.0,0.05,1.0,0.2,0.0,1.3,21.0,0.1,1.0,0.02,0.21,15.0,0.3,63.0,5.1,0.0,1.4,0.1,0.0,540.0,23.3,52.0,52.0,52.0,0.0,0.0,0.0,0.0,0.0,0.02,0.1,0.04,7.0,1.0,0.0,0.1,18.0,0.1
3.471,"Liver paste, Stabburet",,3.5,https://www.matvaretabellen.no/en/liver-paste-stabburet/,237.0,kcal,981.0,kJ,100.0,0.0,0.0,0.0,0.22,3.64,0.42,1.93,9.01,2.75,0.49,0.0,0.0,0.0,0.0,0.0,0.05,0.04,6.0,4.3,90.0,0.3,0.0,20.0,2.0,5.7,10.0,9.6,6.6,0.58,3.07,140.0,3.7,150.0,9.9,2428.0,1.8,5.9,19.0,700.0,2.8,0.4,0.4,1.5,0.0,2428.0,2428.0,7.3,0.29,0.99,4.8,0.12,190.0,20.0,0.0,1.7,66.0,2.8
3.289,"Liver paste, canned",,3.5,https://www.matvaretabellen.no/en/liver-paste-canned/,257.0,kcal,1065.6,kJ,100.0,0.0,6.0,0.01,0.3,4.66,0.5,2.72,9.12,2.79,0.38,0.0,0.0,0.0,0.22,0.0,0.05,0.04,6.0,4.8,91.0,0.27,0.0,22.0,4.0,5.4,9.0,9.8,6.1,0.47,3.11,130.0,3.6,135.0,10.0,3197.0,1.7,7.8,18.0,680.0,3.6,0.0,0.0,1.2,0.0,3197.0,3198.0,6.0,0.17,0.89,4.3,0.09,210.0,13.0,0.0,1.4,63.0,2.6
3.434,"Liver paste, canned, Stabburet",,3.5,https://www.matvaretabellen.no/en/liver-paste-canned-stabburet/,237.0,kcal,981.0,kJ,100.0,0.0,0.0,0.0,0.22,3.64,0.42,1.93,9.02,2.75,0.49,0.0,0.0,0.0,0.22,0.0,0.05,0.04,7.0,4.3,90.0,0.3,0.0,20.0,2.0,5.7,10.0,9.6,6.6,0.58,3.07,140.0,3.7,150.0,9.9,3198.0,1.8,5.9,19.0,700.0,2.8,0.8,0.8,1.5,0.0,3198.0,3198.0,7.3,0.29,0.99,4.8,0.12,190.0,20.0,0.0,1.7,66.0,2.8
3.438,"Liver paste, chicken",,3.5,https://www.matvaretabellen.no/en/liver-paste-chicken/,134.0,kcal,561.0,kJ,100.0,0.0,3.0,0.0,0.04,1.27,0.23,0.49,3.59,1.74,0.33,0.0,0.01,0.0,0.1,0.01,0.02,0.04,34.0,5.8,106.0,0.11,0.0,7.9,14.0,3.9,15.0,3.7,6.2,0.4,1.88,145.0,2.1,240.0,10.1,2900.0,1.5,1.7,20.0,610.0,4.0,0.5,0.5,1.9,0.0,2900.0,2900.0,5.9,0.2,0.62,4.4,0.2,315.0,47.0,0.0,1.6,76.0,1.1
3.437,"Liver paste, chicken, canned, Stabburet",,3.5,https://www.matvaretabellen.no/en/liver-paste-chicken-canned-stabburet/,130.0,kcal,542.0,kJ,100.0,0.0,5.0,0.0,0.05,1.31,0.23,0.49,3.66,1.69,0.34,0.0,0.01,0.0,0.09,0.01,0.01,0.03,42.0,5.3,98.0,0.11,0.0,7.9,13.0,3.7,14.0,4.0,5.3,0.4,1.81,140.0,2.2,260.0,9.4,2650.0,1.6,1.9,18.0,620.0,3.1,1.0,1.0,2.2,0.0,2651.0,2650.0,5.1,0.14,0.58,3.6,0.16,290.0,27.0,0.0,1.7,77.0,1.0
3.436,"Liver paste, chicken, roasted, Prior",,3.5,https://www.matvaretabellen.no/en/liver-paste-chicken-roasted-prior/,139.0,kcal,579.0,kJ,100.0,0.0,0.0,0.0,0.03,1.23,0.23,0.49,3.51,1.79,0.32,0.0,0.01,0.0,0.11,0.02,0.02,0.05,25.0,6.3,114.0,0.11,0.0,7.8,14.0,4.0,16.0,3.8,7.1,0.4,1.95,150.0,2.3,220.0,10.8,3150.0,1.5,1.8,22.0,600.0,4.8,0.0,0.0,1.5,0.0,3150.0,3150.0,6.6,0.25,0.66,5.1,0.24,340.0,67.0,0.0,1.5,75.0,1.3
3.469,"Liver paste, coarse, Danish type, Stryhns",,3.5,https://www.matvaretabellen.no/en/liver-paste-coarse-danish-type-stryhns/,247.0,kcal,1025.4,kJ,100.0,0.0,5.0,0.0,0.0,1.01,0.04,0.57,7.94,6.45,0.85,0.0,0.0,0.0,0.12,0.0,0.04,0.0,10.0,9.8,94.0,0.3,2.0,18.0,4.0,7.0,11.0,8.2,6.2,0.9,6.61,141.0,7.5,147.0,10.4,3144.0,1.5,1.8,20.0,590.0,6.6,0.0,0.0,3.2,0.0,3144.0,3144.0,6.8,0.14,0.93,4.3,0.14,224.0,35.0,4.6,2.3,60.0,2.8
3.157,"Liver paste, oven-baked",,3.5,https://www.matvaretabellen.no/en/liver-paste-oven-baked/,227.0,kcal,940.0,kJ,100.0,0.0,6.0,0.0,0.07,1.86,0.17,0.96,8.51,4.05,0.97,0.0,0.01,0.0,0.14,0.0,0.02,0.01,12.0,5.7,96.0,0.31,1.0,18.1,5.0,7.2,12.0,9.1,6.2,1.01,4.24,144.0,5.4,149.0,9.6,3718.0,1.5,3.1,20.0,597.0,3.7,0.9,0.7,2.0,0.0,3718.0,3719.0,7.3,0.11,0.92,4.4,0.15,235.0,43.0,0.0,2.7,66.0,2.8
3.432,"Liver paste, oven-baked, Gilde",,3.5,https://www.matvaretabellen.no/en/liver-paste-oven-baked-gilde/,217.0,kcal,901.0,kJ,100.0,0.0,12.0,0.0,0.21,3.47,0.48,1.72,7.34,2.07,0.2,0.0,0.02,0.0,0.22,0.0,0.05,0.04,7.0,6.2,95.0,0.35,0.0,17.0,2.0,6.0,10.0,7.9,6.6,0.29,2.42,150.0,2.8,140.0,9.8,2826.0,1.5,5.5,22.0,600.0,4.9,1.3,1.3,1.3,0.0,2827.0,2828.0,8.1,0.11,0.97,4.8,0.17,180.0,77.0,0.0,0.8,67.0,2.9
3.433,"Liver paste, oven-baked, Mills",,3.5,https://www.matvaretabellen.no/en/liver-paste-oven-baked-mills/,237.0,kcal,983.0,kJ,100.0,0.0,0.0,0.0,0.0,1.1,0.0,0.6,11.0,3.7,1.9,0.0,0.0,0.0,0.1,0.0,0.0,0.0,19.0,4.8,98.0,0.28,1.0,20.0,10.0,7.8,14.0,12.0,5.8,1.9,3.8,140.0,6.0,160.0,9.0,3500.0,1.5,2.0,19.0,580.0,3.0,0.9,0.9,1.8,0.0,3500.0,3500.0,7.0,0.07,0.87,4.1,0.14,300.0,16.0,0.0,5.0,65.0,2.8
3.468,"Liver paste, oven-baked, Vita hjertego",,3.5,https://www.matvaretabellen.no/en/liver-paste-oven-baked-vita-hjertego/,226.0,kcal,937.0,kJ,100.0,0.0,5.0,0.0,0.0,1.0,0.03,0.55,7.2,6.37,0.8,0.0,0.0,0.0,0.1,0.0,0.0,0.0,10.0,6.2,94.0,0.3,2.0,17.4,4.0,7.9,11.0,7.4,6.2,0.83,6.5,141.0,7.3,147.0,10.1,3144.0,1.5,1.8,20.0,610.0,3.3,0.0,0.0,2.9,0.0,3144.0,3144.0,6.8,0.14,0.93,4.3,0.14,224.0,35.0,0.0,2.3,64.0,2.8
3.47,"Liver paste, unspecified",,3.5,https://www.matvaretabellen.no/en/liver-paste-unspecified/,233.0,kcal,968.0,kJ,100.0,0.0,4.0,0.0,0.11,2.31,0.23,1.22,8.58,4.02,0.79,0.0,0.0,0.0,0.13,0.0,0.03,0.02,10.0,5.9,94.0,0.31,0.8,18.7,4.0,6.7,11.0,9.1,6.3,0.85,4.25,142.0,5.2,149.0,9.9,3040.0,1.6,3.8,20.0,630.0,3.9,0.6,0.6,2.0,0.0,3040.0,3040.0,7.2,0.17,0.95,4.5,0.14,218.0,34.0,0.8,2.3,65.0,2.8
3.477,"Liver paste, with bacon",,3.5,https://www.matvaretabellen.no/en/liver-paste-with-bacon/,277.0,kcal,1150.0,kJ,100.0,0.0,5.0,0.0,0.0,1.5,0.1,0.7,12.0,3.6,1.4,0.0,0.0,0.0,0.1,0.0,0.0,0.0,10.0,11.0,94.0,0.3,2.0,21.0,4.0,3.9,11.0,12.0,6.1,1.4,3.77,141.0,5.0,147.0,10.0,3144.0,1.5,3.0,20.0,590.0,8.0,3.0,3.0,3.0,0.0,3144.0,3144.0,6.8,0.14,0.93,4.3,0.14,224.0,35.0,4.6,2.3,56.0,2.8
3.122,"Liver, beef, raw","Bos taurus Linnaeus, 1758",3.9,https://www.matvaretabellen.no/en/liver-beef-raw/,124.0,kcal,523.0,kJ,100.0,0.0,0.0,0.0,0.03,0.35,0.04,0.62,0.39,0.14,0.04,0.0,0.08,0.04,0.15,0.07,0.15,0.07,4.0,3.5,230.0,4.1,0.0,3.2,3.0,7.4,18.0,0.4,13.7,0.36,0.38,406.0,0.7,321.0,20.3,23220.0,0.2,1.1,15.0,68.0,3.5,0.0,0.0,0.0,0.0,23220.0,23220.0,200.0,0.3,2.8,10.0,0.74,529.0,25.0,1.1,1.3,73.0,3.8
3.259,"Liver, chicken, raw","Gallus gallus (Linnaeus, 1758)",3.9,https://www.matvaretabellen.no/en/liver-chicken-raw/,133.0,kcal,561.0,kJ,100.0,0.0,21.0,0.0,0.01,0.62,0.07,0.46,0.79,0.33,0.0,0.0,0.0,0.02,0.21,0.0,0.0,0.0,8.0,5.0,380.0,0.5,0.0,4.1,2.0,9.2,19.0,0.7,14.1,0.02,0.55,280.0,1.0,260.0,19.1,9371.0,0.2,1.2,,76.0,5.0,0.0,0.0,0.0,0.0,9373.0,9374.0,35.0,0.48,2.16,10.6,0.82,995.0,28.0,0.2,0.6,72.0,3.7
3.12,"Liver, lamb, raw","Ovis aries Linnaeus, 1758",3.9,https://www.matvaretabellen.no/en/liver-lamb-raw/,128.0,kcal,538.0,kJ,100.0,0.0,0.0,0.0,0.02,0.44,0.04,0.79,0.57,0.19,0.09,0.0,0.02,0.0,0.21,0.1,0.19,0.17,5.0,2.0,320.0,8.7,0.0,4.1,2.0,9.6,18.0,0.6,17.8,0.56,0.41,444.0,1.0,295.0,20.7,32760.0,0.2,1.3,24.0,69.0,2.0,0.0,0.0,0.0,0.1,32760.0,32760.0,114.0,0.39,3.5,14.0,0.53,281.0,20.0,0.5,1.5,73.0,3.9
3.123,"Liver, pork, raw","Sus scrofa Linnaeus, 1758",3.9,https://www.matvaretabellen.no/en/liver-pork-raw/,119.0,kcal,503.0,kJ,100.0,0.0,0.0,0.0,0.01,0.41,0.04,0.55,0.46,0.45,0.03,0.0,0.02,0.0,0.37,0.02,0.06,0.06,5.0,0.8,310.0,0.64,0.0,3.4,3.0,18.0,20.0,0.5,14.9,0.17,0.83,411.0,1.0,287.0,21.4,8642.0,0.2,1.0,46.0,94.0,0.8,0.0,0.0,0.0,0.0,8642.0,8642.0,30.0,0.43,2.9,11.0,0.64,813.0,15.0,1.1,1.4,74.0,8.7
3.121,"Liver, reindeer, raw","Rangifer tarandus (Linnaeus, 1758)",3.9,https://www.matvaretabellen.no/en/liver-reindeer-raw/,115.0,kcal,483.0,kJ,94.0,0.0,0.0,0.0,0.01,0.42,0.03,0.76,0.54,0.18,0.09,0.0,0.01,0.0,0.2,0.1,0.18,0.17,6.0,0.0,182.0,7.2,0.0,4.1,3.0,17.0,20.0,0.7,23.2,0.54,0.4,435.0,0.9,290.0,19.5,20000.0,0.2,1.3,37.0,69.0,0.0,0.0,0.0,0.0,0.0,20000.0,20000.0,128.0,0.59,6.15,19.6,0.62,220.0,11.0,0.1,0.8,76.0,2.4
4.374,"Lobster tail, in brine, drained","Astacus astacus (Linnaeus, 1758)",4.3,https://www.matvaretabellen.no/en/lobster-tail-in-brine-drained/,70.0,kcal,296.0,kJ,100.0,0.0,0.0,0.0,0.0,0.05,0.02,0.02,0.07,0.04,0.02,0.0,0.0,0.0,0.02,0.03,0.0,0.01,32.0,0.8,149.0,,0.0,0.4,12.0,0.5,10.0,0.1,3.4,0.06,0.06,88.0,0.1,72.0,15.6,0.0,2.1,0.1,22.0,829.0,0.8,0.0,0.0,0.0,0.0,0.0,0.0,2.5,0.01,0.04,0.5,0.0,4.0,0.0,0.0,1.4,83.0,1.2
4.054,"Lobster, boiled",,4.3,https://www.matvaretabellen.no/en/lobster-boiled/,92.0,kcal,390.0,kJ,28.0,0.0,0.0,0.0,0.01,0.09,0.04,0.03,0.13,0.01,0.0,0.0,0.0,0.0,0.03,0.13,0.01,0.1,108.0,0.0,116.0,2.2,0.0,1.6,507.0,0.6,46.0,0.2,4.9,0.26,0.05,197.0,0.3,236.0,19.4,0.0,1.3,0.1,74.0,516.0,0.0,0.0,0.0,0.0,0.0,0.0,0.0,2.4,0.1,0.05,1.3,0.64,12.0,0.0,0.5,4.1,79.0,3.2
4.394,"Lobster, raw",,4.3,https://www.matvaretabellen.no/en/lobster-raw/,76.0,kcal,324.0,kJ,,0.0,0.0,0.0,0.01,0.07,0.04,0.03,0.1,0.01,0.0,0.0,0.0,0.0,0.03,0.12,0.01,0.08,86.0,0.0,78.0,,0.0,0.6,290.0,0.2,48.0,0.1,5.4,0.22,0.05,217.0,0.3,318.0,17.8,0.0,1.2,0.1,72.0,471.0,0.0,0.0,0.0,0.0,0.0,0.0,0.0,1.7,,0.05,2.2,0.32,28.0,0.0,0.6,3.4,82.0,2.5
4.395,"Lobster, roasted",,4.3,https://www.matvaretabellen.no/en/lobster-roasted/,97.0,kcal,410.0,kJ,,0.0,0.0,0.0,0.01,0.09,0.04,0.03,0.12,0.01,0.0,0.0,0.0,0.0,0.04,0.15,0.01,0.1,115.0,0.0,104.0,0.0,0.0,0.7,387.0,0.2,58.0,0.2,6.5,0.27,0.06,260.0,0.3,360.0,22.5,0.0,1.3,0.1,96.0,534.0,0.0,0.0,0.0,0.0,0.0,0.0,0.0,2.0,0.0,0.05,2.4,0.38,29.0,0.0,0.7,4.2,77.0,3.3
6.185,"Lotus root, raw",,6.2,https://www.matvaretabellen.no/en/lotus-root-raw/,65.0,kcal,274.0,kJ,79.0,0.0,0.0,0.0,0.0,0.03,0.0,0.0,0.01,0.01,0.01,0.0,0.0,0.0,0.0,0.0,0.0,0.0,45.0,11.0,0.0,0.26,5.0,0.1,,1.2,23.0,0.0,0.8,0.01,0.01,100.0,0.0,556.0,2.6,0.0,0.1,0.0,1.0,40.0,5.5,0.0,0.0,5.5,0.0,0.0,0.0,0.0,0.16,0.22,0.4,0.26,13.0,44.0,0.0,,81.0,0.4
3.171,"Lungs, hashed, industrially made",,3.5,https://www.matvaretabellen.no/en/lungs-hashed-industrially-made/,93.0,kcal,389.0,kJ,100.0,0.0,2.0,0.0,0.09,0.86,0.13,0.65,1.36,0.24,0.02,0.0,0.0,0.0,0.05,0.0,0.01,0.0,7.0,0.3,64.0,0.03,0.2,4.2,3.0,1.7,11.0,1.6,6.3,0.03,0.3,40.0,0.2,96.0,13.4,3.0,2.2,1.9,4.0,882.0,0.1,0.0,0.0,0.2,0.1,3.0,3.0,1.3,0.06,0.15,2.0,0.07,2.0,0.0,0.0,0.1,82.0,1.3
6.604,"Lychee, raw",Litchi chinensis Sonn.,13.2,https://www.matvaretabellen.no/en/lychee-raw/,71.0,kcal,299.0,kJ,60.0,0.0,0.0,0.0,0.0,0.07,0.0,0.02,0.12,0.07,0.07,0.0,0.0,0.0,0.0,0.0,0.0,0.0,5.0,15.2,0.0,0.15,1.0,0.4,0.1,0.3,10.0,0.1,0.7,0.07,0.07,31.0,0.1,171.0,0.8,0.0,0.0,0.1,1.0,1.0,0.0,0.0,0.0,15.2,0.0,0.0,0.0,0.0,0.01,0.07,0.6,0.1,14.0,72.0,0.0,0.1,82.0,0.1
6.617,"Macadamia nuts, raw",Macadamia integrifolia Maiden & Betche,14.2,https://www.matvaretabellen.no/en/macadamia-nuts-raw/,753.0,kcal,3101.96,kJ,31.0,0.0,0.0,0.08,0.66,6.04,12.98,2.33,43.76,1.3,0.21,0.0,0.0,0.0,0.0,0.0,0.0,0.0,85.0,5.6,0.0,0.76,9.0,75.8,2.0,3.7,130.0,58.9,3.8,0.21,1.3,188.0,1.5,368.0,7.9,0.0,0.0,12.1,4.0,5.0,1.0,0.0,0.0,4.6,0.0,0.0,0.0,0.0,1.2,0.16,2.5,0.28,11.0,1.0,0.0,0.5,2.0,1.3
13.078,"Macchiato, single",,9.1,https://www.matvaretabellen.no/en/macchiato-single/,29.0,kcal,122.0,kJ,100.0,0.0,3.0,0.02,0.05,0.14,0.01,0.05,0.1,0.01,0.0,0.0,0.0,0.0,0.0,0.0,0.0,0.0,24.0,4.9,1.0,0.0,0.0,0.5,5.0,0.0,31.0,0.1,0.2,0.0,0.0,13.0,0.0,21.0,1.2,6.0,0.0,0.3,0.0,6.0,4.2,0.0,0.0,0.7,0.0,6.0,6.0,0.1,0.01,0.02,0.01,0.0,0.4,0.0,0.0,0.0,93.0,0.1
13.138,"Macchiato, single, with lactose free milk",,9.1,https://www.matvaretabellen.no/en/macchiato-single-with-lactose-free-milk/,27.0,kcal,115.0,kJ,100.0,0.0,2.0,0.01,0.03,0.09,0.01,0.03,0.07,0.0,0.0,0.0,0.0,0.0,0.0,0.0,0.0,0.0,25.0,4.7,1.0,0.0,0.0,0.3,5.0,0.0,31.0,0.1,0.3,0.0,0.0,13.0,0.0,22.0,1.3,5.0,0.0,0.2,0.0,4.0,4.2,0.0,0.0,0.5,0.0,5.0,5.0,0.1,0.0,0.01,0.01,0.0,0.5,0.0,0.0,0.0,94.0,0.0
13.139,"Macchiato, single, with oat based beverage",,9.1,https://www.matvaretabellen.no/en/macchiato-single-with-oat-based-beverage/,28.0,kcal,120.0,kJ,100.0,0.0,0.0,0.0,0.0,0.02,0.0,0.0,0.07,0.05,0.01,0.0,0.0,0.0,0.0,0.0,0.0,0.0,20.0,5.8,0.0,0.01,0.0,0.1,4.0,0.0,31.0,0.1,0.2,0.01,0.05,4.0,0.1,5.0,0.9,0.0,0.0,0.0,0.0,5.0,5.1,0.0,0.0,0.7,0.0,0.0,0.0,0.0,0.01,0.02,0.0,0.0,2.0,0.0,0.1,0.0,93.0,0.0
13.14,"Macchiato, single, with soy based beverage",,9.1,https://www.matvaretabellen.no/en/macchiato-single-with-soy-based-beverage/,24.0,kcal,103.0,kJ,100.0,0.0,0.0,0.0,0.0,0.03,0.0,0.01,0.05,0.14,0.02,0.0,0.0,0.0,0.0,0.0,0.0,0.0,29.0,4.5,0.0,0.02,0.0,0.1,3.0,0.1,33.0,0.1,0.2,0.02,0.14,20.0,0.2,41.0,1.3,0.0,0.0,0.0,0.0,4.0,4.2,0.2,0.2,0.3,0.0,0.0,0.0,0.0,0.0,0.03,0.0,0.0,3.0,0.0,0.1,0.0,94.0,0.0
4.377,"Mackerel fillet, in tomato sauce, 60 % mackerel, canned, First Price","Scomber scombrus Linnaeus, 1758",4.4,https://www.matvaretabellen.no/en/mackerel-fillet-in-tomato-sauce-60-mackerel-canned-first-price/,214.0,kcal,886.0,kJ,100.0,0.0,582.0,0.0,0.83,1.46,0.45,0.29,3.82,1.1,0.54,0.0,0.0,0.11,0.07,0.79,0.12,1.21,19.0,3.7,45.0,0.1,1.0,17.0,6.0,0.8,31.0,7.4,6.6,2.76,1.17,130.0,4.7,410.0,10.8,26.0,1.2,2.7,23.0,490.0,0.0,3.7,3.7,3.7,0.0,75.0,123.0,4.3,0.06,0.26,4.6,0.34,26.0,0.0,2.0,3.4,67.0,0.7
4.328,"Mackerel fillet, in tomato sauce, 60 % mackerel, canned, Stabburet","Scomber scombrus Linnaeus, 1758",4.4,https://www.matvaretabellen.no/en/mackerel-fillet-in-tomato-sauce-60-mackerel-canned-stabburet/,237.0,kcal,981.0,kJ,100.0,0.0,830.0,0.0,0.78,1.75,0.44,0.36,4.13,0.98,0.52,0.0,0.0,0.14,0.07,0.87,0.16,1.5,22.0,4.7,45.0,0.13,3.0,18.5,7.0,1.0,40.0,7.5,7.3,3.19,1.05,150.0,5.0,580.0,11.5,16.0,1.0,3.0,24.0,410.0,0.0,0.6,0.6,4.7,0.0,85.0,154.0,4.9,0.06,0.26,5.2,0.57,33.0,3.0,7.0,4.2,63.0,0.8
4.097,"Mackerel fillet, in tomato sauce, 70 % mackerel, canned, Stabburet","Scomber scombrus Linnaeus, 1758",4.4,https://www.matvaretabellen.no/en/mackerel-fillet-in-tomato-sauce-70-mackerel-canned-stabburet/,257.0,kcal,1065.11,kJ,100.0,0.0,347.0,0.0,1.02,2.21,0.59,0.44,4.12,0.87,0.49,0.0,0.0,0.19,0.1,1.18,0.23,2.01,19.0,3.2,54.0,0.11,1.0,21.0,9.0,0.9,38.0,8.5,8.2,4.08,0.97,160.0,6.1,490.0,13.2,44.0,0.9,3.8,28.0,340.0,0.0,0.7,0.7,3.2,0.0,73.0,101.0,6.5,0.06,0.29,5.8,0.43,30.0,3.0,4.0,3.3,62.0,0.8
4.378,"Mackerel fillet, in tomato sauce, canned","Scomber scombrus Linnaeus, 1758",4.4,https://www.matvaretabellen.no/en/mackerel-fillet-in-tomato-sauce-canned/,242.0,kcal,1002.378,kJ,100.0,0.0,584.0,0.0,0.91,1.94,0.51,0.39,4.22,0.99,0.52,0.0,0.0,0.16,0.08,1.01,0.19,1.71,21.0,3.9,45.0,0.11,2.0,19.4,8.0,0.9,37.0,8.1,7.3,3.58,1.08,149.0,5.6,503.0,11.9,30.0,1.0,3.4,25.0,404.0,0.0,2.1,2.1,3.9,0.0,78.0,127.0,5.4,0.06,0.27,5.2,0.48,30.0,3.0,4.9,3.7,63.0,0.7
4.376,"Mackerel fillet, in tomato sauce, canned, King Oscar","Scomber scombrus Linnaeus, 1758",4.4,https://www.matvaretabellen.no/en/mackerel-fillet-in-tomato-sauce-canned-king-oscar/,230.0,kcal,952.0,kJ,100.0,0.0,554.0,0.0,1.07,2.08,0.57,0.39,5.33,1.41,0.68,0.0,0.0,0.17,0.09,1.1,0.2,1.81,23.0,3.3,45.0,0.09,1.0,19.4,7.0,0.8,29.0,10.2,5.5,3.95,1.5,120.0,6.5,340.0,9.8,29.0,1.4,3.8,21.0,550.0,0.0,3.3,3.3,3.3,0.0,75.0,121.0,3.8,0.03,0.21,3.7,0.47,21.0,0.0,3.0,3.7,66.0,0.4
4.228,"Mackerel, August - December, fried in fat","Scomber scombrus Linnaeus, 1758",4.1.1,https://www.matvaretabellen.no/en/mackerel-august-december-fried-in-fat/,310.0,kcal,1286.6808174503844,kJ,,0.0,6.0,0.15,1.29,2.9,0.66,0.69,4.27,0.96,0.42,0.01,0.01,0.21,0.09,1.48,0.27,2.42,16.0,3.2,88.0,0.09,0.2,24.7,24.0,0.8,26.0,9.4,12.7,5.76,1.13,207.0,7.1,325.0,18.5,20.0,0.1,5.3,58.0,55.0,3.2,0.0,0.0,0.0,0.0,21.0,21.0,7.8,0.1,0.28,8.1,0.53,14.0,0.0,5.3,0.5,53.0,0.7
4.023,"Mackerel, August - December, raw","Scomber scombrus Linnaeus, 1758",4.1.1,https://www.matvaretabellen.no/en/mackerel-august-december-raw/,286.0,kcal,1184.65,kJ,,0.0,0.0,0.01,1.35,2.87,0.74,0.51,2.93,0.33,0.3,0.02,0.01,0.24,0.11,1.71,0.31,2.8,14.0,0.0,80.0,0.08,0.0,24.0,22.0,0.8,25.0,8.9,11.6,6.48,0.54,206.0,7.3,344.0,17.5,9.0,0.1,4.7,54.0,45.0,0.0,0.0,0.0,0.0,0.0,9.0,9.0,8.1,0.1,0.28,8.3,0.61,15.0,0.0,5.7,0.4,59.0,0.6
4.227,"Mackerel, August - December, simmered","Scomber scombrus Linnaeus, 1758",4.1.1,https://www.matvaretabellen.no/en/mackerel-august-december-simmered/,242.0,kcal,1004.8660714285714,kJ,,0.0,0.0,0.01,1.13,2.39,0.62,0.43,2.44,0.28,0.25,0.01,0.01,0.2,0.09,1.42,0.26,2.33,17.0,0.0,95.0,0.09,0.0,20.0,24.0,0.8,25.0,7.4,13.8,5.4,0.45,209.0,6.1,307.0,15.6,8.0,0.1,4.0,58.0,45.0,0.0,0.0,0.0,0.0,0.0,8.0,8.0,7.7,0.09,0.23,6.9,0.51,13.0,0.0,4.8,0.4,64.0,0.7
4.23,"Mackerel, February - June, fried in fat","Scomber scombrus Linnaeus, 1758",4.1.1,https://www.matvaretabellen.no/en/mackerel-february-june-fried-in-fat/,146.0,kcal,613.0,kJ,,0.0,6.0,0.15,0.25,0.88,0.11,0.35,2.02,0.73,0.19,0.0,0.01,0.02,0.02,0.18,0.03,0.45,22.0,3.2,2.0,0.09,0.2,5.8,25.0,0.9,30.0,2.7,14.1,0.96,0.76,259.0,1.7,423.0,20.1,13.0,0.2,1.9,55.0,83.0,3.2,0.0,0.0,0.0,0.0,14.0,14.0,10.7,0.11,0.35,9.2,0.7,10.0,0.0,6.4,0.7,71.0,0.7
4.022,"Mackerel, February - June, raw","Scomber scombrus Linnaeus, 1758",4.1.1,https://www.matvaretabellen.no/en/mackerel-february-june-raw/,93.0,kcal,393.0,kJ,50.0,0.0,0.0,0.01,0.14,0.47,0.09,0.1,0.29,0.06,0.04,0.0,0.01,0.02,0.02,0.19,0.03,0.46,19.0,0.0,,0.08,0.0,1.9,23.0,0.9,29.0,1.0,12.9,0.82,0.1,260.0,0.9,450.0,19.0,1.0,0.2,0.8,51.0,74.0,0.0,0.0,0.0,0.0,0.0,1.0,1.0,11.0,0.11,0.36,9.4,0.8,11.0,0.0,7.0,0.6,79.0,0.6
4.229,"Mackerel, February - June, simmered","Scomber scombrus Linnaeus, 1758",4.1.1,https://www.matvaretabellen.no/en/mackerel-february-june-simmered/,82.0,kcal,347.0,kJ,,0.0,0.0,0.01,0.11,0.39,0.07,0.09,0.24,0.05,0.03,0.0,0.01,0.02,0.02,0.16,0.02,0.39,23.0,0.0,0.0,0.09,0.0,1.6,25.0,0.9,29.0,0.9,15.3,0.69,0.08,263.0,0.8,402.0,17.0,1.0,0.2,0.6,55.0,75.0,0.0,0.0,0.0,0.0,0.0,1.0,1.0,10.5,0.1,0.3,7.8,0.67,9.0,0.0,5.8,0.5,82.0,0.7
4.311,"Mackerel, cold smoked","Scomber scombrus Linnaeus, 1758",4.1.1,https://www.matvaretabellen.no/en/mackerel-cold-smoked/,242.0,kcal,1005.0,kJ,80.0,0.0,0.0,0.0,1.28,1.99,0.05,0.33,1.81,0.27,0.29,0.03,0.0,0.21,0.09,1.19,0.21,2.01,27.0,0.0,51.0,0.06,0.0,18.8,20.0,0.4,19.0,7.3,8.0,4.96,0.41,161.0,5.4,104.0,18.2,21.0,5.3,3.8,28.0,2125.0,0.0,0.0,0.0,0.0,0.0,21.0,21.0,8.8,0.1,0.4,4.7,0.28,5.0,0.0,4.0,0.7,63.0,0.4
4.024,"Mackerel, warm smoked","Scomber scombrus Linnaeus, 1758",4.1.1,https://www.matvaretabellen.no/en/mackerel-warm-smoked/,295.0,kcal,1223.2,kJ,80.0,0.0,0.0,0.0,1.55,2.7,0.66,0.46,2.6,0.34,0.36,0.03,0.0,0.27,0.11,1.5,0.26,2.66,15.0,0.0,64.0,0.09,0.0,24.1,20.0,0.6,28.0,9.4,12.1,6.3,0.51,226.0,6.8,266.0,19.5,13.0,2.0,4.9,35.0,807.0,0.0,0.0,0.0,0.0,0.0,13.0,13.0,11.9,0.18,0.47,8.5,0.28,6.0,0.0,4.5,0.8,56.0,0.6
5.117,"Malt loaf, with raisins",,5.10,https://www.matvaretabellen.no/en/malt-loaf-with-raisins/,274.0,kcal,1156.8935109539916,kJ,100.0,0.0,12.0,0.13,0.14,0.46,0.04,0.22,0.86,0.56,0.11,0.0,0.0,0.0,0.0,0.0,0.0,0.0,49.0,52.8,2.0,0.14,5.0,3.0,3.0,0.9,28.0,0.9,2.2,0.11,0.55,105.0,0.7,256.0,6.3,21.0,0.3,1.1,3.0,121.0,38.4,6.9,6.9,14.4,0.0,22.0,23.0,0.1,0.2,0.1,1.1,0.09,33.0,0.0,0.3,0.4,33.0,0.9
6.203,"Mango salsa, home-made",,13.3,https://www.matvaretabellen.no/en/mango-salsa-home-made/,47.0,kcal,199.0,kJ,100.0,0.0,257.0,0.0,0.01,0.08,0.05,0.01,0.4,0.14,0.08,0.0,0.0,0.0,0.0,0.0,0.0,0.0,14.0,8.3,0.0,0.06,2.0,0.8,4.0,0.2,11.0,0.5,0.5,0.08,0.14,17.0,0.2,169.0,0.4,0.0,0.7,0.1,0.0,276.0,0.1,0.0,0.0,8.3,0.0,21.0,42.0,0.0,0.02,0.05,0.4,0.07,28.0,19.0,0.0,1.0,88.0,0.1
6.226,"Mango, dried",Mangifera indica L.,13.3,https://www.matvaretabellen.no/en/mango-dried/,268.0,kcal,1133.67,kJ,100.0,0.0,1240.0,0.0,0.01,0.14,0.22,0.0,0.11,0.02,0.08,0.0,0.0,0.0,0.0,0.0,0.0,0.0,37.0,59.2,0.0,0.39,9.0,0.0,0.0,0.7,58.0,0.3,2.9,0.08,0.02,81.0,0.1,990.0,3.1,0.0,0.0,0.2,14.0,18.0,6.1,0.0,0.0,53.1,0.0,103.0,206.0,0.0,0.08,0.27,2.4,0.08,280.0,28.0,0.0,3.8,28.0,0.4
6.227,"Mango, dried, sweetened",Mangifera indica L.,13.3,https://www.matvaretabellen.no/en/mango-dried-sweetened/,329.0,kcal,1394.65,kJ,100.0,0.0,77.0,0.0,0.0,0.01,0.0,0.0,0.02,0.01,0.0,0.0,0.0,0.0,0.0,0.0,0.0,0.0,33.0,78.8,,0.08,6.0,0.0,0.0,0.2,3.0,0.0,0.2,0.0,0.01,25.0,0.0,8.0,0.7,0.0,0.2,0.0,0.0,69.0,8.6,10.4,10.4,70.2,0.0,6.0,12.0,0.0,0.0,0.14,0.1,0.2,6.0,0.0,0.0,0.7,15.0,0.0
6.839,"Mango, frozen",Mangifera indica L.,13.2,https://www.matvaretabellen.no/en/mango-frozen/,46.0,kcal,194.0,kJ,100.0,0.0,506.0,0.0,0.0,0.0,0.0,0.0,0.0,0.0,0.0,0.0,0.0,0.0,0.0,0.0,0.0,0.0,7.0,10.7,0.0,0.06,2.0,0.0,0.0,0.1,7.0,0.0,0.4,0.0,0.0,10.0,0.0,140.0,0.0,0.0,0.0,0.0,0.0,2.0,0.0,0.0,0.0,10.7,0.0,42.0,84.0,0.0,0.02,0.03,0.4,0.05,5.0,15.0,0.0,1.1,88.0,0.1
6.542,"Mango, raw",Mangifera indica L.,13.2,https://www.matvaretabellen.no/en/mango-raw/,50.0,kcal,211.0,kJ,71.0,0.0,285.0,0.0,0.01,0.07,0.07,0.0,0.08,0.02,0.05,0.0,0.0,0.0,0.0,0.0,0.0,0.0,10.0,10.6,0.0,0.07,2.0,0.3,7.0,0.1,10.0,0.1,0.5,0.05,0.02,11.0,0.1,149.0,0.2,0.0,0.0,0.1,0.0,0.0,0.0,0.0,0.0,10.6,0.0,24.0,47.0,0.0,0.02,0.03,0.5,0.05,30.0,22.0,0.0,1.0,87.0,0.1
8.262,"Margarine, fat spread, Bremykt mykere",,8.1,https://www.matvaretabellen.no/en/margarine-fat-spread-bremykt-mykere/,742.0,kcal,3051.0,kJ,100.0,0.0,273.0,1.39,4.62,14.83,1.15,5.42,30.44,7.93,2.98,0.0,0.0,0.0,0.0,0.0,0.0,0.0,10.0,0.5,131.0,0.0,0.0,82.0,15.0,0.1,0.0,32.0,0.1,3.07,8.1,14.0,10.0,18.0,0.5,419.0,1.0,36.0,2.0,406.0,0.0,0.0,0.0,0.5,,442.0,464.0,0.1,0.0,0.02,0.0,0.01,0.0,0.0,10.0,10.0,17.0,0.0
8.26,"Margarine, fat spread, Olivero",,8.1,https://www.matvaretabellen.no/en/margarine-fat-spread-olivero/,544.0,kcal,2237.0,kJ,100.0,0.0,350.0,3.2,2.7,7.8,0.4,4.3,24.6,6.7,1.3,0.0,0.0,0.0,0.0,0.0,0.0,0.0,0.0,0.5,0.0,0.0,0.0,60.0,2.0,0.0,0.0,26.0,0.1,1.3,6.7,0.0,8.0,0.0,0.5,870.0,1.0,22.0,0.0,400.0,0.0,0.0,0.0,0.5,0.0,899.0,928.0,0.0,0.0,0.0,0.0,0.0,0.0,0.0,10.0,8.0,39.0,0.0
8.229,"Margarine, fat spread, rapeseed and sunflower oil, 40 % fat, Vita lett",,8.1,https://www.matvaretabellen.no/en/margarine-fat-spread-rapeseed-and-sunflower-oil-40-fat-vita-lett/,364.0,kcal,1497.0,kJ,100.0,0.0,350.0,1.3,0.6,2.1,0.0,3.5,15.9,11.5,2.7,0.0,0.0,0.0,0.0,0.0,0.0,0.0,0.0,0.5,0.0,0.0,0.0,40.0,2.0,0.0,0.0,16.0,0.1,2.7,11.5,0.0,14.0,0.0,0.5,870.0,1.0,8.0,0.0,400.0,0.0,0.0,0.0,0.5,0.0,899.0,928.0,0.0,0.0,0.0,0.0,0.0,0.0,0.0,10.0,13.0,59.0,0.0
8.228,"Margarine, fat spread, rapeseed and sunflower oil, 80 % fat, Vita hjertego myk",,8.1,https://www.matvaretabellen.no/en/margarine-fat-spread-rapeseed-and-sunflower-oil-80-fat-vita-hjertego-myk/,544.0,kcal,2237.0,kJ,100.0,0.0,350.0,2.0,0.9,3.2,0.0,5.3,24.1,17.4,2.0,0.0,0.0,0.0,0.0,0.0,0.0,0.0,0.0,0.5,0.0,0.0,0.0,60.0,2.0,0.0,0.0,24.0,0.1,2.0,17.4,0.0,20.0,0.0,0.5,870.0,0.8,12.0,0.0,300.0,0.0,0.0,0.0,0.5,0.0,899.0,928.0,0.0,0.0,0.0,0.0,0.0,0.0,0.0,10.0,19.0,39.0,0.0
8.102,"Margarine, fat spread, semi-hard, butter and rapeseed oil, 82 % fat, Bremykt",,8.1,https://www.matvaretabellen.no/en/margarine-fat-spread-semi-hard-butter-and-rapeseed-oil-82-fat-bremykt/,742.0,kcal,3051.0,kJ,100.0,0.0,425.0,1.79,5.45,16.35,0.79,6.28,27.76,6.68,2.46,0.0,0.04,0.02,0.05,0.03,0.03,0.0,51.0,0.5,142.0,0.0,0.0,82.0,16.0,0.0,0.0,29.0,0.2,2.52,6.79,21.0,8.0,23.0,0.5,865.0,1.0,40.0,0.0,400.0,0.0,0.0,0.0,0.5,1.0,900.0,935.0,0.0,0.02,0.1,0.1,0.0,0.0,0.0,10.0,8.0,17.0,0.0
8.103,"Margarine, fat spread, vegetable fat and butter, 40 % fat, Brelett",,8.1,https://www.matvaretabellen.no/en/margarine-fat-spread-vegetable-fat-and-butter-40-fat-brelett/,381.0,kcal,1570.1,kJ,100.0,0.0,626.0,2.61,1.41,3.27,0.21,2.57,20.2,6.0,2.61,,0.0,0.0,0.0,0.0,0.0,0.0,31.0,0.9,32.0,0.0,0.0,40.0,6.0,0.2,0.0,20.0,0.7,2.61,6.0,48.0,8.0,52.0,4.4,792.0,1.2,11.0,5.0,480.0,0.0,0.0,0.0,0.9,0.3,844.0,896.0,0.2,0.02,0.15,0.0,0.01,6.0,0.0,10.0,6.0,55.0,0.2
8.223,"Margarine, fat spread, vegetable fat, Soft light",,8.1,https://www.matvaretabellen.no/en/margarine-fat-spread-vegetable-fat-soft-light/,364.0,kcal,1497.0,kJ,100.0,0.0,350.0,2.0,0.8,1.9,0.0,2.0,20.1,6.2,2.8,0.0,0.0,0.0,0.0,0.0,0.0,0.0,0.0,0.5,0.0,0.0,0.0,40.0,2.0,0.0,0.0,20.0,0.1,2.8,6.2,0.0,9.0,0.0,0.5,870.0,1.0,8.0,0.0,400.0,0.0,0.0,0.0,0.5,0.0,899.0,928.0,0.0,0.0,0.0,0.0,0.0,0.0,0.0,10.0,9.0,59.0,0.0
8.212,"Margarine, for baking/frying, hard, vegetable fat, Melange",,8.1,https://www.matvaretabellen.no/en/margarine-for-baking-frying-hard-vegetable-fat-melange/,679.0,kcal,2792.0,kJ,100.0,0.0,350.0,9.1,3.7,4.6,0.0,9.6,27.3,8.4,3.7,0.0,0.0,0.0,0.0,0.0,0.0,0.0,0.0,0.5,0.0,0.0,0.0,75.0,2.0,0.0,0.0,28.0,0.1,3.7,8.4,0.0,12.1,0.0,0.5,870.0,1.5,30.0,0.0,600.0,0.0,0.0,0.0,0.5,0.0,899.0,928.0,0.0,0.0,0.0,0.0,0.0,0.0,0.0,10.0,14.0,24.0,0.0
8.222,"Margarine, for baking/frying, soft, vegetable fat, Soft Flora",,8.1,https://www.matvaretabellen.no/en/margarine-for-baking-frying-soft-vegetable-fat-soft-flora/,634.0,kcal,2607.0,kJ,100.0,0.0,350.0,8.2,3.3,3.9,0.0,8.3,26.5,8.1,3.6,0.0,0.0,0.0,0.0,0.0,0.0,0.0,0.0,0.5,0.0,0.0,0.0,70.0,2.0,0.0,0.0,27.0,0.1,3.6,8.1,0.0,12.0,0.0,0.5,870.0,1.5,27.0,0.0,600.0,0.0,0.0,0.0,0.5,0.0,899.0,928.0,0.0,0.0,0.0,0.0,0.0,0.0,0.0,10.0,13.0,29.0,0.0
8.238,"Margarine, hard",,8.1,https://www.matvaretabellen.no/en/margarine-hard/,666.0,kcal,2736.5,kJ,100.0,0.0,350.0,8.97,3.65,4.18,0.0,9.28,27.06,8.31,3.67,0.0,0.0,0.0,0.0,0.0,0.0,0.0,0.0,0.5,0.0,0.0,0.0,73.5,2.0,0.0,0.0,27.7,0.1,3.46,8.31,0.0,12.0,0.0,0.5,870.0,1.5,29.1,0.0,600.0,0.0,0.0,0.0,0.5,0.0,899.0,928.0,0.0,0.0,0.0,0.0,0.0,0.0,0.0,10.0,13.7,26.0,0.0
8.117,"Margarine, liquid, rapeseed and sunflower oil, 85 % fat, Vita",,8.1,https://www.matvaretabellen.no/en/margarine-liquid-rapeseed-and-sunflower-oil-85-fat-vita/,724.0,kcal,2977.0,kJ,100.0,0.0,350.0,0.1,0.1,3.7,0.0,2.2,40.6,21.3,4.8,0.0,0.0,0.0,0.0,0.0,0.0,0.0,0.0,0.5,0.0,0.0,0.0,80.0,2.0,0.0,0.0,41.0,0.1,4.8,21.3,0.0,27.0,0.0,0.5,870.0,1.0,7.0,0.0,400.0,0.0,0.0,0.0,0.5,0.0,899.0,928.0,0.0,0.0,0.0,0.0,0.0,0.0,0.0,10.0,28.0,19.0,0.0
8.213,"Margarine, liquid, vegetable fat, Melange",,8.1,https://www.matvaretabellen.no/en/margarine-liquid-vegetable-fat-melange/,724.0,kcal,2977.0,kJ,100.0,0.0,350.0,0.1,0.1,3.4,0.0,2.2,46.4,14.3,6.4,0.0,0.0,0.0,0.0,0.0,0.0,0.0,0.0,0.5,0.0,0.0,0.0,80.0,2.0,0.0,0.0,47.0,0.1,6.4,14.3,0.0,21.0,0.0,0.5,870.0,1.0,7.0,0.0,400.0,0.0,0.0,0.0,0.5,0.0,899.0,928.0,0.0,0.0,0.0,0.0,0.0,0.0,0.0,10.0,19.0,19.0,0.0
8.267,"Margarine, liquid, vegetable fat, vegan, Melange",,8.1,https://www.matvaretabellen.no/en/margarine-liquid-vegetable-fat-vegan-melange/,720.0,kcal,2960.0,kJ,100.0,0.0,350.0,0.1,0.1,3.4,0.0,1.8,46.6,14.3,6.5,0.0,0.0,0.0,0.0,0.0,0.0,0.0,0.0,0.0,0.0,0.0,0.0,80.0,,0.0,0.0,47.0,0.0,6.5,14.3,0.0,21.0,0.0,0.0,870.0,1.0,7.0,0.0,400.0,0.0,0.0,0.0,0.0,0.0,899.0,928.0,0.0,0.0,0.0,0.0,0.0,0.0,0.0,10.0,20.0,20.0,0.0
8.266,"Margarine, liquid, vegetable fat, with butter oil, Melange",,8.1,https://www.matvaretabellen.no/en/margarine-liquid-vegetable-fat-with-butter-oil-melange/,724.0,kcal,2977.0,kJ,100.0,0.0,350.0,9.7,3.4,8.7,0.2,8.5,24.9,6.8,3.0,0.0,0.0,0.0,0.0,0.0,0.0,0.0,0.0,0.5,,0.0,0.0,80.0,2.0,0.0,0.0,45.0,0.1,3.0,6.8,0.0,20.0,0.0,0.5,870.0,1.0,10.0,0.0,400.0,0.0,0.0,0.0,0.5,0.0,899.0,928.0,0.0,0.0,0.0,0.0,0.0,0.0,0.0,10.0,18.0,19.0,0.0
8.245,"Margarine, reduced salt, Soft Spesial",,8.1,https://www.matvaretabellen.no/en/margarine-reduced-salt-soft-spesial/,630.0,kcal,2590.0,kJ,100.0,0.0,350.0,3.5,1.5,3.4,0.1,5.9,34.0,10.5,4.7,0.0,0.0,0.0,0.0,0.0,0.0,0.0,0.0,0.0,0.0,0.0,0.0,70.0,2.0,0.0,0.0,35.0,0.0,4.7,10.5,0.0,16.0,0.0,0.0,870.0,0.8,16.0,0.0,300.0,0.0,0.0,0.0,0.0,0.0,899.0,928.0,0.0,0.0,0.0,0.0,0.0,0.0,0.0,10.0,16.0,30.0,0.0
8.239,"Margarine, soft",,8.1,https://www.matvaretabellen.no/en/margarine-soft/,544.0,kcal,2237.0,kJ,100.0,0.0,350.0,2.96,1.22,2.96,0.0,3.62,28.66,10.76,3.68,0.0,0.0,0.0,0.0,0.0,0.0,0.0,0.0,0.5,0.0,0.0,0.0,60.0,2.0,0.0,2.0,28.8,0.1,3.68,10.76,0.0,15.2,0.0,0.5,870.0,1.0,12.0,0.0,380.0,0.0,0.0,0.0,0.5,0.0,899.0,928.0,0.0,0.0,0.0,0.0,0.0,0.0,0.0,10.0,14.2,39.0,0.0
8.118,"Margarine, soft, spread with sterols, 35 % fat, Vita Pro aktiv",,8.1,https://www.matvaretabellen.no/en/margarine-soft-spread-with-sterols-35-fat-vita-pro-aktiv/,319.0,kcal,1312.0,kJ,100.0,0.0,350.0,0.7,0.3,1.9,0.0,2.6,14.8,9.5,1.6,0.0,0.0,0.0,0.0,0.0,0.0,0.0,0.0,0.5,0.0,0.0,0.0,35.0,2.0,0.0,0.0,15.0,0.1,1.6,9.8,0.0,11.0,0.0,0.5,870.0,1.0,6.0,0.0,400.0,0.0,0.0,0.0,0.5,0.0,899.0,928.0,0.0,0.0,0.0,0.0,0.0,0.0,0.0,10.0,9.5,64.0,0.0
8.221,"Margarine, vegetable fat, Soft Flora",,8.1,https://www.matvaretabellen.no/en/margarine-vegetable-fat-soft-flora/,544.0,kcal,2237.0,kJ,100.0,0.0,350.0,3.2,1.3,2.9,0.0,3.2,29.8,9.1,4.1,0.0,0.0,0.0,0.0,0.0,0.0,0.0,0.0,0.5,0.0,0.0,0.0,60.0,2.0,0.0,0.0,30.0,0.1,4.1,9.1,0.0,14.0,0.0,0.5,870.0,1.0,12.0,0.0,400.0,0.0,0.0,0.0,0.5,0.0,899.0,928.0,0.0,0.0,0.0,0.0,0.0,0.0,0.0,10.0,13.0,39.0,0.0
8.244,"Margarine, without salt and milk, foil",,8.1,https://www.matvaretabellen.no/en/margarine-without-salt-and-milk-foil/,720.0,kcal,2960.0,kJ,100.0,0.0,350.0,10.0,4.0,4.6,0.1,10.3,29.1,8.9,4.0,0.0,0.0,0.0,0.0,0.0,0.0,0.0,0.0,0.0,0.0,0.0,0.0,80.0,,0.0,0.0,30.0,0.0,4.0,8.9,0.0,13.0,0.0,0.0,870.0,0.0,33.0,0.0,0.0,0.0,0.0,0.0,0.0,0.0,899.0,928.0,0.0,0.0,0.0,0.0,0.0,0.0,0.0,10.0,14.0,20.0,0.0
6.186,"Marjoram, dried",Origanum majorana L.,16,https://www.matvaretabellen.no/en/marjoram-dried/,276.0,kcal,1143.2,kJ,100.0,0.0,4806.0,0.0,0.0,0.29,0.0,0.24,0.94,1.18,3.23,0.0,0.0,0.0,0.0,0.0,0.0,0.0,1990.0,20.3,0.0,1.13,40.0,7.0,,82.7,346.0,0.9,6.2,3.23,1.18,306.0,4.4,1522.0,12.7,0.0,0.2,0.5,5.0,77.0,16.2,0.0,0.0,4.1,0.0,401.0,801.0,0.0,0.29,0.32,4.1,1.19,274.0,51.0,0.0,1.7,20.0,3.6
9.127,Marshmallows,,7.2,https://www.matvaretabellen.no/en/marshmallows/,348.0,kcal,1479.0,kJ,100.0,0.0,0.0,0.0,0.0,0.0,0.0,0.0,0.0,0.0,0.0,0.0,0.0,0.0,0.0,0.0,0.0,0.0,4.0,83.1,0.0,0.0,0.0,0.0,0.0,0.3,2.0,0.0,0.7,0.0,0.0,4.0,0.0,2.0,3.9,0.0,0.1,0.0,0.0,29.0,4.5,41.1,41.1,78.6,0.0,0.0,0.0,0.0,0.0,0.0,0.0,0.0,0.0,0.0,0.0,0.0,13.0,0.0
9.101,"Marzipan bar, chocolate covered",,7.2,https://www.matvaretabellen.no/en/marzipan-bar-chocolate-covered/,515.0,kcal,2148.5,kJ,100.0,0.0,23.0,0.03,0.13,3.59,0.08,2.93,14.65,5.02,0.03,0.03,0.03,0.03,0.03,0.03,0.03,0.03,87.0,52.0,0.0,0.38,3.0,29.5,0.4,1.5,99.0,15.5,2.8,0.0,5.02,195.0,5.3,280.0,9.0,0.0,0.0,7.4,1.0,7.0,2.2,48.2,48.2,49.8,0.0,2.0,3.0,0.0,0.09,0.3,1.3,0.05,21.0,0.0,0.0,8.4,7.0,1.2
9.13,"Marzipan, 30 % almonds",,7.2,https://www.matvaretabellen.no/en/marzipan-30-almonds/,400.0,kcal,1684.9168,kJ,100.0,0.0,1.0,0.0,0.0,0.72,0.05,0.15,7.28,2.72,0.0,0.0,0.0,0.0,0.0,0.0,0.0,0.0,52.0,68.2,0.0,0.23,2.0,11.6,0.4,0.7,59.0,7.4,1.6,0.0,2.72,106.0,2.7,146.0,4.7,0.0,0.0,0.9,1.0,4.0,0.2,67.0,67.0,68.0,0.0,0.0,0.0,0.0,0.04,0.09,0.8,0.03,11.0,0.0,0.0,5.2,13.0,0.7
9.016,"Marzipan, 50 % almonds",,7.2,https://www.matvaretabellen.no/en/marzipan-50-almonds/,429.0,kcal,1787.4073514613312,kJ,100.0,0.0,2.0,0.0,0.0,1.64,0.12,0.33,16.58,6.19,0.0,0.0,0.0,0.0,0.0,0.0,0.0,0.0,118.0,34.8,0.0,0.52,5.0,26.3,1.0,1.6,134.0,16.7,3.5,0.0,6.19,241.0,6.2,331.0,10.7,0.0,0.0,2.0,2.0,10.0,0.5,32.0,32.0,34.3,0.0,0.0,0.0,0.0,0.1,0.21,1.8,0.06,25.0,0.0,0.0,11.9,23.0,1.5
6.671,Mashed swede,Brassica napus L. ssp. napobrassica (L.) Hanelt,6.6,https://www.matvaretabellen.no/en/mashed-swede/,72.0,kcal,299.0,kJ,100.0,0.0,354.0,0.13,0.46,1.27,0.1,0.46,0.92,0.09,0.06,0.0,0.0,0.0,0.0,0.0,0.0,0.0,39.0,5.7,11.0,0.02,2.0,4.5,3.0,0.2,8.0,1.1,1.3,0.06,0.05,40.0,0.1,115.0,1.0,44.0,1.1,2.8,0.0,436.0,0.0,0.0,0.0,5.6,0.1,74.0,103.0,0.0,0.04,0.03,0.8,0.08,15.0,12.0,0.2,0.2,87.0,0.1
8.011,"Mayonnaise, fat reduced, 40 % fat",,8.3,https://www.matvaretabellen.no/en/mayonnaise-fat-reduced-40-fat/,397.0,kcal,1638.2,kJ,100.0,0.0,0.0,0.0,0.0,2.11,0.1,0.77,23.6,8.19,3.09,0.0,0.0,0.0,0.01,0.0,0.0,0.02,6.0,7.0,33.0,0.01,0.0,40.6,3.0,0.2,1.0,25.0,0.2,3.1,8.22,25.0,11.0,6.0,1.0,20.0,0.9,3.0,1.0,360.0,5.0,2.0,2.0,2.0,0.0,20.0,20.0,0.3,0.01,0.05,0.0,0.01,6.0,0.0,0.5,14.8,51.0,0.1
8.01,"Mayonnaise, fat reduced, 50 % fat",,8.3,https://www.matvaretabellen.no/en/mayonnaise-fat-reduced-50-fat/,487.0,kcal,2007.2,kJ,100.0,0.0,0.0,0.0,0.0,2.49,0.12,0.91,28.5,9.88,3.75,0.0,0.0,0.0,0.01,0.0,0.0,0.02,6.0,8.2,31.0,0.01,0.1,50.0,3.0,0.2,1.0,30.0,0.2,3.76,9.91,24.0,14.0,5.0,1.0,20.0,1.1,3.0,1.0,440.0,5.2,0.0,0.0,3.0,0.0,20.0,20.0,0.3,0.01,0.05,0.0,0.01,5.0,0.0,0.5,14.2,41.0,0.1
8.009,"Mayonnaise, full fat, 80 % fat",,8.3,https://www.matvaretabellen.no/en/mayonnaise-full-fat-80-fat/,705.0,kcal,2900.0,kJ,100.0,0.0,0.0,0.0,0.0,3.84,0.18,1.4,44.3,15.38,5.84,0.0,0.0,0.0,0.02,0.0,0.0,0.02,7.0,2.0,41.0,0.01,0.0,77.0,3.0,0.3,1.0,47.0,0.2,5.86,15.4,31.0,21.0,7.0,1.0,25.0,0.6,5.0,2.0,240.0,0.0,2.0,2.0,2.0,0.0,25.0,25.0,0.3,0.02,0.06,0.0,0.01,7.0,0.0,0.6,23.1,20.0,0.2
8.022,"Mayonnaise, low-fat, 25 % fat",,8.3,https://www.matvaretabellen.no/en/mayonnaise-low-fat-25-fat/,258.0,kcal,1065.8403,kJ,100.0,0.0,0.0,0.0,0.0,1.38,0.07,0.5,15.0,5.22,1.97,0.0,0.0,0.0,0.02,0.0,0.0,0.01,7.0,5.0,26.0,0.01,0.0,26.2,2.0,0.2,4.0,15.5,0.2,1.99,5.25,21.0,7.2,9.0,0.7,14.0,0.9,2.1,2.0,373.0,4.7,0.3,0.3,0.3,0.0,14.0,14.0,0.2,0.01,0.02,0.0,0.01,4.0,0.0,0.2,7.6,68.0,0.1
3.458,"Meat balls, chicken, Coop",,3.5,https://www.matvaretabellen.no/en/meat-balls-chicken-coop/,211.0,kcal,878.0,kJ,100.0,0.0,29.0,0.0,0.16,3.21,0.63,1.16,7.72,3.16,0.46,0.0,0.0,0.0,0.07,0.0,0.0,0.0,34.0,4.5,55.0,0.03,0.6,16.2,0.0,0.9,17.0,8.4,6.6,0.46,3.25,140.0,3.7,230.0,11.6,24.0,2.1,4.6,7.0,840.0,3.4,0.2,0.2,1.1,,26.0,28.0,0.3,0.07,0.08,4.5,0.15,10.0,1.0,0.0,1.4,67.0,0.8
3.134,"Meat loaf, roasted",,3.5,https://www.matvaretabellen.no/en/meat-loaf-roasted/,207.0,kcal,864.0,kJ,100.0,0.0,12.0,0.02,0.26,3.86,0.37,1.97,6.08,1.48,0.15,0.02,0.0,0.0,0.04,0.0,0.02,0.0,22.0,6.5,42.0,0.07,0.5,14.4,0.8,1.4,16.0,6.4,5.1,0.2,1.61,94.0,1.8,166.0,12.8,6.0,2.1,5.1,7.0,836.0,6.4,0.0,0.0,0.1,0.0,7.0,8.0,0.6,0.1,0.04,2.3,0.09,6.0,0.0,0.2,0.6,66.0,1.8
3.457,Meat rissoles,,3.5,https://www.matvaretabellen.no/en/meat-rissoles/,202.0,kcal,839.0,kJ,100.0,0.0,13.0,0.0,0.21,2.92,0.36,1.59,7.02,1.85,0.3,0.0,0.0,0.0,0.06,0.0,0.02,0.0,29.0,3.8,34.0,0.05,4.0,14.9,2.0,1.0,16.0,7.5,4.8,0.32,1.96,160.0,2.3,293.0,11.3,7.0,1.8,4.9,7.0,733.0,3.7,0.0,0.0,0.1,,8.0,9.0,0.8,0.16,0.12,2.7,0.12,7.0,1.0,0.0,1.1,66.0,1.6
3.454,"Meat rissoles, First Price",,3.5,https://www.matvaretabellen.no/en/meat-rissoles-first-price/,188.0,kcal,782.0,kJ,100.0,0.0,13.0,0.0,0.16,2.36,0.28,1.31,5.84,1.46,0.28,0.0,0.0,0.0,0.06,0.0,0.02,0.0,16.0,4.4,36.0,0.05,4.0,13.0,2.0,1.3,16.0,6.2,4.6,0.3,1.55,180.0,1.9,330.0,11.3,6.0,1.6,4.0,8.0,650.0,4.3,0.0,0.0,0.1,,7.0,8.0,0.7,0.18,0.1,2.5,0.13,9.0,1.0,0.0,1.0,67.0,1.6
3.456,"Meat rissoles, Swedish, Coop",,3.5,https://www.matvaretabellen.no/en/meat-rissoles-swedish-coop/,221.0,kcal,915.0,kJ,100.0,0.0,12.0,0.0,0.24,3.56,0.45,1.84,8.41,2.31,0.42,0.0,0.0,0.0,0.08,0.0,0.03,0.0,19.0,3.3,32.0,0.06,3.0,17.4,2.0,1.0,13.0,9.1,4.6,0.45,2.47,140.0,3.0,250.0,11.2,11.0,2.2,5.8,8.0,870.0,3.1,0.0,0.0,0.2,,12.0,13.0,0.9,0.15,0.11,2.5,0.12,8.0,0.0,0.0,1.3,65.0,1.7
3.455,"Meat rissoles, Swedish, Gilde",,3.5,https://www.matvaretabellen.no/en/meat-rissoles-swedish-gilde/,197.0,kcal,816.0,kJ,100.0,0.0,12.0,0.0,0.23,2.83,0.36,1.62,6.82,1.78,0.19,0.0,0.0,0.0,0.05,0.0,0.02,0.0,52.0,3.8,34.0,0.05,3.0,14.4,3.0,0.8,19.0,7.3,5.3,0.2,1.86,160.0,2.1,300.0,11.4,4.0,1.7,4.8,7.0,680.0,3.7,0.0,0.0,0.1,,5.0,6.0,0.9,0.15,0.16,3.2,0.11,5.0,1.0,0.0,1.2,67.0,1.5
3.133,"Meat rissoles, beef, industrially made",,3.5,https://www.matvaretabellen.no/en/meat-rissoles-beef-industrially-made/,177.0,kcal,737.0,kJ,100.0,0.0,12.0,0.01,0.26,2.64,0.38,1.55,5.39,1.0,0.18,0.0,0.01,0.0,0.05,0.0,0.02,0.0,35.0,6.8,36.0,0.05,0.3,11.3,3.0,0.9,16.0,5.5,4.8,0.19,1.08,150.0,1.3,250.0,11.9,5.0,2.1,4.3,8.0,840.0,5.0,0.0,0.0,1.8,,6.0,7.0,0.9,0.17,0.15,2.6,0.1,4.0,1.0,0.0,2.2,70.0,1.8
3.177,"Meat rissoles, canned",,3.5,https://www.matvaretabellen.no/en/meat-rissoles-canned/,110.0,kcal,462.0,kJ,100.0,0.0,2.0,0.01,0.13,1.19,0.17,0.92,1.71,0.13,0.04,0.0,0.0,0.0,0.01,0.0,0.01,0.0,79.0,5.4,26.0,0.05,0.4,5.3,6.0,1.1,14.0,2.1,4.5,0.06,0.14,96.0,0.2,151.0,10.1,3.0,1.8,2.5,5.0,711.0,3.4,0.1,0.1,2.0,0.2,4.0,3.0,0.4,0.03,0.09,1.3,0.06,5.0,0.0,0.1,0.2,79.0,2.5
3.452,"Meat rissoles, meat, Gilde",,3.5,https://www.matvaretabellen.no/en/meat-rissoles-meat-gilde/,156.0,kcal,652.0,kJ,100.0,0.0,12.0,0.01,0.23,2.36,0.33,1.37,4.3,0.79,0.1,0.0,0.01,0.0,0.05,0.0,0.02,0.0,43.0,7.1,37.0,0.05,0.6,9.0,3.0,0.9,17.0,4.7,5.1,0.11,0.87,160.0,1.0,270.0,11.4,5.0,1.7,4.1,7.0,680.0,4.7,0.0,0.0,2.4,,6.0,7.0,1.0,0.18,0.17,3.0,0.13,3.0,1.0,0.0,2.1,72.0,1.8
3.453,"Meat rissoles, meat, Nordfjord",,3.5,https://www.matvaretabellen.no/en/meat-rissoles-meat-nordfjord/,198.0,kcal,826.0,kJ,100.0,0.0,12.0,0.0,0.29,2.92,0.44,1.73,6.47,1.22,0.26,0.0,0.0,0.0,0.05,0.0,0.02,0.0,27.0,6.4,35.0,0.06,0.6,13.6,2.0,1.0,15.0,7.0,4.5,0.28,1.29,140.0,1.6,230.0,12.3,5.0,2.5,5.1,8.0,1000.0,5.3,0.0,0.0,1.1,,6.0,7.0,0.9,0.16,0.12,2.2,0.08,5.0,1.0,0.0,2.2,67.0,1.8
3.181,"Meat rissoles, reindeer, canned",,3.5,https://www.matvaretabellen.no/en/meat-rissoles-reindeer-canned/,128.0,kcal,537.0,kJ,100.0,0.0,1.0,0.0,0.11,1.25,0.16,0.9,2.03,0.37,0.05,0.0,0.01,0.0,0.05,0.01,0.02,0.0,38.0,4.9,33.0,0.11,0.1,5.8,7.0,1.9,15.0,2.5,7.1,0.09,0.43,121.0,0.4,166.0,14.0,3.0,2.8,2.5,9.0,1139.0,3.8,0.0,0.0,1.1,0.1,3.0,3.0,1.1,0.05,0.14,2.2,0.08,3.0,4.0,0.1,0.3,75.0,3.4
3.319,"Meat rissoles, turkey and chicken",,3.5,https://www.matvaretabellen.no/en/meat-rissoles-turkey-and-chicken/,176.0,kcal,735.0,kJ,100.0,0.0,29.0,0.0,0.11,2.25,0.45,0.83,5.57,2.36,0.3,0.0,0.0,0.0,0.06,0.0,0.01,0.0,58.0,4.5,53.0,0.05,0.6,11.8,2.0,0.8,21.0,6.1,6.5,0.31,2.45,185.0,2.8,605.0,12.8,15.0,2.0,3.3,8.0,780.0,3.4,0.0,0.0,1.1,,17.0,19.0,1.0,0.08,0.14,4.2,0.15,11.0,2.0,0.0,1.3,70.0,1.3
3.459,"Meat rissoles, turkey and chicken, Prior",,3.5,https://www.matvaretabellen.no/en/meat-rissoles-turkey-and-chicken-prior/,141.0,kcal,591.0,kJ,100.0,0.0,29.0,0.0,0.06,1.29,0.26,0.51,3.41,1.57,0.15,0.0,0.01,0.0,0.06,0.0,0.01,0.01,81.0,4.5,50.0,0.07,0.6,7.4,5.0,0.8,25.0,3.7,6.3,0.16,1.65,230.0,1.8,980.0,13.9,5.0,1.8,1.9,10.0,720.0,3.4,0.4,0.4,1.1,,7.0,9.0,1.7,0.09,0.2,3.8,0.14,12.0,3.0,0.0,1.3,74.0,1.7
3.129,"Meat, minced beef, salt, water or milk, spices and starch added",,3.8,https://www.matvaretabellen.no/en/meat-minced-beef-salt-water-or-milk-spices-and-starch-added/,157.0,kcal,655.0,kJ,100.0,0.0,2.0,0.01,0.25,2.28,0.31,1.72,3.27,0.23,0.08,0.0,0.01,0.0,0.02,0.0,0.01,0.0,68.0,4.8,31.0,0.05,0.3,9.9,5.0,1.2,16.0,3.9,4.9,0.11,0.25,121.0,0.4,229.0,12.1,6.0,1.5,4.7,5.0,589.0,2.9,0.2,0.2,1.9,0.3,6.0,6.0,0.6,0.03,0.1,2.6,0.12,6.0,0.0,0.2,0.3,73.0,2.8
6.6,"Melon, cantaloupe, raw",Cucumis melo L.,13.2,https://www.matvaretabellen.no/en/melon-cantaloupe-raw/,38.0,kcal,163.0,kJ,51.0,0.0,2000.0,0.0,0.0,0.04,0.0,0.01,0.0,0.04,0.05,0.0,0.0,0.0,0.0,0.0,0.0,0.0,9.0,7.9,0.0,0.04,0.9,0.2,4.0,0.2,12.0,0.0,0.8,0.05,0.04,15.0,0.1,267.0,0.8,0.0,0.0,0.1,0.0,16.0,0.0,0.0,0.0,7.9,0.0,167.0,333.0,0.0,0.04,0.02,0.7,0.07,21.0,37.0,0.0,0.1,90.0,0.2
6.77,"Melon, galia, raw",Cucumis melo L. var reticulatus Ser.,13.2,https://www.matvaretabellen.no/en/melon-galia-raw/,32.0,kcal,137.0,kJ,65.0,0.0,17.0,0.0,0.0,0.03,0.0,0.0,0.0,0.03,0.03,0.0,0.0,0.0,0.0,0.0,0.0,0.0,14.0,6.9,0.0,0.03,1.0,0.0,0.0,0.2,14.0,0.0,0.5,0.03,0.03,11.0,0.0,274.0,0.5,0.0,0.0,0.0,0.0,20.0,0.0,0.0,0.0,6.9,0.0,1.0,2.0,0.0,0.03,0.01,0.4,0.05,25.0,16.0,0.0,0.0,91.0,0.1
6.61,"Melon, honeydew, raw",Cucumis melo L. ssp. melo var. inodorus H. Jacq.,13.2,https://www.matvaretabellen.no/en/melon-honeydew-raw/,31.0,kcal,131.0,kJ,46.0,0.0,11.0,0.0,0.0,0.03,0.0,0.0,0.0,0.03,0.03,0.0,0.0,0.0,0.0,0.0,0.0,0.0,7.0,7.0,0.0,0.02,0.7,0.1,3.0,0.1,10.0,0.0,0.2,0.03,0.03,12.0,0.1,235.0,0.2,0.0,0.1,0.0,0.0,24.0,0.0,0.0,0.0,7.0,0.0,1.0,1.0,0.0,0.01,0.01,0.2,0.04,19.0,14.0,0.0,0.0,92.0,0.1
6.543,"Melon, water, raw",Citrullus lanatus (Thunb.) Matsum. & Nakai,13.2,https://www.matvaretabellen.no/en/melon-water-raw/,36.0,kcal,151.0,kJ,46.0,0.0,116.0,0.0,0.0,0.01,0.0,0.0,0.03,0.04,0.0,0.0,0.0,0.0,0.0,0.0,0.0,0.0,7.0,7.6,0.0,0.03,0.5,0.1,0.1,0.3,8.0,0.0,0.2,0.0,0.04,9.0,0.0,100.0,0.8,0.0,0.0,0.0,0.0,2.0,0.0,0.0,0.0,7.6,0.0,10.0,19.0,0.0,0.05,0.01,0.1,0.14,2.0,8.0,0.0,0.1,91.0,0.2
5.139,Meringue,,5.8,https://www.matvaretabellen.no/en/meringue/,388.0,kcal,1649.918974071703,kJ,100.0,0.0,0.0,0.0,0.0,0.0,0.0,0.0,0.0,0.0,0.0,0.0,0.0,0.0,0.0,0.0,0.0,0.0,3.0,92.4,0.0,0.02,0.0,0.0,1.0,0.0,6.0,0.0,1.2,0.0,0.0,8.0,0.0,75.0,4.6,0.0,0.2,0.0,3.0,87.0,0.0,92.2,92.2,92.4,0.0,0.0,0.0,0.0,0.0,0.12,0.0,0.0,0.0,0.0,0.0,0.0,3.0,0.0
1.008,"Milk beverage, chocolate flavour",,1.1,https://www.matvaretabellen.no/en/milk-beverage-chocolate-flavour/,62.0,kcal,261.0,kJ,100.0,0.0,7.0,0.04,0.12,0.35,0.03,0.13,0.25,0.02,0.0,0.0,0.0,0.0,0.0,0.0,0.0,0.0,125.0,8.5,3.0,0.01,0.3,1.2,15.0,0.4,16.0,0.3,1.0,0.0,0.0,115.0,0.0,162.0,4.0,14.0,0.1,0.8,2.0,40.0,0.1,4.1,4.1,8.4,0.0,15.0,15.0,0.5,0.05,0.15,0.1,0.04,5.0,0.0,0.0,0.0,86.0,0.5
1.28,"Milk beverage, chocolate flavour, no added sugar, Litago Uten",,1.1,https://www.matvaretabellen.no/en/milk-beverage-chocolate-flavour-no-added-sugar-litago-uten/,50.0,kcal,209.0,kJ,100.0,0.0,7.0,0.04,0.13,0.37,0.03,0.14,0.27,0.02,0.01,0.0,0.0,0.0,0.0,0.0,0.0,0.0,118.0,4.6,3.0,0.0,2.0,1.3,16.0,0.6,18.0,0.3,1.0,0.01,0.01,121.0,0.0,213.0,4.0,15.0,0.1,0.8,2.0,40.0,0.1,0.0,0.0,4.5,0.0,16.0,16.0,0.5,0.05,0.15,0.1,0.04,5.0,0.0,0.0,0.0,88.0,0.5
1.127,"Milk beverage, with chocolate flavour, Litago",,1.1,https://www.matvaretabellen.no/en/milk-beverage-with-chocolate-flavour-litago/,48.0,kcal,201.0,kJ,100.0,0.0,7.0,0.02,0.08,0.23,0.02,0.08,0.16,0.01,0.0,0.0,0.0,0.0,0.0,0.0,0.0,0.0,128.0,5.9,2.0,0.01,0.4,0.8,16.0,0.6,18.0,0.2,1.0,0.0,0.0,120.0,0.0,213.0,4.0,7.0,0.1,0.5,2.0,40.0,0.1,2.9,2.9,5.8,0.0,8.0,8.0,0.6,0.05,0.15,0.1,0.04,5.0,0.0,0.4,0.0,89.0,0.5
9.008,"Milk spread, sugar added, Hapå",,7.4,https://www.matvaretabellen.no/en/milk-spread-sugar-added-hapa/,300.0,kcal,1267.6039142590869,kJ,100.0,0.0,38.0,0.16,0.52,1.34,0.07,0.51,0.93,0.07,0.0,0.0,0.0,0.0,0.0,0.0,0.0,0.0,280.0,56.5,20.0,0.04,0.0,4.9,11.0,0.0,27.0,1.1,1.8,0.01,0.08,236.0,0.1,354.0,7.5,59.0,0.5,3.2,6.0,194.0,0.0,46.6,46.6,56.5,0.0,62.0,65.0,1.2,0.08,0.29,0.02,0.08,3.0,0.0,0.0,0.0,31.0,0.8
10.147,"Milk, condensed, sweetened",,10.7,https://www.matvaretabellen.no/en/milk-condensed-sweetened/,328.0,kcal,1382.87,kJ,100.0,0.0,14.0,0.18,0.78,2.4,0.14,1.21,2.19,0.22,0.12,0.0,0.0,0.0,0.0,0.0,0.0,0.0,284.0,54.5,34.0,0.02,0.0,8.7,25.0,0.2,26.0,2.4,1.5,0.12,0.22,253.0,0.3,371.0,7.9,73.0,0.3,5.5,15.0,127.0,0.0,49.6,49.6,54.5,,74.0,75.0,0.4,0.09,0.42,0.2,0.05,11.0,3.0,0.2,0.2,29.0,0.9
1.17,"Milk, cultured, Biola",,1.1,https://www.matvaretabellen.no/en/milk-cultured-biola/,40.0,kcal,170.0,kJ,100.0,0.0,6.0,0.03,0.1,0.28,0.02,0.1,0.2,0.01,0.0,0.0,0.0,0.0,0.0,0.0,0.0,0.0,115.0,4.8,2.0,0.0,0.0,1.0,16.0,0.1,13.0,0.2,0.8,0.0,0.0,97.0,0.0,170.0,3.0,15.0,0.1,0.6,2.0,40.0,0.0,0.0,0.0,4.8,0.0,15.0,16.0,0.5,0.05,0.15,0.1,0.04,5.0,0.0,0.9,0.0,91.0,0.5
1.303,"Milk, cultured, Kefir, with flavour, Q-meieriene",,1.1,https://www.matvaretabellen.no/en/milk-cultured-kefir-with-flavour-q-meieriene/,60.0,kcal,254.0,kJ,100.0,0.0,2.0,0.07,0.19,0.54,0.03,0.21,0.39,0.03,0.01,0.0,0.0,0.0,0.0,0.0,0.0,0.0,110.0,7.9,3.0,0.01,0.0,1.8,14.0,0.0,8.0,0.5,0.8,0.01,0.04,95.0,0.1,162.0,3.1,3.0,0.1,1.3,1.0,40.0,0.0,2.9,3.6,7.9,0.0,3.0,3.0,0.5,0.03,0.13,0.1,0.04,3.0,0.0,1.0,0.0,87.0,0.3
1.237,"Milk, cultured, semi-skimmed, 0,1 % fat, blueberry and raspberry, BioQ",,1.1,https://www.matvaretabellen.no/en/milk-cultured-semi-skimmed-0-1-fat-blueberry-and-raspberry-bioq/,56.0,kcal,239.0,kJ,100.0,0.0,17.0,0.0,0.01,0.03,0.0,0.01,0.02,0.0,0.0,0.0,0.0,0.0,0.0,0.0,0.0,0.0,96.0,10.3,0.0,0.0,1.0,0.1,13.0,0.0,11.0,0.0,0.8,0.0,0.0,80.0,0.0,154.0,2.9,2.0,0.2,0.1,1.0,90.0,0.0,3.8,4.7,10.3,0.0,3.0,4.0,0.2,0.06,0.13,0.1,0.04,7.0,1.0,0.0,0.0,85.0,0.3
1.085,"Milk, cultured, skimmed, Skummet kulturmelk",,1.1,https://www.matvaretabellen.no/en/milk-cultured-skimmed-skummet-kulturmelk/,33.0,kcal,139.0,kJ,100.0,0.0,2.0,0.01,0.04,0.11,0.01,0.04,0.08,0.01,0.0,0.0,0.0,0.0,0.0,0.0,0.0,0.0,115.0,4.1,1.0,0.0,0.0,0.4,16.0,0.0,10.0,0.1,0.7,0.0,0.0,100.0,0.0,171.0,3.2,4.0,0.1,0.3,1.0,40.0,0.0,0.0,0.0,4.1,0.0,4.0,4.0,0.5,0.04,0.15,0.0,0.04,0.0,0.0,0.0,0.0,92.0,0.4
1.171,"Milk, cultured, skimmed, blueberry, Biola",,1.1,https://www.matvaretabellen.no/en/milk-cultured-skimmed-blueberry-biola/,49.0,kcal,209.0,kJ,100.0,0.0,1.0,0.0,0.01,0.03,0.0,0.01,0.01,0.0,0.0,0.0,0.0,0.0,0.0,0.0,0.0,0.0,116.0,9.1,0.0,0.01,0.0,0.1,16.0,0.1,11.0,0.0,0.8,0.0,0.0,78.0,0.0,155.0,3.0,1.0,0.1,0.0,2.0,40.0,0.0,4.8,5.8,9.1,0.0,1.0,1.0,0.4,0.04,0.13,0.1,0.03,4.0,1.0,0.8,0.0,88.0,0.4
1.214,"Milk, cultured, skimmed, raspberry, Biola",,1.1,https://www.matvaretabellen.no/en/milk-cultured-skimmed-raspberry-biola/,51.0,kcal,215.0,kJ,100.0,0.0,1.0,0.0,0.01,0.03,0.0,0.01,0.02,0.0,0.0,0.0,0.0,0.0,0.0,0.0,0.0,0.0,100.0,9.4,0.0,0.01,0.0,0.1,12.0,0.1,12.0,0.0,0.8,0.0,0.0,80.0,0.0,160.0,3.0,0.0,0.1,0.1,2.0,40.0,0.2,4.6,4.6,9.2,0.0,0.0,0.0,0.4,0.04,0.13,0.1,0.04,4.0,1.0,0.8,0.0,88.0,0.4
1.213,"Milk, cultured, skimmed, strawberry, Biola",,1.1,https://www.matvaretabellen.no/en/milk-cultured-skimmed-strawberry-biola/,52.0,kcal,220.0,kJ,100.0,0.0,1.0,0.0,0.01,0.03,0.0,0.01,0.02,0.0,0.0,0.0,0.0,0.0,0.0,0.0,0.0,0.0,100.0,9.7,0.0,0.01,0.1,0.1,12.0,0.1,12.0,0.0,0.8,0.0,0.0,80.0,0.0,160.0,3.0,0.0,0.1,0.1,2.0,40.0,0.3,4.8,4.8,9.4,0.0,0.0,0.0,0.4,0.04,0.13,0.1,0.04,4.0,1.0,0.8,0.0,87.0,0.4
1.084,"Milk, cultured, whole, Kefir, Tine",,1.1,https://www.matvaretabellen.no/en/milk-cultured-whole-kefir-tine/,55.0,kcal,230.0,kJ,100.0,0.0,16.0,0.11,0.34,0.86,0.07,0.28,0.52,0.05,0.01,0.0,0.0,0.0,0.0,0.0,0.0,0.0,120.0,4.0,8.0,0.0,0.0,3.0,16.0,0.1,12.0,0.6,0.8,0.02,0.02,100.0,0.1,171.0,3.0,12.0,0.1,2.0,3.0,40.0,0.0,0.0,0.0,4.0,0.1,13.0,14.0,0.3,0.0,0.15,0.1,0.04,11.0,0.0,0.0,0.1,90.0,0.4
1.083,"Milk, cultured, whole, Kulturmelk",,1.1,https://www.matvaretabellen.no/en/milk-cultured-whole-kulturmelk/,53.0,kcal,222.0,kJ,100.0,0.0,18.0,0.08,0.26,0.74,0.06,0.27,0.53,0.04,0.01,0.0,0.0,0.0,0.0,0.0,0.0,0.0,120.0,4.4,6.0,0.0,0.0,2.6,16.0,0.1,12.0,0.6,0.8,0.01,0.01,87.0,0.1,174.0,3.0,35.0,0.1,1.6,2.0,40.0,0.0,0.0,0.0,4.4,0.1,36.0,38.0,0.5,0.05,0.15,0.1,0.04,5.0,0.0,0.0,0.1,90.0,0.5
1.109,"Milk, for coffee, 3,5 % fat",,1.1,https://www.matvaretabellen.no/en/milk-for-coffee-3-5-fat/,61.0,kcal,255.0,kJ,100.0,0.0,21.0,0.11,0.35,0.99,0.08,0.36,0.71,0.05,0.01,0.0,0.0,0.0,0.0,0.0,0.0,0.0,115.0,4.4,9.0,0.01,0.0,3.5,16.0,0.0,10.0,0.8,0.8,0.01,0.01,90.0,0.1,150.0,3.0,40.0,0.1,2.2,1.0,40.0,0.0,0.0,0.0,4.4,0.1,42.0,43.0,0.5,0.05,0.15,0.1,0.04,4.0,0.0,0.0,0.1,89.0,0.4
1.013,"Milk, goat, UHT-treated",Capra aegagrus hircus,1.1,https://www.matvaretabellen.no/en/milk-goat-uht-treated/,69.0,kcal,286.0,kJ,100.0,0.0,3.0,0.14,0.38,1.32,0.08,0.57,0.96,0.08,0.02,0.0,0.0,0.0,0.0,0.0,0.0,0.0,103.0,4.0,13.0,0.13,0.0,4.5,66.0,0.1,13.0,1.1,1.1,0.02,0.1,94.0,0.1,165.0,3.0,18.0,0.0,2.9,2.0,3.0,0.0,0.0,0.0,4.0,0.1,18.0,18.0,0.0,0.02,0.2,0.4,0.06,0.0,0.0,0.0,0.1,89.0,0.3
1.231,"Milk, semi-skimmed, 0,5 % fat, unspecified",,1.1,https://www.matvaretabellen.no/en/milk-semi-skimmed-0-5-fat-unspecified/,37.0,kcal,156.0,kJ,100.0,0.0,2.0,0.02,0.05,0.13,0.01,0.05,0.09,0.01,0.0,0.0,0.0,0.0,0.0,0.0,0.0,0.0,133.0,4.5,1.0,0.01,0.0,0.5,16.0,0.0,11.0,0.1,0.9,0.0,0.0,112.0,0.0,174.0,3.6,2.0,0.1,0.3,1.0,41.0,0.0,0.0,0.0,4.5,0.0,2.0,2.0,0.6,0.05,0.15,0.1,0.04,4.0,0.0,0.7,0.0,91.0,0.4
1.23,"Milk, semi-skimmed, 0,5 % fat, vitamin D, Q-meieriene",,1.1,https://www.matvaretabellen.no/en/milk-semi-skimmed-0-5-fat-vitamin-d-q-meieriene/,37.0,kcal,158.0,kJ,100.0,0.0,6.0,0.01,0.04,0.12,0.0,0.04,0.08,0.01,0.0,0.0,0.0,0.0,0.0,0.0,0.0,0.0,140.0,4.5,1.0,0.01,0.0,0.5,16.0,0.0,13.0,0.1,1.0,0.0,0.01,105.0,0.0,180.0,3.7,6.0,0.1,0.3,1.0,40.0,0.0,0.0,0.0,4.5,0.0,7.0,7.0,0.5,0.05,0.14,0.1,0.04,5.0,0.0,0.4,0.0,91.0,0.4
1.192,"Milk, semi-skimmed, 0,5 % fat, vitamin D, Tine",,1.1,https://www.matvaretabellen.no/en/milk-semi-skimmed-0-5-fat-vitamin-d-tine/,37.0,kcal,155.0,kJ,100.0,0.0,0.0,0.02,0.05,0.14,0.01,0.05,0.1,0.01,0.0,0.0,0.0,0.0,0.0,0.0,0.0,0.0,130.0,4.5,1.0,0.01,0.0,0.5,16.0,0.0,10.0,0.1,0.9,0.0,0.0,115.0,0.0,171.0,3.5,0.0,0.1,0.3,1.0,42.0,0.0,0.0,0.0,4.5,0.0,0.0,0.0,0.6,0.05,0.15,0.1,0.04,4.0,0.0,0.8,0.0,92.0,0.4
1.274,"Milk, semi-skimmed, 0,5 % fat, vitamin D, lactose free",,1.1,https://www.matvaretabellen.no/en/milk-semi-skimmed-0-5-fat-vitamin-d-lactose-free/,33.0,kcal,139.0,kJ,100.0,0.0,3.0,0.02,0.05,0.14,0.01,0.05,0.1,0.01,0.0,0.0,0.0,0.0,0.0,0.0,0.0,0.0,130.0,3.1,1.0,0.0,0.0,0.5,17.0,0.0,9.0,0.1,1.0,0.0,0.0,96.0,0.0,160.0,4.0,9.0,0.1,0.3,2.0,30.0,0.0,0.0,0.0,3.1,0.0,9.0,9.0,0.5,0.01,0.06,0.1,0.03,5.0,0.0,0.4,0.0,92.0,0.3
1.285,"Milk, semi-skimmed, 0,7 % fat, organic",,1.1,https://www.matvaretabellen.no/en/milk-semi-skimmed-0-7-fat-organic/,37.0,kcal,157.0,kJ,100.0,0.0,0.0,0.03,0.08,0.2,0.02,0.07,0.12,0.01,0.0,0.0,0.0,0.0,0.0,0.0,0.0,0.0,120.0,4.7,2.0,0.0,0.0,0.7,20.0,0.0,0.0,0.1,0.7,0.0,0.0,100.0,0.0,170.0,3.0,0.0,0.1,0.5,0.0,40.0,0.0,0.0,0.0,4.7,0.0,0.0,0.0,0.4,0.0,0.15,0.0,0.0,0.0,0.0,0.0,0.0,92.0,0.0
1.229,"Milk, semi-skimmed, 1 % fat, unspecified",,1.1,https://www.matvaretabellen.no/en/milk-semi-skimmed-1-fat-unspecified/,41.0,kcal,174.0,kJ,100.0,0.0,1.0,0.03,0.1,0.27,0.02,0.1,0.19,0.01,0.0,0.0,0.0,0.0,0.0,0.0,0.0,0.0,132.0,4.5,2.0,0.0,0.0,1.0,16.0,0.0,3.0,0.2,0.8,0.0,0.0,113.0,0.0,173.0,3.5,3.0,0.1,0.6,1.0,40.0,0.0,0.0,0.0,4.5,0.0,3.0,3.0,0.6,0.01,0.15,0.02,0.01,2.0,0.0,0.0,0.0,91.0,0.1
1.228,"Milk, semi-skimmed, 1,0 % fat, Q-meieriene",,1.1,https://www.matvaretabellen.no/en/milk-semi-skimmed-1-0-fat-q-meieriene/,42.0,kcal,176.0,kJ,100.0,0.0,7.0,0.03,0.08,0.23,0.01,0.09,0.17,0.01,0.0,0.0,0.0,0.0,0.0,0.0,0.0,0.0,140.0,4.5,3.0,0.0,0.0,1.0,16.0,0.0,13.0,0.2,1.0,0.0,0.02,105.0,0.0,180.0,3.7,14.0,0.1,0.7,3.0,40.0,0.0,0.0,0.0,4.5,0.0,15.0,15.0,0.5,0.05,0.14,0.1,0.04,11.0,0.0,0.0,0.0,91.0,0.6
1.002,"Milk, semi-skimmed, 1,0 % fat, Tine",,1.1,https://www.matvaretabellen.no/en/milk-semi-skimmed-1-0-fat-tine/,41.0,kcal,173.0,kJ,100.0,0.0,0.0,0.03,0.1,0.28,0.02,0.1,0.2,0.01,0.0,0.0,0.0,0.0,0.0,0.0,0.0,0.0,130.0,4.5,2.0,0.0,0.0,1.0,16.0,0.0,0.0,0.2,0.8,0.0,0.0,115.0,0.0,171.0,3.5,0.0,0.1,0.6,0.0,40.0,0.0,0.0,0.0,4.5,0.0,0.0,0.0,0.6,0.0,0.15,0.0,0.0,0.0,0.0,0.0,0.0,91.0,0.0
1.215,"Milk, semi-skimmed, 1,0 % fat, lactose free",,1.1,https://www.matvaretabellen.no/en/milk-semi-skimmed-1-0-fat-lactose-free/,37.0,kcal,158.0,kJ,100.0,0.0,6.0,0.03,0.1,0.28,0.02,0.1,0.2,0.01,0.0,0.0,0.0,0.0,0.0,0.0,0.0,0.0,120.0,3.1,2.0,0.0,0.0,1.0,17.0,0.0,9.0,0.2,1.0,0.0,0.0,92.0,0.0,150.0,4.0,16.0,0.1,0.6,2.0,30.0,0.0,0.0,0.0,3.1,0.0,16.0,17.0,0.5,0.02,0.06,0.1,0.03,5.0,0.0,0.0,0.0,92.0,0.3
1.118,"Milk, semi-skimmed, 1,0 % fat, lactose reduced",,1.1,https://www.matvaretabellen.no/en/milk-semi-skimmed-1-0-fat-lactose-reduced/,43.0,kcal,182.0,kJ,100.0,0.0,6.0,0.03,0.1,0.28,0.02,0.1,0.2,0.01,0.0,0.0,0.0,0.0,0.0,0.0,0.0,0.0,130.0,4.5,2.0,0.01,0.0,1.0,16.0,0.0,10.0,0.2,1.0,0.0,0.0,115.0,0.0,171.0,4.0,15.0,0.1,0.6,1.0,40.0,0.0,0.0,0.0,4.5,0.0,15.0,16.0,0.5,0.05,0.15,0.1,0.04,5.0,0.0,0.4,0.0,91.0,0.4
1.119,"Milk, semi-skimmed, 1,2 % fat, UHT-treated",,1.1,https://www.matvaretabellen.no/en/milk-semi-skimmed-1-2-fat-uht-treated/,45.0,kcal,189.0,kJ,100.0,0.0,7.0,0.04,0.12,0.34,0.03,0.12,0.24,0.02,0.0,0.0,0.0,0.0,0.0,0.0,0.0,0.0,130.0,4.5,3.0,0.01,0.0,1.2,16.0,0.0,10.0,0.3,1.0,0.0,0.0,115.0,0.0,171.0,4.0,15.0,0.1,0.8,1.0,40.0,0.0,0.0,0.0,4.5,0.0,16.0,16.0,0.5,0.05,0.15,0.1,0.04,5.0,0.0,0.0,0.0,90.0,0.4
1.268,"Milk, semi-skimmed, 1,2 % fat, organic",,1.1,https://www.matvaretabellen.no/en/milk-semi-skimmed-1-2-fat-organic/,42.0,kcal,175.0,kJ,100.0,0.0,0.0,0.04,0.14,0.35,0.03,0.11,0.21,0.02,0.01,0.0,0.0,0.0,0.0,0.0,0.0,0.0,120.0,4.7,3.0,0.0,0.0,1.2,20.0,0.0,0.0,0.3,0.7,0.01,0.01,100.0,0.0,170.0,3.0,0.0,0.1,0.8,0.0,40.0,0.0,0.0,0.0,4.7,0.0,0.0,0.0,0.4,0.0,0.15,0.0,0.0,0.0,0.0,0.0,0.0,91.0,0.0
1.278,"Milk, semi-skimmed, beetroot/apple/lime, Biola",,1.1,https://www.matvaretabellen.no/en/milk-semi-skimmed-beetroot-apple-lime-biola/,46.0,kcal,196.0,kJ,100.0,0.0,5.0,0.03,0.09,0.25,0.02,0.09,0.18,0.01,0.0,0.0,0.0,0.0,0.0,0.0,0.0,0.0,100.0,6.5,2.0,0.0,0.1,0.9,12.0,0.1,12.0,0.2,0.8,0.0,0.0,80.0,0.0,160.0,3.0,14.0,0.1,0.6,2.0,40.0,0.1,1.4,1.6,6.4,0.0,14.0,14.0,0.5,0.05,0.14,0.1,0.04,5.0,0.0,0.8,0.0,90.0,0.4
1.227,"Milk, semi-skimmed, chocolate flavour, vitamin D",,1.1,https://www.matvaretabellen.no/en/milk-semi-skimmed-chocolate-flavour-vitamin-d/,48.0,kcal,201.0,kJ,100.0,0.0,5.0,0.03,0.11,0.31,0.03,0.11,0.22,0.02,0.0,0.0,0.0,0.0,0.0,0.0,0.0,0.0,117.0,5.3,3.0,0.0,0.3,1.1,16.0,0.3,16.0,0.3,1.0,0.0,0.0,116.0,0.0,193.0,4.0,13.0,0.1,0.7,2.0,40.0,0.9,0.0,0.0,4.4,0.0,13.0,13.0,0.5,0.05,0.15,0.1,0.04,5.0,0.0,0.4,0.0,89.0,0.5
1.277,"Milk, semi-skimmed, cultured, lactose free, Biola",,1.1,https://www.matvaretabellen.no/en/milk-semi-skimmed-cultured-lactose-free-biola/,51.0,kcal,215.0,kJ,100.0,0.0,1.0,0.0,0.01,0.03,0.0,0.01,0.01,0.0,0.0,0.0,0.0,0.0,0.0,0.0,0.0,0.0,116.0,9.4,0.0,0.01,0.1,0.1,16.0,0.1,11.0,0.0,0.8,0.0,0.0,78.0,0.0,155.0,3.0,1.0,0.1,0.0,2.0,40.0,0.3,5.3,5.3,9.1,0.0,1.0,1.0,0.4,0.04,0.13,0.1,0.03,4.0,1.0,0.8,0.0,87.0,0.4
1.292,"Milk, semi-skimmed, unspecified",,1.1,https://www.matvaretabellen.no/en/milk-semi-skimmed-unspecified/,39.0,kcal,166.0,kJ,100.0,0.0,2.0,0.02,0.07,0.21,0.01,0.07,0.15,0.01,0.0,0.0,0.0,0.0,0.0,0.0,0.0,0.0,133.0,4.5,2.0,0.0,0.0,0.8,16.0,0.0,6.0,0.2,0.9,0.0,0.0,112.0,0.0,173.0,3.6,2.0,0.1,0.5,1.0,41.0,0.0,0.0,0.0,4.5,0.0,3.0,2.0,0.6,0.03,0.15,0.06,0.02,3.0,0.0,0.3,0.0,91.0,0.2
1.289,"Milk, skimmed, Styrk",,1.1,https://www.matvaretabellen.no/en/milk-skimmed-styrk/,39.0,kcal,167.0,kJ,100.0,0.0,1.0,0.0,0.01,0.03,0.0,0.01,0.02,0.0,0.0,0.0,0.0,0.0,0.0,0.0,0.0,0.0,200.0,4.6,0.0,0.01,0.0,0.1,21.0,0.0,16.0,0.0,1.3,0.0,0.0,150.0,0.0,190.0,5.0,1.0,0.1,0.1,3.0,40.0,0.0,0.0,0.0,4.6,0.0,1.0,1.0,0.8,0.02,0.2,0.1,0.04,8.0,0.0,0.8,0.0,90.0,0.6
1.003,"Milk, skimmed, Tine",,1.1,https://www.matvaretabellen.no/en/milk-skimmed-tine/,33.0,kcal,140.0,kJ,100.0,0.0,1.0,0.0,0.01,0.03,0.0,0.01,0.02,0.0,0.0,0.0,0.0,0.0,0.0,0.0,0.0,0.0,130.0,4.5,0.0,0.01,0.0,0.1,16.0,0.0,10.0,0.0,0.9,0.0,0.0,115.0,0.0,171.0,3.5,1.0,0.1,0.1,1.0,40.0,0.0,0.0,0.0,4.5,0.0,1.0,1.0,0.6,0.05,0.15,0.1,0.04,4.0,0.0,0.0,0.0,92.0,0.4
1.291,"Milk, unspecified",,1.1,https://www.matvaretabellen.no/en/milk-unspecified/,43.0,kcal,181.0,kJ,100.0,0.0,2.0,0.04,0.12,0.34,0.02,0.12,0.24,0.02,0.0,0.0,0.0,0.0,0.0,0.0,0.0,0.0,132.0,4.5,3.0,0.01,0.0,1.2,16.0,0.0,8.0,0.3,0.9,0.0,0.01,113.0,0.0,173.0,3.5,3.0,0.1,0.8,1.0,40.0,0.0,0.0,0.0,4.5,0.0,3.0,3.0,0.6,0.03,0.15,0.05,0.02,3.0,0.0,0.2,0.0,91.0,0.3
1.001,"Milk, whole, 3,5 % fat, Tine",,1.1,https://www.matvaretabellen.no/en/milk-whole-3-5-fat-tine/,63.0,kcal,264.0,kJ,100.0,0.0,0.0,0.11,0.35,0.99,0.08,0.36,0.71,0.05,0.01,0.0,0.0,0.0,0.0,0.0,0.0,0.0,130.0,4.5,9.0,0.02,0.0,3.5,16.0,0.0,11.0,0.8,0.8,0.01,0.01,115.0,0.1,171.0,3.4,0.0,0.1,2.2,1.0,40.0,0.0,0.0,0.0,4.5,0.1,0.0,0.0,0.6,0.0,0.15,0.0,0.0,0.0,0.0,0.0,0.0,89.0,0.4
1.272,"Milk, whole, 3,5 % fat, lactose free",,1.1,https://www.matvaretabellen.no/en/milk-whole-3-5-fat-lactose-free/,60.0,kcal,249.0,kJ,100.0,0.0,21.0,0.11,0.35,0.99,0.08,0.36,0.71,0.05,0.01,0.0,0.0,0.0,0.0,0.0,0.0,0.0,120.0,3.0,9.0,0.0,0.0,3.5,14.0,0.0,8.0,0.8,1.0,0.01,0.01,91.0,0.1,160.0,4.0,48.0,0.1,2.2,2.0,30.0,0.0,0.0,0.0,3.0,0.1,50.0,51.0,0.5,0.02,0.06,0.1,0.03,5.0,0.0,0.0,0.1,90.0,0.3
1.235,"Milk, whole, 4 % fat, Q-meieriene",,1.1,https://www.matvaretabellen.no/en/milk-whole-4-fat-q-meieriene/,67.0,kcal,280.0,kJ,100.0,0.0,25.0,0.14,0.42,1.16,0.06,0.45,0.84,0.06,0.02,0.0,0.0,0.0,0.0,0.0,0.0,0.0,140.0,4.5,10.0,0.02,0.0,3.9,16.0,0.0,13.0,1.0,0.9,0.02,0.08,105.0,0.2,180.0,3.5,36.0,0.1,2.6,0.0,40.0,0.0,0.0,0.0,4.5,0.1,38.0,40.0,0.5,0.05,0.14,0.1,0.04,11.0,0.0,0.0,0.1,88.0,0.6
1.283,"Milk, whole, 4,1 % fat, organic",,1.1,https://www.matvaretabellen.no/en/milk-whole-4-1-fat-organic/,67.0,kcal,279.0,kJ,100.0,0.0,0.0,0.15,0.47,1.18,0.09,0.38,0.71,0.07,0.02,0.0,0.0,0.0,0.0,0.0,0.0,0.0,120.0,4.5,11.0,0.0,0.0,4.1,20.0,0.0,0.0,0.9,0.7,0.02,0.02,100.0,0.1,170.0,3.0,0.0,0.1,2.7,0.0,35.0,0.0,0.0,0.0,4.5,0.1,0.0,0.0,0.4,0.0,0.15,0.0,0.0,0.0,0.0,0.0,0.0,88.0,0.0
1.236,"Milk, whole, unspecified",,1.1,https://www.matvaretabellen.no/en/milk-whole-unspecified/,64.0,kcal,267.0,kJ,100.0,0.0,5.0,0.12,0.36,1.02,0.08,0.38,0.74,0.05,0.01,0.0,0.0,0.0,0.0,0.0,0.0,0.0,132.0,4.5,9.0,0.02,0.0,3.6,16.0,0.0,11.0,0.8,0.8,0.01,0.02,113.0,0.1,173.0,3.4,7.0,0.1,2.3,1.0,40.0,0.0,0.0,0.0,4.5,0.1,8.0,7.0,0.6,0.01,0.15,0.02,0.01,2.0,0.0,0.0,0.0,89.0,0.4
1.079,"Milkshake, chocolate flavour",,1.1,https://www.matvaretabellen.no/en/milkshake-chocolate-flavour/,74.0,kcal,314.0,kJ,100.0,0.0,9.0,0.05,0.15,0.42,0.03,0.16,0.31,0.02,0.01,0.0,0.0,0.0,0.0,0.0,0.0,0.0,134.0,11.1,4.0,0.01,0.2,1.5,17.0,0.3,16.0,0.4,1.0,0.01,0.01,106.0,0.0,241.0,4.0,18.0,0.4,1.0,1.0,170.0,0.1,4.8,4.8,11.0,0.0,19.0,19.0,0.5,0.08,0.19,0.1,0.17,5.0,0.0,0.0,0.0,83.0,0.5
5.53,Millet flakes,Panicum miliaceum L.,5.2,https://www.matvaretabellen.no/en/millet-flakes/,357.0,kcal,1511.734,kJ,100.0,0.0,0.0,0.0,0.01,0.68,0.02,0.17,0.83,1.57,0.08,0.0,0.0,0.01,0.0,0.0,0.0,0.0,10.0,68.0,0.0,0.61,4.0,3.9,3.0,6.9,123.0,0.8,3.6,0.12,1.57,275.0,1.7,173.0,10.6,0.0,0.0,0.9,2.0,3.0,66.4,0.0,0.0,1.6,0.0,0.0,0.0,0.0,0.43,0.11,1.8,0.52,20.0,0.0,0.0,0.1,14.0,2.9
5.005,"Millet, grain",Panicum miliaceum L.,5.2,https://www.matvaretabellen.no/en/millet-grain/,341.0,kcal,1443.6,kJ,100.0,0.0,0.0,0.0,0.0,0.36,0.01,0.11,0.51,1.39,0.08,0.0,0.0,0.01,0.01,0.0,0.0,0.0,10.0,66.6,0.0,0.49,3.0,2.9,4.0,4.8,100.0,0.6,4.1,0.09,1.4,240.0,1.3,220.0,10.5,0.0,0.0,0.6,2.0,5.0,66.0,0.0,0.0,0.6,0.0,0.0,0.0,0.0,0.73,0.38,2.3,0.75,27.0,0.0,0.0,0.1,17.0,3.4
13.072,"Mineral water, carbonated, Bonaqua naturell",,9.6,https://www.matvaretabellen.no/en/mineral-water-carbonated-bonaqua-naturell/,0.0,kcal,0.0,kJ,100.0,0.0,0.0,0.0,0.0,0.0,0.0,0.0,0.0,0.0,0.0,0.0,0.0,0.0,0.0,0.0,0.0,0.0,0.0,0.0,0.0,0.0,0.0,0.0,0.1,0.0,0.0,0.0,0.0,0.0,0.0,0.0,0.0,0.0,0.0,0.0,0.1,0.0,0.0,56.0,0.0,0.0,0.0,0.0,0.0,0.0,0.0,0.0,0.0,0.0,0.0,0.0,0.0,0.0,0.0,0.0,100.0,0.0
13.073,"Mineral water, carbonated, Bris naturell",,9.6,https://www.matvaretabellen.no/en/mineral-water-carbonated-bris-naturell/,0.0,kcal,0.0,kJ,100.0,0.0,0.0,0.0,0.0,0.0,0.0,0.0,0.0,0.0,0.0,0.0,0.0,0.0,0.0,0.0,0.0,0.0,2.0,0.0,0.0,0.0,0.0,0.0,21.0,0.0,2.0,0.0,0.0,0.0,0.0,0.0,0.0,1.0,0.0,0.0,0.1,0.0,0.0,25.0,0.0,0.0,0.0,0.0,0.0,0.0,0.0,0.0,0.0,0.0,0.0,0.0,0.0,0.0,0.0,0.0,100.0,0.0
13.074,"Mineral water, carbonated, Farris naturell",,9.6,https://www.matvaretabellen.no/en/mineral-water-carbonated-farris-naturell/,0.0,kcal,0.0,kJ,100.0,0.0,0.0,0.0,0.0,0.0,0.0,0.0,0.0,0.0,0.0,0.0,0.0,0.0,0.0,0.0,0.0,0.0,0.0,0.0,0.0,0.0,0.0,0.0,38.0,0.0,3.0,0.0,0.0,0.0,0.0,0.0,0.0,2.0,0.0,0.0,0.1,0.0,0.0,46.0,0.0,0.0,0.0,0.0,0.0,0.0,0.0,0.0,0.0,0.0,0.0,0.0,0.0,0.0,0.0,0.0,100.0,0.0
13.076,"Mineral water, carbonated, Olden",,9.6,https://www.matvaretabellen.no/en/mineral-water-carbonated-olden/,0.0,kcal,0.0,kJ,100.0,0.0,0.0,0.0,0.0,0.0,0.0,0.0,0.0,0.0,0.0,0.0,0.0,0.0,0.0,0.0,0.0,0.0,1.0,0.0,0.0,0.0,0.0,0.0,0.1,0.0,0.0,0.0,0.0,0.0,0.0,0.0,0.0,0.0,0.0,0.0,0.0,0.0,0.0,0.0,0.0,0.0,0.0,0.0,0.0,0.0,0.0,0.0,0.0,0.0,0.0,0.0,0.0,0.0,0.0,0.0,100.0,0.0
13.075,"Mineral water, not carbonated, Bonaqua natural",,9.6,https://www.matvaretabellen.no/en/mineral-water-not-carbonated-bonaqua-natural/,0.0,kcal,0.0,kJ,100.0,0.0,0.0,0.0,0.0,0.0,0.0,0.0,0.0,0.0,0.0,0.0,0.0,0.0,0.0,0.0,0.0,0.0,0.0,0.0,0.0,0.0,0.0,0.0,0.1,0.0,0.0,0.0,0.0,0.0,0.0,0.0,0.0,0.0,0.0,0.0,0.1,0.0,0.0,56.0,0.0,0.0,0.0,0.0,0.0,0.0,0.0,0.0,0.0,0.0,0.0,0.0,0.0,0.0,0.0,0.0,100.0,0.0
13.077,"Mineral water, not carbonated, Olden",,9.6,https://www.matvaretabellen.no/en/mineral-water-not-carbonated-olden/,0.0,kcal,0.0,kJ,100.0,0.0,0.0,0.0,0.0,0.0,0.0,0.0,0.0,0.0,0.0,0.0,0.0,0.0,0.0,0.0,0.0,0.0,1.0,0.0,0.0,0.0,0.0,0.0,0.1,0.0,0.0,0.0,0.0,0.0,0.0,0.0,0.0,0.0,0.0,0.0,0.0,0.0,0.0,0.0,0.0,0.0,0.0,0.0,0.0,0.0,0.0,0.0,0.0,0.0,0.0,0.0,0.0,0.0,0.0,0.0,100.0,0.0
6.26,"Mint, dried",Mentha L. ,16,https://www.matvaretabellen.no/en/mint-dried/,282.0,kcal,1177.21,kJ,100.0,0.0,4830.0,0.0,0.04,1.13,0.02,0.16,0.18,0.45,2.79,0.0,0.0,0.0,0.0,0.0,0.0,0.0,1490.0,22.2,0.0,1.54,30.0,6.0,6.0,87.5,602.0,0.2,9.9,2.79,0.45,276.0,3.3,1920.0,19.9,0.0,0.9,1.6,29.0,344.0,0.0,0.0,0.0,22.2,0.0,403.0,805.0,0.0,0.29,1.42,6.6,2.58,530.0,0.0,0.0,1.0,22.0,2.4
6.259,"Mint, raw",Mentha L.,16,https://www.matvaretabellen.no/en/mint-raw/,58.0,kcal,240.0,kJ,85.0,0.0,740.0,0.0,0.0,0.14,0.0,0.02,0.02,0.05,0.34,0.0,0.0,0.0,0.0,0.0,0.0,0.0,221.0,5.3,0.0,0.28,7.0,0.8,0.7,8.5,72.0,0.0,1.9,0.34,0.05,67.0,0.4,514.0,3.5,0.0,0.1,0.2,1.0,31.0,0.0,0.0,0.0,5.3,0.0,62.0,123.0,0.0,0.08,0.22,1.3,0.14,110.0,23.0,0.0,5.0,83.0,1.1
10.138,Miso,,10.11,https://www.matvaretabellen.no/en/miso/,182.0,kcal,758.0,kJ,100.0,0.0,24.0,0.0,0.01,1.1,0.01,0.4,1.8,5.3,0.99,0.0,0.0,0.0,0.0,0.0,0.0,0.0,150.0,1.5,0.0,0.66,7.0,10.5,31.0,6.8,130.0,1.9,4.1,0.99,5.3,250.0,6.3,930.0,17.2,0.0,10.8,1.6,19.0,4300.0,0.3,0.0,0.0,1.2,0.0,2.0,4.0,0.0,0.04,0.12,1.2,0.13,54.0,0.0,0.0,1.1,64.0,2.0
6.239,Mixed nuts with dried fruit,,14.3,https://www.matvaretabellen.no/en/mixed-nuts-with-dried-fruit/,493.0,kcal,2052.976176470588,kJ,100.0,0.0,1200.0,0.0,0.01,3.05,0.05,0.9,16.65,9.04,0.19,0.0,0.0,0.0,0.0,0.0,0.0,0.0,98.0,30.3,0.0,0.87,7.0,32.6,2.0,3.4,140.0,16.9,8.9,0.2,9.04,287.0,9.3,855.0,16.3,0.0,0.0,4.4,5.0,16.0,6.9,0.0,0.0,23.4,0.0,100.0,200.0,0.0,0.4,0.16,6.2,0.25,44.0,39.0,0.0,6.2,14.0,2.4
3.358,"Moose roast, roasted","Alces alces (Linnaeus, 1758)",3.10,https://www.matvaretabellen.no/en/moose-roast-roasted/,124.0,kcal,527.0,kJ,100.0,0.0,0.0,0.0,0.0,0.21,0.0,0.21,0.43,0.19,0.1,0.0,0.0,0.0,0.0,0.0,0.0,0.0,5.0,0.0,90.0,0.23,0.0,1.4,2.0,3.9,25.0,0.4,12.7,0.09,0.19,229.0,0.3,386.0,28.0,2.0,0.1,0.5,10.0,52.0,0.0,0.0,0.0,0.0,0.0,2.0,2.0,3.0,0.14,0.45,5.1,0.38,0.0,0.0,0.0,0.8,71.0,6.0
3.504,"Moose, chuck, raw","Alces alces (Linnaeus, 1758)",3.10,https://www.matvaretabellen.no/en/moose-chuck-raw/,111.0,kcal,468.0,kJ,,0.0,0.0,0.0,0.0,0.3,0.0,0.5,0.8,0.2,0.1,0.0,0.0,0.0,0.0,0.0,0.0,0.0,13.0,0.0,55.0,0.1,0.0,2.3,2.0,2.6,22.0,0.8,8.9,0.11,0.18,173.0,0.3,370.0,22.5,3.0,0.1,0.9,7.0,52.0,0.0,0.0,0.0,0.0,0.1,3.0,3.0,2.2,0.16,0.3,4.8,0.45,0.0,0.0,0.0,0.6,75.0,5.7
3.505,"Moose, chuck, roasted","Alces alces (Linnaeus, 1758)",3.10,https://www.matvaretabellen.no/en/moose-chuck-roasted/,136.0,kcal,575.0,kJ,,0.0,0.0,0.0,0.0,0.32,0.0,0.53,0.85,0.19,0.1,0.0,0.0,0.0,0.0,0.0,0.0,0.0,15.0,0.0,74.0,0.13,0.0,2.5,2.0,3.3,25.0,0.8,9.7,0.12,0.19,196.0,0.3,395.0,28.5,4.0,0.1,1.0,9.0,59.0,0.0,0.0,0.0,0.0,0.1,4.0,4.0,2.1,0.13,0.32,4.5,0.36,0.0,0.0,0.0,0.6,69.0,7.6
3.501,"Moose, minced, raw","Alces alces (Linnaeus, 1758)",3.10,https://www.matvaretabellen.no/en/moose-minced-raw/,105.0,kcal,443.0,kJ,100.0,0.0,0.0,0.0,0.0,0.2,0.0,0.3,0.4,0.1,0.0,0.0,0.0,0.0,0.0,0.0,0.0,0.0,4.0,0.0,56.0,0.12,0.0,1.6,2.0,3.1,21.0,0.5,8.9,0.07,0.18,185.0,0.3,355.0,22.6,7.0,0.1,0.6,8.0,56.0,0.0,0.0,0.0,0.0,0.0,7.0,7.0,3.3,0.14,0.34,4.8,0.33,0.0,0.0,0.0,0.8,76.0,6.9
3.112,"Moose, roasting, raw","Alces alces (Linnaeus, 1758)",3.10,https://www.matvaretabellen.no/en/moose-roasting-raw/,100.0,kcal,424.0,kJ,100.0,0.0,0.0,0.0,0.0,0.2,0.0,0.2,0.4,0.2,0.1,0.0,0.0,0.0,0.0,0.0,0.0,0.0,4.0,0.0,67.0,0.18,0.0,1.3,2.0,3.1,22.0,0.4,9.6,0.08,0.18,202.0,0.3,362.0,22.1,2.0,0.1,0.4,8.0,46.0,0.0,0.0,0.0,0.0,0.0,2.0,2.0,3.2,0.18,0.42,5.5,0.48,0.0,0.0,0.0,0.8,77.0,4.5
3.502,"Moose, sirloin, raw","Alces alces (Linnaeus, 1758)",3.10,https://www.matvaretabellen.no/en/moose-sirloin-raw/,104.0,kcal,442.0,kJ,,0.0,0.0,0.0,0.0,0.1,0.0,0.2,0.3,0.1,0.0,0.0,0.0,0.0,0.1,0.0,0.0,0.0,4.0,0.0,62.0,0.15,0.0,1.1,2.0,3.1,19.0,0.3,10.6,0.07,0.19,177.0,0.4,348.0,23.6,4.0,0.2,0.4,8.0,60.0,0.0,0.0,0.0,0.0,0.0,4.0,4.0,3.3,0.11,0.37,6.3,0.46,0.0,0.0,0.0,0.8,75.0,3.6
3.503,"Moose, sirloin, roasted","Alces alces (Linnaeus, 1758)",3.10,https://www.matvaretabellen.no/en/moose-sirloin-roasted/,130.0,kcal,552.0,kJ,,0.0,0.0,0.0,0.0,0.11,0.0,0.21,0.32,0.1,0.0,0.0,0.0,0.0,0.11,0.0,0.0,0.0,5.0,0.0,82.0,0.19,0.0,1.2,2.0,3.9,22.0,0.3,11.4,0.07,0.2,201.0,0.4,371.0,29.9,5.0,0.2,0.4,11.0,68.0,0.0,0.0,0.0,0.0,0.0,5.0,5.0,3.1,0.09,0.39,5.9,0.37,0.0,0.0,0.0,0.9,69.0,4.8
3.25,"Moussaka, with minced meat",,3.7,https://www.matvaretabellen.no/en/moussaka-with-minced-meat/,147.0,kcal,613.0,kJ,100.0,0.0,139.0,0.2,0.28,1.36,0.14,0.77,3.24,0.99,0.22,0.0,0.0,0.0,0.02,0.0,0.0,0.01,54.0,10.8,35.0,0.09,1.0,8.2,7.0,1.1,26.0,3.5,3.2,0.23,1.0,105.0,1.3,401.0,6.7,40.0,1.0,3.0,3.0,419.0,7.8,0.0,0.0,3.0,0.1,51.0,63.0,0.6,0.1,0.1,1.6,0.15,15.0,12.0,0.6,1.6,73.0,1.3
10.002,"Mousse, powder base, prepared",,7.3,https://www.matvaretabellen.no/en/mousse-powder-base-prepared/,195.0,kcal,815.0,kJ,100.0,0.0,0.0,0.29,0.9,2.75,0.15,1.06,2.29,0.3,0.04,0.0,0.01,0.0,0.03,0.01,0.01,0.02,130.0,21.9,,,0.0,10.0,13.0,0.1,,2.5,0.8,0.08,0.34,,0.4,,4.3,,0.0,6.1,,,0.0,21.2,21.2,21.9,,,,0.6,0.05,0.18,0.1,,,0.0,0.0,,64.0,
5.462,"Muesli bar, energy bar, home-made",,5.8,https://www.matvaretabellen.no/en/muesli-bar-energy-bar-home-made/,468.0,kcal,1955.9874718028805,kJ,100.0,0.0,7.0,0.0,0.01,2.46,0.07,1.57,10.56,6.13,0.68,0.0,0.0,0.01,0.01,0.0,0.0,0.01,81.0,43.0,17.0,0.73,9.0,24.3,4.0,4.1,175.0,10.3,4.4,0.69,6.15,415.0,7.1,502.0,15.2,7.0,0.2,4.5,5.0,84.0,21.5,2.5,15.9,21.5,0.0,8.0,8.0,0.1,0.36,0.18,1.8,0.18,44.0,4.0,0.3,4.0,9.0,2.9
5.544,"Muesli, with berries, gluten-free, organic, Det Glutenfrie Verksted",,5.3,https://www.matvaretabellen.no/en/muesli-with-berries-gluten-free-organic-det-glutenfrie-verksted/,356.0,kcal,1501.0979,kJ,100.0,0.0,0.0,0.04,0.0,0.75,0.01,0.08,1.59,1.68,0.0,0.0,0.0,0.0,0.0,0.0,0.0,0.0,0.0,62.2,0.0,0.39,8.0,5.1,6.0,4.0,0.0,1.6,3.2,0.08,1.68,0.0,1.8,0.0,11.0,0.0,0.0,0.9,,0.0,53.3,1.2,,8.8,0.0,0.0,0.0,0.0,0.49,0.04,1.3,0.15,0.1,4.0,0.0,0.8,13.0,3.0
5.538,"Muesli, with chia seeds, gluten-free, organic, Det Glutenfrie Verksted",,5.3,https://www.matvaretabellen.no/en/muesli-with-chia-seeds-gluten-free-organic-det-glutenfrie-verksted/,371.0,kcal,1559.9599,kJ,,0.0,0.0,0.04,0.0,0.98,0.01,0.16,2.21,2.3,0.0,0.0,0.0,0.0,0.0,0.0,0.0,0.0,30.0,56.4,0.0,0.46,10.0,7.8,0.9,4.5,134.0,2.3,3.4,0.93,2.3,344.0,3.2,409.0,13.6,0.0,0.0,1.2,,4.0,55.6,0.0,0.0,0.9,0.0,0.0,0.0,0.0,0.54,0.04,1.1,0.13,84.0,0.0,0.0,1.2,12.0,3.6
5.235,"Muesli, with fruit and nuts, Energimüsli",,5.3,https://www.matvaretabellen.no/en/muesli-with-fruit-and-nuts-energimusli/,401.0,kcal,1686.0,kJ,100.0,0.0,6.0,2.28,0.9,1.33,0.0,0.23,2.41,2.49,0.13,0.0,0.0,0.0,0.0,0.0,0.0,0.0,54.0,60.0,0.0,0.45,9.0,11.0,2.0,3.0,98.0,4.8,2.6,0.13,2.49,353.0,4.5,533.0,11.0,0.0,0.0,1.2,1.0,4.0,43.0,0.7,0.7,17.0,0.0,1.0,1.0,0.0,0.4,0.1,0.8,0.26,30.0,5.0,0.0,2.6,9.0,2.0
5.4,"Muesli, with fruit, Fruktmüsli",,5.3,https://www.matvaretabellen.no/en/muesli-with-fruit-fruktmusli/,376.0,kcal,1587.6,kJ,100.0,0.0,0.0,0.89,0.33,0.57,0.01,0.08,1.03,1.29,0.06,0.0,0.0,0.0,0.0,0.0,0.0,0.0,45.0,69.8,0.0,0.34,6.0,5.7,2.0,2.7,93.0,1.1,2.6,0.06,1.29,300.0,1.4,440.0,8.5,0.0,0.4,2.2,1.0,160.0,50.8,5.6,5.6,19.0,0.0,0.0,0.0,0.0,0.24,0.07,1.2,0.11,18.0,,0.0,0.8,10.0,1.8
5.238,"Muesli, with fruit, nuts, sweetened",,5.3,https://www.matvaretabellen.no/en/muesli-with-fruit-nuts-sweetened/,365.0,kcal,1542.4,kJ,100.0,0.0,0.0,0.0,0.01,0.45,0.01,0.05,0.82,1.25,0.07,0.0,0.0,0.0,0.0,0.0,0.0,0.0,25.0,70.6,0.0,0.5,8.0,3.8,2.0,3.0,89.0,0.9,3.2,0.07,1.28,272.0,1.3,410.0,8.0,0.0,0.4,0.5,1.0,174.0,41.5,8.6,8.6,29.1,0.0,0.0,0.0,0.0,0.28,0.59,1.9,0.15,41.0,0.0,0.0,1.5,9.0,2.2
10.136,"Multi 0.62 g, Nycoplus",,10.10,https://www.matvaretabellen.no/en/multi-0-62-g-nycoplus/,65.0,kcal,265.0,kJ,100.0,0.0,0.0,0.0,0.0,0.0,0.0,0.0,0.0,0.0,0.0,0.0,0.0,0.0,0.0,0.0,0.0,0.0,0.0,4.1,0.0,137.0,19.0,1.2,22901.0,2290.0,15267.0,0.0,2901.0,0.0,0.0,0.0,0.0,0.0,0.0,38168.0,0.0,1.2,9160.0,0.0,3.4,0.0,0.0,0.7,0.0,38168.0,38168.0,305.0,214.0,244.0,2901.0,246.0,61538.0,11450.0,1527.0,1527.0,76.0,806.0
10.135,"Multi children, 1.5 g, Nycoplus",,10.10,https://www.matvaretabellen.no/en/multi-children-1-5-g-nycoplus/,,kcal,,,100.0,0.0,0.0,0.0,0.0,0.0,0.0,0.0,0.0,0.0,0.0,0.0,0.0,0.0,0.0,0.0,0.0,0.0,0.0,0.0,0.0,40.0,0.0,0.0,6667.0,300.0,8000.0,0.0,1090.0,0.0,0.0,0.0,0.0,0.0,0.0,22727.0,0.0,0.0,2667.0,0.0,0.0,0.0,0.0,0.0,0.0,22727.0,22727.0,167.0,47.0,67.0,1090.0,91.0,13333.0,3667.0,909.0,600.0,100.0,133.0
6.145,"Mung beans, sprouted, raw",Vigna radiata,6.2,https://www.matvaretabellen.no/en/mung-beans-sprouted-raw/,41.0,kcal,173.0,kJ,100.0,0.0,6.0,0.0,0.0,0.02,0.0,0.0,0.02,0.07,0.06,0.0,0.0,0.0,0.0,0.0,0.0,0.0,13.0,5.9,0.0,0.16,2.0,0.2,0.3,0.9,21.0,0.0,1.2,0.06,0.07,54.0,0.1,149.0,3.0,0.0,0.0,0.0,1.0,6.0,1.8,0.0,0.0,4.1,0.0,1.0,1.0,0.0,0.08,0.12,0.7,0.09,61.0,13.0,0.0,0.1,89.0,0.4
6.116,"Mushroom, chantherelle, raw",Cantharellus cibarius Fr. var. cibarius,6.2,https://www.matvaretabellen.no/en/mushroom-chantherelle-raw/,17.0,kcal,69.0,kJ,89.0,0.0,301.0,0.0,0.0,0.06,0.0,0.01,0.0,0.23,0.0,0.0,0.0,0.0,0.0,0.0,0.0,0.0,4.0,0.4,0.0,0.41,0.8,0.6,0.6,0.9,11.0,0.0,4.4,0.0,0.23,54.0,0.2,501.0,2.0,0.0,0.0,0.0,1.0,0.0,0.0,0.0,0.0,0.4,0.0,25.0,50.0,0.0,0.0,0.28,4.1,0.02,10.0,0.0,12.8,0.0,96.0,0.9
6.063,"Mushroom, common, canned, drained",Agaricus bisporus (J.E.Lange) Imbach,6.6,https://www.matvaretabellen.no/en/mushroom-common-canned-drained/,23.0,kcal,96.0,kJ,100.0,0.0,10.0,0.01,0.0,0.05,0.0,0.02,0.01,0.28,0.0,0.0,0.0,0.0,0.0,0.0,0.0,0.0,18.0,0.0,0.0,0.48,2.0,0.5,0.0,0.8,8.0,0.0,4.2,0.0,0.29,76.0,0.2,190.0,3.4,0.0,0.0,0.1,3.0,5.0,0.0,0.0,0.0,0.0,0.0,1.0,1.0,0.0,0.08,0.4,3.6,0.06,23.0,2.0,0.0,0.0,94.0,0.9
6.851,"Mushroom, common, pan-fried",Agaricus bisporus (J.E.Lange) Imbach,6.2,https://www.matvaretabellen.no/en/mushroom-common-pan-fried/,24.0,kcal,100.0,kJ,100.0,0.0,0.0,0.0,0.0,0.04,0.0,0.0,0.0,0.02,0.08,0.0,0.0,0.0,0.0,0.0,0.0,0.0,4.0,0.1,0.0,0.28,5.0,0.1,0.0,0.2,13.0,0.0,4.5,0.08,0.02,118.0,0.1,485.0,3.2,0.0,0.0,0.0,23.0,6.0,0.0,0.0,0.0,0.1,0.0,0.0,0.0,0.0,0.0,0.46,4.0,0.09,22.0,0.0,0.0,0.0,92.0,0.5
6.062,"Mushroom, common, raw",Agaricus bisporus (J.E.Lange) Imbach,6.2,https://www.matvaretabellen.no/en/mushroom-common-raw/,17.0,kcal,72.0,kJ,89.0,0.0,0.0,0.0,0.0,0.03,0.0,0.0,0.0,0.01,0.05,0.0,0.0,0.0,0.0,0.0,0.0,0.0,3.0,0.1,0.0,0.2,4.0,0.1,0.0,0.2,9.0,0.0,3.4,0.05,0.01,85.0,0.1,349.0,2.3,0.0,0.0,0.0,17.0,4.0,0.0,0.0,0.0,0.1,0.0,0.0,0.0,0.0,0.0,0.35,3.0,0.07,23.0,0.0,0.0,0.0,94.0,0.4
6.198,"Mushroom, king boletus, yellow boletus, raw",Boletus  edulis,6.2,https://www.matvaretabellen.no/en/mushroom-king-boletus-yellow-boletus-raw/,30.0,kcal,125.0,kJ,100.0,0.0,0.0,0.0,0.0,0.0,0.0,0.0,0.0,0.15,0.0,0.0,0.0,0.0,0.0,0.0,0.0,0.0,1.0,2.4,0.0,0.49,3.0,0.2,1.0,0.8,7.0,0.0,5.4,0.0,0.1,47.0,0.1,270.0,3.1,0.0,0.0,0.0,11.0,5.0,0.8,0.0,0.0,1.6,0.0,0.0,0.0,0.0,0.14,0.35,4.9,0.18,30.0,0.0,2.6,0.0,91.0,0.9
6.126,"Mushroom, oyster, raw",Pleurotus spp.,6.2,https://www.matvaretabellen.no/en/mushroom-oyster-raw/,27.0,kcal,113.0,kJ,89.0,0.0,29.0,0.0,0.0,0.07,0.0,0.0,0.03,0.12,0.0,0.0,0.0,0.0,0.0,0.0,0.0,0.0,0.0,2.6,0.0,0.24,2.0,0.4,,0.4,16.0,0.0,5.5,0.0,0.12,110.0,0.1,298.0,2.0,0.0,0.0,0.1,1.0,18.0,0.0,0.0,0.0,2.6,0.0,2.0,4.0,0.0,0.07,0.2,5.2,0.11,51.0,2.0,0.0,0.0,93.0,0.7
6.19,"Mushroom, portabello",Agaricus bisporus (J.E. Lange) Imbach,6.2,https://www.matvaretabellen.no/en/mushroom-portabello/,25.0,kcal,103.0,kJ,97.0,0.0,0.0,0.0,0.0,0.0,0.0,0.0,0.01,0.12,0.0,0.0,0.0,0.0,0.0,0.0,0.0,0.0,3.0,2.6,0.0,0.29,1.0,0.4,,0.3,,0.0,4.9,0.0,0.12,108.0,0.1,364.0,2.1,0.0,0.0,0.1,19.0,9.0,0.1,0.0,0.0,2.5,0.0,0.0,0.0,0.0,0.06,0.13,4.5,0.15,28.0,0.0,0.3,0.0,94.0,0.5
6.127,"Mushroom, shiitake, raw","Lentinula edodes (Berk.) Pegler, 1976",6.2,https://www.matvaretabellen.no/en/mushroom-shiitake-raw/,27.0,kcal,111.0,kJ,100.0,0.0,29.0,0.0,0.0,0.06,0.0,0.01,0.0,0.23,0.0,0.0,0.0,0.0,0.0,0.0,0.0,0.0,0.0,2.5,0.0,0.14,3.0,0.3,,0.3,13.0,0.0,2.9,0.0,0.23,73.0,0.2,224.0,1.8,0.0,0.0,0.0,0.0,1.0,0.0,0.0,0.0,2.5,0.0,2.0,4.0,0.0,0.05,0.15,2.6,0.29,25.0,2.0,0.1,0.0,92.0,0.8
6.199,"Mushroom, trumpet chanterelle, funnel chanterelle, raw",Canthraellus  tubaeformis,6.2,https://www.matvaretabellen.no/en/mushroom-trumpet-chanterelle-funnel-chanterelle-raw/,24.0,kcal,99.0,kJ,100.0,0.0,1324.0,0.0,0.0,0.0,0.0,0.0,0.0,0.17,0.0,0.0,0.0,0.0,0.0,0.0,0.0,0.0,4.0,0.4,0.0,0.42,3.0,0.8,1.0,0.8,10.0,0.0,4.3,0.0,0.2,50.0,0.2,450.0,2.2,0.0,0.0,0.0,18.0,5.0,0.2,0.0,0.0,0.2,0.0,110.0,220.0,0.0,0.14,0.26,3.9,0.04,11.0,0.0,15.4,0.0,93.0,0.8
4.389,"Mussel, blue, frozen","Mytilus edulis Linnaeus, 1758",4.3,https://www.matvaretabellen.no/en/mussel-blue-frozen/,86.0,kcal,361.0,kJ,51.0,0.0,0.0,0.0,0.08,0.21,0.24,0.05,0.07,0.02,0.02,0.0,0.0,0.0,0.03,0.33,0.02,0.02,53.0,0.0,46.0,0.22,0.0,2.9,240.0,8.0,40.0,0.4,3.5,0.67,0.09,230.0,0.8,109.0,14.9,14.0,0.8,0.3,63.0,308.0,0.0,0.0,0.0,0.0,0.0,14.0,14.0,25.3,0.0,0.19,0.8,0.1,35.0,0.0,0.5,2.3,82.0,2.6
4.076,"Mussel, blue, in brine, drained","Mytilus edulis Linnaeus, 1758",4.3,https://www.matvaretabellen.no/en/mussel-blue-in-brine-drained/,82.0,kcal,346.0,kJ,100.0,0.0,0.0,0.02,0.08,0.24,0.27,0.05,0.08,0.02,0.02,0.0,0.01,0.0,0.04,0.38,0.02,0.23,37.0,0.0,51.0,0.22,0.0,3.0,180.0,5.8,23.0,0.4,3.0,0.75,0.1,228.0,0.9,80.0,13.8,42.0,1.6,0.4,52.0,655.0,0.0,0.0,0.0,0.0,0.0,42.0,42.0,21.3,0.0,0.14,0.4,0.1,15.0,0.0,0.5,1.8,83.0,1.7
4.053,"Mussel, blue, raw","Mytilus edulis Linnaeus, 1758",4.3,https://www.matvaretabellen.no/en/mussel-blue-raw/,73.0,kcal,309.0,kJ,51.0,0.0,0.0,0.0,0.05,0.02,0.16,0.06,0.08,0.03,0.02,0.0,0.0,0.01,0.03,0.23,0.02,0.31,63.0,0.0,45.0,0.22,0.0,2.0,150.0,2.0,55.0,0.3,4.1,0.66,0.08,222.0,0.8,267.0,13.8,14.0,0.8,0.4,62.0,337.0,0.0,0.0,0.0,0.0,0.0,14.0,14.0,30.0,0.0,0.3,1.6,0.28,52.0,0.0,0.5,1.5,84.0,1.6
4.388,"Mussel, blue, steamed","Mytilus edulis Linnaeus, 1758",4.3,https://www.matvaretabellen.no/en/mussel-blue-steamed/,77.0,kcal,323.0,kJ,,0.0,0.0,0.0,0.06,0.22,0.16,0.04,0.08,0.04,0.04,0.0,0.0,0.0,0.04,0.29,0.02,0.33,63.0,0.0,47.0,0.22,0.0,2.7,145.0,2.0,60.0,0.3,3.8,0.8,0.12,194.0,0.9,225.0,13.1,14.0,0.9,0.3,62.0,356.0,0.0,0.0,0.0,0.0,0.0,14.0,14.0,25.0,0.0,0.25,1.4,0.11,61.0,0.0,0.5,2.8,84.0,1.6
12.008,Mustard,,10.7,https://www.matvaretabellen.no/en/mustard/,158.0,kcal,662.0,kJ,100.0,0.0,0.0,0.0,0.01,0.22,0.01,0.07,1.44,0.66,0.69,0.03,0.0,0.0,0.0,0.0,0.0,0.0,95.0,18.5,0.0,0.09,2.0,6.4,1.0,1.8,117.0,4.1,1.0,0.73,0.68,170.0,1.5,165.0,5.7,0.0,1.9,0.3,6.0,760.0,4.0,14.0,14.0,14.5,0.0,0.0,0.0,0.0,0.1,0.2,0.0,0.01,0.0,0.0,0.0,1.8,68.0,0.7
8.124,Mustard sauce,,8.3,https://www.matvaretabellen.no/en/mustard-sauce/,442.0,kcal,1827.26225,kJ,100.0,0.0,149.0,0.0,0.01,2.94,0.13,0.96,19.98,10.45,1.79,0.01,0.0,0.0,0.0,0.0,0.0,0.0,45.0,17.8,0.0,0.04,0.8,39.8,0.5,0.8,50.0,21.4,0.5,1.82,10.42,73.0,12.5,90.0,2.6,0.0,0.8,4.2,3.0,316.0,1.7,15.8,15.9,16.2,0.0,12.0,24.0,0.0,0.05,0.09,0.03,0.01,3.0,3.0,0.3,10.6,39.0,0.3
6.17,Mustard seeds,,16,https://www.matvaretabellen.no/en/mustard-seeds/,518.0,kcal,2151.8,kJ,100.0,0.0,18.0,0.0,0.0,0.98,0.06,0.46,8.46,5.92,3.79,0.0,0.0,0.0,0.0,0.0,0.0,0.0,266.0,15.9,0.0,0.65,12.0,36.2,,9.2,370.0,22.5,9.1,3.79,5.92,828.0,10.1,738.0,26.1,0.0,0.0,2.0,208.0,13.0,9.1,0.0,0.0,6.8,0.0,2.0,3.0,0.0,0.81,0.26,4.7,0.4,162.0,7.0,0.0,5.1,10.0,6.1
6.781,"Mycoprotein, Quorn",,10.6,https://www.matvaretabellen.no/en/mycoprotein-quorn/,90.0,kcal,375.0,kJ,100.0,0.0,0.0,0.0,0.0,0.19,0.01,0.07,0.2,0.49,0.0,0.0,0.0,0.0,0.0,0.0,0.0,0.0,32.0,1.1,0.0,0.1,8.0,1.4,,0.6,37.0,0.2,2.6,0.0,0.49,237.0,0.6,120.0,14.0,0.0,0.8,0.4,30.0,300.0,0.7,0.0,0.0,0.4,0.0,0.0,0.0,0.3,0.1,0.39,0.3,0.08,21.0,0.0,0.0,0.0,75.0,7.0
6.63,"Nashi, asian pear, raw",Pyrus pyrifolia (Burm. F.) Nakai,13.2,https://www.matvaretabellen.no/en/nashi-asian-pear-raw/,39.0,kcal,165.0,kJ,91.0,0.0,0.0,0.0,0.0,0.01,0.0,0.0,0.05,0.05,0.0,0.0,0.0,0.0,0.0,0.0,0.0,0.0,4.0,7.0,0.0,0.05,4.0,0.2,,0.0,8.0,0.0,0.3,0.0,0.05,11.0,0.1,121.0,0.5,0.0,0.0,0.0,0.0,0.0,0.0,0.0,0.0,7.0,0.0,0.0,0.0,0.0,0.01,0.01,0.2,0.02,8.0,4.0,0.0,0.1,89.0,0.0
6.586,"Nectar, apple",Malus domestica Borkh.,9.2,https://www.matvaretabellen.no/en/nectar-apple/,42.0,kcal,178.0,kJ,100.0,0.0,0.0,0.0,0.0,0.01,0.0,0.0,0.0,0.02,0.0,0.0,0.0,0.0,0.0,0.0,0.0,0.0,4.0,10.3,0.0,0.01,0.2,0.1,0.4,0.2,3.0,0.0,0.1,0.0,0.02,4.0,0.0,60.0,0.0,0.0,0.0,0.0,0.0,2.0,0.0,5.2,10.3,10.3,0.0,0.0,0.0,0.0,0.01,0.1,0.05,0.02,0.5,1.0,0.0,0.0,90.0,0.0
6.605,"Nectarine, raw",Prunus persica (L.) Batsch var. nucipersica (Suckow) C.K. Scnheid,13.2,https://www.matvaretabellen.no/en/nectarine-raw/,40.0,kcal,168.0,kJ,91.0,0.0,150.0,0.0,0.0,0.02,0.0,0.0,0.09,0.11,0.0,0.0,0.0,0.0,0.0,0.0,0.0,0.0,7.0,7.8,0.0,0.07,2.0,0.3,0.0,0.1,9.0,0.1,0.7,0.0,0.11,24.0,0.1,214.0,0.8,0.0,0.0,0.0,0.0,0.0,0.0,0.0,0.0,7.8,0.0,13.0,25.0,0.0,0.01,0.0,0.6,0.0,5.0,3.0,0.0,0.7,90.0,0.1
6.231,"Nettle, parboiled",Urtica dioica L.,6.2,https://www.matvaretabellen.no/en/nettle-parboiled/,31.0,kcal,127.0,kJ,100.0,0.0,2730.0,0.0,0.0,0.1,0.0,0.0,0.0,0.1,0.3,0.0,0.0,0.0,0.0,0.0,0.0,0.0,280.0,0.6,0.0,,3.0,0.7,0.0,2.8,30.0,0.0,1.1,0.0,0.0,85.0,0.4,150.0,4.1,0.0,0.0,0.1,0.0,3.0,0.5,0.0,0.0,0.1,0.0,228.0,455.0,0.0,0.01,0.12,0.4,0.06,83.0,7.0,0.0,3.6,92.0,0.3
5.524,"Noodles, cellophane, glass, cooked",,5.2,https://www.matvaretabellen.no/en/noodles-cellophane-glass-cooked/,210.0,kcal,892.0,kJ,100.0,0.0,0.0,0.0,0.0,0.02,0.0,0.0,0.02,0.0,0.0,0.0,0.0,0.0,0.0,0.0,0.0,0.0,15.0,52.1,0.0,0.05,0.3,0.0,0.0,1.0,2.0,0.0,0.2,0.0,0.0,19.0,0.0,4.0,0.1,0.0,0.0,0.0,5.0,3.0,51.9,0.0,0.0,0.2,0.0,0.0,0.0,0.0,0.08,0.0,0.1,0.03,0.9,0.0,0.0,0.1,47.0,0.3
5.379,"Noodles, cellophane, uncooked",,5.2,https://www.matvaretabellen.no/en/noodles-cellophane-uncooked/,345.0,kcal,1464.14,kJ,100.0,0.0,0.0,0.0,0.0,0.02,0.0,0.0,0.03,0.0,0.0,0.0,0.0,0.0,0.0,0.0,0.0,0.0,25.0,85.6,0.0,0.08,0.5,0.1,0.0,2.2,3.0,0.0,0.2,0.0,0.0,32.0,0.0,10.0,0.2,0.0,0.0,0.0,8.0,10.0,85.3,0.0,0.0,0.3,0.0,0.0,0.0,0.0,0.15,0.0,0.2,0.05,2.0,0.0,0.0,0.1,14.0,0.4
5.522,"Noodles, cooked",,5.2,https://www.matvaretabellen.no/en/noodles-cooked/,120.0,kcal,509.0,kJ,100.0,0.0,0.0,0.0,0.0,0.1,0.0,0.0,0.1,0.3,0.0,0.0,0.0,0.0,0.0,0.0,0.0,0.0,17.0,22.9,6.0,0.19,2.0,0.8,2.0,0.8,24.0,0.1,1.2,0.0,0.3,70.0,0.3,38.0,4.2,0.0,0.1,0.1,4.0,55.0,22.6,0.0,0.0,0.3,0.0,0.0,0.0,0.0,0.02,0.0,0.5,0.04,6.0,0.0,0.0,0.2,70.0,0.5
5.334,"Noodles, rice, cooked",,5.2,https://www.matvaretabellen.no/en/noodles-rice-cooked/,180.0,kcal,760.0,kJ,100.0,0.0,0.0,0.0,0.0,0.28,0.01,0.08,1.57,0.84,0.13,0.0,0.0,0.0,0.0,0.0,0.0,0.0,8.0,34.9,0.0,0.03,0.7,3.1,1.0,0.2,5.0,1.6,0.5,0.13,0.83,65.0,1.0,8.0,2.7,0.0,0.1,0.4,7.0,41.0,34.7,0.0,0.0,0.3,0.0,0.0,0.0,0.0,0.01,0.01,0.08,0.01,0.9,0.0,0.0,0.6,59.0,0.3
5.331,"Noodles, rice, uncooked",,5.2,https://www.matvaretabellen.no/en/noodles-rice-uncooked/,361.0,kcal,1532.07,kJ,100.0,0.0,0.0,0.0,0.0,0.14,0.0,0.01,0.17,0.12,0.03,0.0,0.0,0.0,0.0,0.0,0.0,0.0,18.0,82.2,0.0,0.08,2.0,0.6,3.0,0.7,12.0,0.2,1.2,0.03,0.12,153.0,0.2,30.0,6.0,0.0,0.5,0.2,15.0,182.0,81.6,0.0,0.0,0.6,0.0,0.0,0.0,0.0,0.03,0.02,0.2,0.02,3.0,0.0,0.0,0.1,10.0,0.7
5.243,"Noodles, wheat, without egg, cooked",,5.2,https://www.matvaretabellen.no/en/noodles-wheat-without-egg-cooked/,159.0,kcal,672.0,kJ,100.0,0.0,2.0,0.0,0.0,0.43,0.0,0.13,0.1,0.35,0.02,0.0,0.0,0.0,0.0,0.0,0.0,0.0,10.0,30.0,0.0,0.18,2.0,1.6,0.0,1.5,7.0,0.4,1.3,0.02,0.35,54.0,0.4,51.0,5.3,0.0,0.0,0.6,4.0,0.0,29.8,0.0,0.0,0.2,0.0,0.0,0.0,0.0,0.03,0.03,0.4,0.03,4.0,0.0,0.0,0.2,62.0,0.5
5.222,"Noodles, wheat, without egg, uncooked",,5.2,https://www.matvaretabellen.no/en/noodles-wheat-without-egg-uncooked/,347.0,kcal,1467.7,kJ,100.0,0.0,4.0,0.0,0.0,0.9,0.0,0.28,0.2,0.74,0.04,0.0,0.0,0.0,0.0,0.0,0.0,0.0,22.0,66.4,0.0,0.42,3.0,3.3,0.0,4.1,18.0,0.9,2.8,0.04,0.74,120.0,0.8,180.0,11.2,0.0,0.0,1.2,8.0,2.0,65.9,0.0,0.0,0.5,0.0,0.0,0.0,0.0,0.08,0.07,0.9,0.06,11.0,0.0,0.0,0.5,16.0,1.0
5.52,"Noodles, whole-grain, cooked",,5.2,https://www.matvaretabellen.no/en/noodles-whole-grain-cooked/,123.0,kcal,520.0,kJ,100.0,0.0,6.0,0.0,0.0,0.11,0.0,0.0,0.11,0.39,0.03,0.0,0.0,0.0,0.0,0.0,0.0,0.0,12.0,22.1,0.0,0.14,4.0,0.9,2.0,1.1,38.0,0.1,2.6,0.0,0.38,122.0,0.4,93.0,4.8,0.0,0.2,0.1,3.0,81.0,21.6,0.0,0.0,0.5,0.0,0.0,1.0,0.0,0.11,0.04,1.6,0.04,12.0,0.0,0.0,0.4,69.0,1.1
5.523,"Noodles, whole-grain, uncooked",,5.2,https://www.matvaretabellen.no/en/noodles-whole-grain-uncooked/,336.0,kcal,1420.2,kJ,100.0,0.0,17.0,0.0,0.0,0.3,0.0,0.0,0.3,1.02,0.08,0.0,0.0,0.0,0.0,0.0,0.0,0.0,34.0,61.2,0.0,0.42,10.0,2.4,5.0,3.8,119.0,0.3,6.9,0.0,1.0,338.0,1.1,406.0,12.6,0.0,1.1,0.3,8.0,427.0,59.7,0.0,0.0,1.5,0.0,1.0,2.0,0.0,0.34,0.15,4.8,0.11,44.0,0.0,0.0,1.0,14.0,2.9
5.33,"Noodles, with egg, uncooked",,5.2,https://www.matvaretabellen.no/en/noodles-with-egg-uncooked/,359.0,kcal,1521.0,kJ,100.0,0.0,23.0,,,,,,,,,,,,,,,,73.0,72.6,2.0,0.2,1.0,2.0,6.0,2.7,49.0,0.3,5.3,0.11,2.22,187.0,0.7,378.0,12.0,4.0,0.6,0.3,16.0,240.0,70.9,0.0,0.0,1.7,0.0,6.0,7.0,0.0,0.12,0.02,3.3,0.15,19.0,0.0,0.2,0.5,12.0,1.3
5.333,"Noodles, with spices, cooked",,5.2,https://www.matvaretabellen.no/en/noodles-with-spices-cooked/,211.0,kcal,884.0,kJ,100.0,0.0,0.0,0.0,0.01,1.12,0.01,0.35,2.34,5.04,0.54,0.0,0.0,0.0,0.0,0.0,0.0,0.0,10.0,24.6,0.0,0.08,1.0,10.1,13.0,0.4,22.0,2.3,1.7,0.54,4.97,60.0,5.7,122.0,4.7,0.0,1.8,1.5,2.0,734.0,24.1,0.2,0.2,0.5,0.0,0.0,0.0,0.0,0.08,0.05,1.0,0.04,5.0,0.0,0.0,0.6,59.0,0.5
6.139,"Nori, seaweed, dried",,6.6,https://www.matvaretabellen.no/en/nori-seaweed-dried/,255.0,kcal,1084.4,kJ,100.0,0.0,440.0,0.0,0.01,0.12,0.02,0.01,0.02,0.01,0.0,0.0,0.0,0.01,0.01,0.18,0.0,0.0,680.0,54.8,0.0,1.6,0.0,0.5,2200.0,3.3,33.0,0.0,2.8,0.2,0.02,250.0,0.0,7500.0,7.9,0.0,7.8,0.0,0.0,3100.0,54.8,0.0,0.0,0.0,0.0,37.0,73.0,0.0,0.21,0.32,1.5,0.01,0.0,0.0,0.0,0.0,37.0,0.0
13.102,"Nut mix, oriental",,14.3,https://www.matvaretabellen.no/en/nut-mix-oriental/,384.0,kcal,1620.88,kJ,100.0,0.0,8.0,0.0,0.0,0.6,0.0,0.2,2.5,1.7,0.0,,,,0.0,0.0,0.0,0.0,21.0,71.6,2.0,0.3,4.0,5.6,12.0,1.5,48.0,2.6,5.1,0.0,1.7,108.0,1.7,176.0,9.4,4.0,0.9,1.1,4.0,363.0,64.8,6.8,6.8,6.8,,5.0,5.0,0.1,0.06,0.04,3.5,0.12,39.0,0.0,0.1,1.1,9.0,1.6
6.687,Nut roast,,10.6,https://www.matvaretabellen.no/en/nut-roast/,273.0,kcal,1132.7484069054951,kJ,100.0,0.0,234.0,0.05,0.18,2.53,0.09,1.08,9.26,5.35,0.17,0.0,0.0,0.0,0.0,0.0,0.0,0.0,94.0,9.6,10.0,0.54,5.0,21.4,4.0,1.7,89.0,9.3,2.5,0.18,5.37,214.0,5.6,404.0,8.0,20.0,0.8,4.2,18.0,337.0,5.5,0.2,0.2,4.1,0.0,40.0,59.0,0.1,0.13,0.17,1.0,0.16,31.0,6.0,0.1,4.9,56.0,1.6
9.009,"Nut spread, Nugatti",,7.4,https://www.matvaretabellen.no/en/nut-spread-nugatti/,525.0,kcal,2195.5,kJ,100.0,0.0,0.0,0.59,0.37,4.9,0.08,1.84,12.72,4.52,0.16,0.03,0.03,0.03,0.03,0.03,0.03,0.03,120.0,62.1,5.0,0.37,2.0,28.1,,1.5,55.0,22.1,1.2,0.29,4.53,164.0,2.4,468.0,4.9,0.0,0.1,3.4,0.0,54.0,0.7,54.6,54.6,61.4,,0.0,0.0,0.3,0.07,0.0,0.4,0.07,17.0,0.0,0.0,5.4,3.0,0.8
9.131,"Nut spread, less sugar, Nugatti ",,7.4,https://www.matvaretabellen.no/en/nut-spread-less-sugar-nugatti/,500.0,kcal,2076.9592,kJ,100.0,0.0,3.0,0.01,0.02,2.14,0.02,1.21,10.33,14.65,0.2,0.0,0.0,0.0,0.0,0.0,0.0,0.0,178.0,38.8,2.0,0.27,16.0,32.0,18.0,0.9,54.0,10.4,1.4,0.26,14.68,271.0,14.9,519.0,6.2,2.0,0.4,3.7,5.0,169.0,2.9,23.8,23.8,35.9,0.0,2.0,2.0,0.5,0.1,0.44,0.2,0.11,10.0,1.0,0.0,16.0,7.0,1.6
6.161,"Nutmeg, ground",Myristica fragrans Houtt.,16,https://www.matvaretabellen.no/en/nutmeg-ground/,506.0,kcal,2093.65,kJ,100.0,0.0,28.0,0.37,22.83,2.26,1.4,0.17,1.59,0.35,0.0,0.0,0.0,0.0,0.0,0.0,0.0,0.0,184.0,28.5,0.0,1.03,21.0,36.3,0.5,3.0,183.0,3.2,2.3,0.0,0.35,213.0,0.4,350.0,5.8,0.0,0.0,25.9,2.0,16.0,25.5,0.0,0.0,3.0,0.0,2.0,4.0,0.0,0.35,0.06,1.3,0.16,76.0,3.0,0.0,0.0,9.0,2.2
10.214,Nutritional yeast,,10.7,https://www.matvaretabellen.no/en/nutritional-yeast/,295.0,kcal,1236.4,kJ,100.0,0.0,0.0,0.0,0.0,0.8,0.0,0.2,2.2,0.9,0.0,0.0,0.0,0.0,0.0,0.0,0.0,0.0,120.0,3.8,0.0,0.36,23.0,5.2,2.0,3.7,130.0,2.2,163.8,0.0,0.9,1100.0,0.9,1900.0,46.6,0.0,0.1,1.1,12.0,55.0,3.8,0.0,0.0,0.0,0.0,0.0,0.0,0.0,30.3,11.5,156.0,19.3,3070.0,0.0,0.0,0.3,21.0,8.3
13.122,Oat and almond based beverage,,9.5,https://www.matvaretabellen.no/en/oat-and-almond-based-beverage/,80.0,kcal,338.0,kJ,100.0,0.0,0.0,0.0,0.0,0.24,0.01,0.03,1.27,0.74,0.01,0.0,0.0,0.0,0.0,0.0,0.0,0.0,4.0,12.5,0.0,,0.0,2.4,0.0,0.2,9.0,1.3,0.6,0.02,0.74,40.0,0.8,59.0,2.2,0.0,0.1,0.3,1.0,32.0,6.5,0.0,0.0,6.0,0.0,0.0,0.0,0.0,0.02,0.04,0.2,0.01,6.0,0.0,,0.8,83.0,0.2
13.125,Oat based beverage,,9.5,https://www.matvaretabellen.no/en/oat-based-beverage/,56.0,kcal,236.0,kJ,100.0,0.0,0.0,0.0,0.0,0.12,0.0,0.01,0.48,0.34,0.05,0.0,0.0,0.0,0.0,0.0,0.0,0.0,86.0,10.5,0.0,0.04,0.0,1.0,7.0,0.1,4.0,0.5,0.2,0.05,0.34,27.0,0.4,37.0,1.1,0.0,0.1,0.1,0.0,34.0,6.3,0.0,0.0,4.3,0.0,0.0,0.0,0.2,0.08,0.15,0.0,0.01,13.0,0.0,0.9,0.2,87.0,0.1
13.101,"Oat based beverage, chocolate flavour, with calcium and vitamins",,9.5,https://www.matvaretabellen.no/en/oat-based-beverage-chocolate-flavour-with-calcium-and-vitamins/,71.0,kcal,297.0,kJ,100.0,0.0,0.0,0.0,0.0,0.15,0.0,0.05,0.8,0.38,0.08,0.0,0.0,0.0,0.0,0.0,0.0,0.0,110.0,12.3,0.0,0.09,1.0,1.6,0.0,0.9,10.0,0.8,0.3,0.08,0.38,51.0,0.5,66.0,1.2,0.0,0.2,0.2,0.0,64.0,5.1,3.5,3.5,7.2,0.0,0.0,0.0,0.4,0.03,0.29,0.08,0.0,6.0,0.0,1.0,0.6,84.0,0.2
13.103,"Oat based beverage, orange and mango flavour",,9.5,https://www.matvaretabellen.no/en/oat-based-beverage-orange-and-mango-flavour/,54.0,kcal,229.0,kJ,100.0,0.0,0.0,0.0,0.0,0.09,0.0,0.01,0.15,0.2,0.01,0.0,0.0,0.0,0.0,0.0,0.0,0.0,3.0,11.3,0.0,,0.8,0.5,0.0,0.0,0.0,0.2,0.2,0.01,0.2,20.0,0.2,49.0,0.7,0.0,0.0,0.1,0.0,6.0,3.9,3.7,7.4,7.4,,0.0,0.0,0.0,0.03,0.0,0.08,0.0,0.0,0.0,0.0,0.6,87.0,0.1
13.121,"Oat based beverage, organic",,9.5,https://www.matvaretabellen.no/en/oat-based-beverage-organic/,49.0,kcal,206.0,kJ,100.0,0.0,0.0,0.0,0.0,0.09,0.0,0.01,0.16,0.23,0.01,0.0,0.0,0.0,0.0,0.0,0.0,0.0,2.0,10.0,0.0,,0.0,0.5,0.0,0.1,3.0,0.2,0.2,0.01,0.23,22.0,0.2,33.0,1.0,0.0,0.1,0.1,0.0,40.0,6.4,0.0,0.0,3.6,0.0,0.0,0.0,0.0,0.27,0.08,0.0,0.01,5.0,0.0,,0.0,89.0,0.1
13.123,"Oat based beverage, with calcium and vitamin D",,9.5,https://www.matvaretabellen.no/en/oat-based-beverage-with-calcium-and-vitamin-d/,61.0,kcal,258.0,kJ,100.0,0.0,0.0,0.0,0.0,0.14,0.0,0.01,0.26,0.33,0.01,0.0,0.0,0.0,0.0,0.0,0.0,0.0,92.0,12.2,0.0,,0.0,0.8,0.0,0.1,4.0,0.3,0.2,0.01,0.33,21.0,0.3,41.0,1.3,0.0,0.0,0.1,0.0,12.0,6.9,0.0,0.0,5.3,0.0,0.0,0.0,0.0,0.0,0.02,0.0,0.01,4.0,0.0,1.0,0.1,86.0,0.0
13.068,"Oat based beverage, with calcium and vitamins (vit D, vit B2, vit B12) ",Avena sativa L.,9.5,https://www.matvaretabellen.no/en/oat-based-beverage-with-calcium-and-vitamins-vit-d-vit-b2-vit-b12/,59.0,kcal,247.0,kJ,100.0,0.0,0.0,0.0,0.0,0.13,0.0,0.02,0.77,0.39,0.09,0.0,0.0,0.0,0.0,0.0,0.0,0.0,120.0,10.3,0.0,,0.0,1.4,8.0,0.1,4.0,0.8,0.2,0.09,0.39,43.0,0.5,35.0,1.1,0.0,0.1,0.2,0.0,41.0,6.7,0.0,0.0,3.6,,0.0,0.0,0.4,0.02,0.22,0.0,0.02,5.0,0.0,0.6,0.3,87.0,0.1
13.124,"Oat based beverage, with iodine, calcium, vitamins (vit B2, folat, vit B12, vit D)",,9.5,https://www.matvaretabellen.no/en/oat-based-beverage-with-iodine-calcium-vitamins-vit-b2-folat-vit-b12-vit-d/,55.0,kcal,232.0,kJ,100.0,0.0,0.0,0.0,0.0,0.13,0.0,0.02,0.74,0.41,0.1,0.0,0.0,0.0,0.0,0.0,0.0,0.0,130.0,9.7,0.0,,0.0,1.4,20.0,0.2,5.0,0.8,0.2,0.1,0.41,23.0,0.5,37.0,0.9,0.0,0.1,0.2,1.0,42.0,5.0,0.0,0.0,4.7,0.0,0.0,0.0,0.4,0.02,0.27,0.0,0.01,39.0,0.0,1.1,0.3,88.0,0.1
5.48,"Oat bread flour mix, gluten-free, Toro",,5.1,https://www.matvaretabellen.no/en/oat-bread-flour-mix-gluten-free-toro/,400.0,kcal,1689.19,kJ,100.0,0.0,0.0,0.0,0.0,0.41,0.01,0.18,2.16,1.87,1.0,0.0,0.0,0.0,0.0,0.0,0.0,0.0,126.0,76.9,0.0,0.12,10.0,6.3,0.0,3.2,37.0,2.2,1.3,1.0,1.87,199.0,2.9,105.0,4.1,0.0,1.6,0.6,0.0,634.0,73.4,0.2,0.2,3.5,0.0,0.0,0.0,0.0,0.18,0.03,0.6,0.09,15.0,0.0,0.0,2.2,3.0,0.6
10.173,"Oat porridge, overnight oats ",,5.12,https://www.matvaretabellen.no/en/oat-porridge-overnight-oats/,114.0,kcal,479.0,kJ,100.0,0.0,4.0,0.03,0.11,0.51,0.03,0.11,0.68,0.51,0.02,0.0,0.0,0.0,0.0,0.0,0.0,0.0,101.0,15.9,3.0,0.09,3.0,2.6,10.0,0.9,35.0,0.7,1.3,0.02,0.5,170.0,0.5,210.0,5.5,7.0,0.3,0.9,1.0,121.0,12.6,0.0,0.0,3.3,0.0,8.0,7.0,0.4,0.17,0.12,0.2,0.04,10.0,0.0,0.1,0.1,74.0,0.8
10.175,"Oat porridge, overnight oats and chia seeds",,5.12,https://www.matvaretabellen.no/en/oat-porridge-overnight-oats-and-chia-seeds/,140.0,kcal,586.0,kJ,100.0,0.0,8.0,0.05,0.17,0.73,0.04,0.23,0.79,0.7,1.13,0.0,0.0,0.0,0.0,0.0,0.0,0.0,149.0,16.0,4.0,0.16,4.0,4.7,12.0,1.1,47.0,0.8,1.7,1.13,0.68,191.0,1.8,250.0,6.3,15.0,0.1,1.4,2.0,34.0,8.9,0.0,3.1,7.1,0.0,16.0,16.0,0.4,0.16,0.15,0.4,0.05,12.0,0.0,0.1,0.1,69.0,1.1
10.149,"Oat porridge, with milk",,5.12,https://www.matvaretabellen.no/en/oat-porridge-with-milk/,75.0,kcal,318.0,kJ,100.0,0.0,2.0,0.02,0.07,0.29,0.01,0.07,0.35,0.23,0.01,0.0,0.0,0.0,0.0,0.0,0.0,0.0,130.0,10.3,2.0,0.05,1.0,1.4,15.0,0.4,21.0,0.4,1.2,0.01,0.23,151.0,0.2,194.0,4.8,2.0,0.8,0.5,1.0,313.0,6.0,0.0,0.0,4.3,0.0,2.0,2.0,0.5,0.06,0.14,0.1,0.03,5.0,0.0,0.3,0.1,82.0,0.5
1.337,"Oat porridge, without salt, with milk",,5.12,https://www.matvaretabellen.no/en/oat-porridge-without-salt-with-milk/,76.0,kcal,321.0,kJ,100.0,0.0,2.0,0.02,0.07,0.29,0.01,0.07,0.35,0.23,0.01,0.0,0.0,0.0,0.0,0.0,0.0,0.0,131.0,10.4,2.0,0.05,1.0,1.4,15.0,0.5,20.0,0.4,1.2,0.01,0.23,152.0,0.2,195.0,4.8,2.0,0.1,0.6,1.0,38.0,6.0,0.0,0.0,4.3,0.0,2.0,2.0,0.5,0.06,0.14,0.1,0.03,5.0,0.0,0.3,0.1,82.0,0.5
1.338,"Oat porridge, without salt, with water",,5.12,https://www.matvaretabellen.no/en/oat-porridge-without-salt-with-water/,39.0,kcal,165.0,kJ,100.0,0.0,0.0,0.0,0.0,0.09,0.0,0.0,0.21,0.23,0.01,0.0,0.0,0.0,0.0,0.0,0.0,0.0,6.0,6.1,0.0,0.04,1.0,0.7,0.1,0.5,14.0,0.2,0.4,0.01,0.23,47.0,0.2,32.0,1.5,0.0,0.0,0.1,0.0,0.0,6.0,0.0,0.0,0.1,0.0,0.0,0.0,0.0,0.04,0.01,0.07,0.01,3.0,0.0,0.0,0.1,90.0,0.3
5.122,Oatbran,Avena sativa L.,5.1,https://www.matvaretabellen.no/en/oatbran/,361.0,kcal,1518.8,kJ,100.0,0.0,0.0,0.03,0.02,1.22,0.02,0.08,2.56,2.86,0.13,0.0,0.0,0.0,0.0,0.0,0.0,0.0,58.0,54.6,0.0,0.62,13.0,7.5,0.5,5.0,235.0,2.7,6.8,0.13,2.86,734.0,2.7,566.0,12.3,0.0,0.0,1.6,1.0,4.0,51.4,0.0,0.0,3.2,0.0,0.0,0.0,0.0,0.5,0.22,4.7,0.17,52.0,0.0,0.0,7.5,13.0,3.1
5.004,Oatmeal,Avena sativa L.,5.1,https://www.matvaretabellen.no/en/oatmeal/,375.0,kcal,1580.23,kJ,100.0,0.0,0.0,0.0,0.0,0.6,0.0,0.1,1.5,1.7,0.1,0.0,0.0,0.0,0.0,0.0,0.0,0.0,43.0,64.8,0.0,0.38,14.0,4.4,0.0,4.5,110.0,1.6,2.8,0.1,1.7,370.0,1.8,34.0,12.0,0.0,0.0,0.7,12.0,1.0,64.0,0.0,0.0,0.8,0.0,0.0,0.0,0.0,0.29,0.07,0.8,0.11,30.0,0.0,0.0,0.8,5.0,2.6
5.528,"Oatmeal, organic, Det Glutenfrie Verksted",Avena sativa L.,5.1,https://www.matvaretabellen.no/en/oatmeal-organic-det-glutenfrie-verksted/,367.0,kcal,1547.024,kJ,100.0,0.0,0.0,0.05,0.0,0.96,0.01,0.1,2.11,2.16,0.1,0.0,0.0,0.0,0.0,0.0,0.0,0.0,16.0,58.8,0.0,0.41,10.0,6.7,0.8,4.4,121.0,2.2,3.2,0.05,2.16,325.0,2.2,382.0,13.2,0.0,0.0,1.1,12.0,2.0,58.0,0.0,0.0,0.8,0.0,0.0,0.0,0.0,0.56,0.03,1.0,0.1,87.0,0.0,0.0,0.8,12.0,3.6
8.249,"Oil, coconut",Cocos nucifera L.,8.2,https://www.matvaretabellen.no/en/oil-coconut/,894.0,kcal,3674.1,kJ,100.0,0.0,0.0,45.55,18.52,7.95,0.0,2.81,5.14,1.03,0.0,0.0,0.0,0.0,0.0,0.0,0.0,0.0,0.0,0.0,0.0,0.0,0.0,99.3,0.0,0.0,0.0,5.1,0.0,0.0,1.03,0.0,1.0,0.0,0.0,0.0,0.0,87.3,0.0,0.0,0.0,0.0,0.0,0.0,0.0,0.0,0.0,0.0,0.0,0.0,0.0,0.0,0.0,0.0,0.0,0.0,1.0,0.0
8.006,"Oil, corn",Zea mays L.,8.2,https://www.matvaretabellen.no/en/oil-corn/,892.0,kcal,3666.4,kJ,100.0,0.0,0.0,0.0,0.0,9.89,0.0,1.7,28.24,52.57,1.2,0.0,0.0,0.0,0.0,0.0,0.0,0.0,0.0,0.0,0.0,0.0,0.0,99.0,0.4,0.0,0.0,28.5,0.0,1.4,52.57,0.0,53.9,0.0,0.2,0.0,0.0,12.2,0.0,0.0,0.0,0.0,0.0,0.0,0.0,0.0,0.0,0.0,0.0,0.0,0.0,0.0,0.0,0.0,0.0,23.7,1.0,0.0
8.111,"Oil, frying, blend",,8.2,https://www.matvaretabellen.no/en/oil-frying-blend/,887.0,kcal,3647.9,kJ,100.0,0.0,0.0,0.0,0.0,5.14,0.1,2.45,42.95,38.18,3.93,0.0,0.0,0.0,0.0,0.0,0.0,0.0,0.0,0.0,0.0,0.0,0.0,98.5,0.0,0.0,0.0,43.9,0.0,4.06,38.2,0.0,42.3,0.0,0.2,0.0,0.0,8.7,0.0,0.0,0.0,0.0,0.0,0.0,0.0,0.0,0.0,0.0,0.0,0.0,0.0,0.0,0.0,0.0,0.0,29.1,1.0,0.0
8.251,"Oil, linseed",Linum usitatissimum L.,8.2,https://www.matvaretabellen.no/en/oil-linseed/,900.0,kcal,3700.0,kJ,100.0,0.0,61.0,0.0,0.0,4.5,0.05,2.91,19.93,14.44,52.31,0.0,0.0,0.0,0.0,0.0,0.0,0.0,0.0,0.0,0.0,0.0,0.0,100.0,,0.0,0.0,20.4,0.0,52.31,14.44,0.0,66.9,0.0,0.0,0.0,0.0,7.9,0.0,0.0,0.0,0.0,0.0,0.0,0.0,5.0,10.0,0.0,0.0,0.0,0.0,0.0,0.0,0.0,0.0,6.7,,0.0
8.019,"Oil, olive",Olea europea L.,8.2,https://www.matvaretabellen.no/en/oil-olive/,892.0,kcal,3666.4,kJ,100.0,0.0,0.0,0.0,0.0,10.6,0.84,2.9,72.6,6.7,0.55,0.0,0.0,0.0,0.0,0.0,0.0,0.0,0.0,0.0,0.0,0.0,0.0,99.0,0.0,0.0,0.0,73.7,0.0,0.55,6.7,0.0,7.3,0.0,0.2,0.0,0.0,14.0,0.0,0.0,0.0,0.0,0.0,0.0,0.0,0.0,0.0,0.0,0.0,0.0,0.0,0.0,0.0,0.0,0.0,15.4,1.0,0.0
8.112,"Oil, olive, Extra Virgin",Olea europea L.,8.2,https://www.matvaretabellen.no/en/oil-olive-extra-virgin/,889.0,kcal,3655.6,kJ,100.0,0.0,0.0,0.0,0.0,10.2,0.84,3.1,73.5,6.9,0.62,0.0,0.0,0.0,0.0,0.0,0.0,0.0,0.0,0.0,0.0,0.0,0.0,98.8,0.0,0.0,0.0,74.5,0.0,0.62,6.9,0.0,7.5,0.0,0.0,0.0,0.0,13.9,0.0,0.0,0.0,0.0,0.0,0.0,0.0,0.0,0.0,0.0,0.0,0.0,0.0,0.0,0.0,0.0,0.0,17.9,1.0,0.0
8.236,"Oil, palm",Elaeis guineensis,8.2,https://www.matvaretabellen.no/en/oil-palm/,900.0,kcal,3700.0,kJ,100.0,0.0,0.0,0.1,1.0,43.5,0.3,4.3,36.6,9.1,0.2,0.0,0.0,0.0,0.0,0.0,0.0,0.0,0.0,0.0,0.0,0.0,0.0,100.0,0.0,0.4,0.0,37.1,0.0,0.2,9.1,0.0,10.4,0.0,0.0,0.0,0.0,47.8,0.0,0.0,0.0,0.0,0.0,0.0,0.0,0.0,0.0,0.0,0.0,0.0,0.0,0.0,0.0,0.0,0.0,33.1,0.0,0.0
8.234,"Oil, peanut",Arachis hypogaea L.,8.2,https://www.matvaretabellen.no/en/oil-peanut/,892.0,kcal,3666.4,kJ,100.0,0.0,0.0,0.0,0.0,8.6,0.1,3.0,53.24,21.4,1.2,0.0,0.0,0.0,0.0,0.0,0.0,0.0,0.0,0.0,0.0,0.0,0.0,99.0,0.0,0.0,0.0,54.4,0.0,1.3,21.4,0.0,22.7,0.0,0.2,0.0,0.0,16.5,0.0,0.0,0.0,0.0,0.0,0.0,0.0,0.0,0.0,0.0,0.0,0.0,0.0,0.0,0.0,0.0,0.0,15.2,1.0,0.0
8.235,"Oil, rapeseed",Brassica napus L.,8.2,https://www.matvaretabellen.no/en/oil-rapeseed/,892.0,kcal,3666.4,kJ,100.0,0.0,0.0,0.0,0.0,4.69,0.2,1.7,57.67,19.95,7.68,0.0,0.0,0.0,0.0,0.0,0.0,0.0,0.0,0.0,0.0,0.0,0.0,99.0,0.0,0.0,0.0,59.3,0.0,7.7,20.0,0.0,27.7,0.0,0.2,0.0,0.0,7.3,0.0,0.0,0.0,0.0,0.0,0.0,0.0,0.0,0.0,0.0,0.0,0.0,0.0,0.0,0.0,0.0,0.0,28.3,1.0,0.0
8.114,"Oil, rapeseed and sunflower, Vita",,8.2,https://www.matvaretabellen.no/en/oil-rapeseed-and-sunflower-vita/,900.0,kcal,3700.0,kJ,100.0,0.0,0.0,0.1,0.1,5.7,0.2,2.1,53.8,25.8,5.1,0.0,0.0,0.0,0.0,0.0,0.0,0.0,0.0,0.0,0.0,0.0,0.0,100.0,0.0,0.0,0.0,54.0,0.0,5.1,25.8,0.0,34.0,0.0,0.0,0.0,0.0,8.0,0.0,0.0,0.0,0.0,0.0,0.0,0.0,0.0,0.0,0.0,0.0,0.0,0.0,0.0,0.0,0.0,9.9,38.0,0.0,0.0
8.113,"Oil, rapeseed, cold pressed, Odelia",Brassica napus L.,8.2,https://www.matvaretabellen.no/en/oil-rapeseed-cold-pressed-odelia/,900.0,kcal,3700.0,kJ,100.0,0.0,0.0,0.0,0.0,4.97,0.21,1.8,61.15,21.16,8.15,0.0,0.0,0.0,0.0,0.0,0.0,0.0,0.0,0.0,0.0,0.0,0.0,100.0,0.0,0.0,0.0,60.0,0.0,8.15,21.16,0.0,33.0,0.0,0.0,0.0,0.0,7.0,0.0,0.0,0.0,0.0,0.0,0.0,0.0,0.0,0.0,0.0,0.0,0.0,0.0,0.0,0.0,0.0,0.0,18.0,0.0,0.0
8.105,"Oil, sesame",Sesamum indicum L.,8.2,https://www.matvaretabellen.no/en/oil-sesame/,898.0,kcal,3692.3,kJ,100.0,0.0,0.0,0.0,0.0,8.9,0.2,4.8,39.3,41.3,0.3,0.0,0.0,0.0,0.0,0.0,0.0,0.0,10.0,0.0,0.0,0.0,0.0,99.7,0.0,0.1,0.0,37.5,0.1,0.3,41.3,0.0,43.4,20.0,0.2,0.0,0.0,14.6,0.0,2.0,0.0,0.0,0.0,0.0,0.0,0.0,0.0,0.0,0.01,0.07,0.1,0.0,0.0,0.0,0.0,1.4,0.0,0.0
8.007,"Oil, soy",Glycine max (L.) Merr.,8.2,https://www.matvaretabellen.no/en/oil-soy/,900.0,kcal,3700.0,kJ,100.0,0.0,0.0,0.0,0.0,10.54,0.05,3.24,23.42,51.09,5.58,0.0,0.0,0.0,0.0,0.0,0.0,0.0,0.0,0.0,0.0,0.0,0.0,100.0,0.0,0.0,0.0,23.0,0.0,5.6,50.4,0.0,58.0,0.0,0.0,0.0,0.0,14.0,0.0,0.0,0.0,0.0,0.0,0.0,0.0,0.0,0.0,0.0,0.0,0.0,0.0,0.0,0.0,0.0,0.0,6.0,0.0,0.0
8.106,"Oil, sunflower",Helianthus annuus L.,8.2,https://www.matvaretabellen.no/en/oil-sunflower/,883.0,kcal,3629.4,kJ,100.0,0.0,0.0,0.0,0.0,5.6,0.0,3.2,28.24,56.4,0.17,0.0,0.0,0.0,0.0,0.0,0.0,0.0,0.0,0.0,0.0,0.0,0.0,98.0,0.0,0.0,0.0,28.4,0.0,0.42,56.4,0.0,56.8,0.0,0.2,0.0,0.0,10.0,0.0,0.0,0.0,0.0,0.0,0.0,0.0,0.0,0.0,0.0,0.0,0.0,0.0,0.0,0.0,0.0,0.0,59.0,2.0,0.0
8.25,"Oil, walnut",Juglans regia L.,8.2,https://www.matvaretabellen.no/en/oil-walnut/,899.0,kcal,3696.3,kJ,100.0,0.0,0.0,0.0,0.0,7.0,0.1,2.0,22.2,52.9,10.4,0.0,0.0,0.0,0.0,0.0,0.0,0.0,0.0,0.0,0.0,0.0,0.0,99.9,0.0,0.0,0.0,16.5,0.0,10.4,52.9,0.0,69.9,0.0,0.0,0.0,0.0,9.1,0.0,0.0,0.0,0.0,0.0,0.0,0.0,0.0,0.0,0.0,0.0,0.0,0.0,0.0,0.0,0.0,0.0,0.4,0.0,0.0
8.104,"Oil, wheatgerm",Triticum aestivum L.,8.2,https://www.matvaretabellen.no/en/oil-wheatgerm/,900.0,kcal,3699.7,kJ,100.0,0.0,0.0,0.0,0.1,16.6,0.5,0.5,14.6,54.8,6.9,0.0,0.0,0.0,0.0,0.0,0.0,0.0,0.0,0.0,0.0,0.0,0.0,99.9,0.0,0.0,0.0,16.7,0.0,6.9,54.8,0.0,60.4,0.0,0.2,0.0,0.0,18.5,0.0,0.0,0.0,0.0,0.0,0.0,0.0,0.0,0.0,0.0,0.0,0.0,0.0,0.0,0.0,0.0,0.0,137.0,0.0,0.0
6.188,"Okra, raw",Abelmoschus esculentus,6.2,https://www.matvaretabellen.no/en/okra-raw/,28.0,kcal,116.0,kJ,86.0,0.0,416.0,0.0,0.0,0.02,0.0,0.0,0.02,0.03,0.0,0.0,0.0,0.0,0.0,0.0,0.0,0.0,82.0,3.0,0.0,0.11,3.0,0.2,,0.6,57.0,0.0,1.3,0.0,0.03,61.0,0.0,299.0,1.9,0.0,0.0,0.0,1.0,7.0,0.5,0.0,0.0,2.5,0.0,35.0,69.0,0.0,0.2,0.06,1.0,0.22,60.0,23.0,0.0,0.3,92.0,0.6
6.611,"Olives, black, in oil, canned",Olea europea L.,6.6,https://www.matvaretabellen.no/en/olives-black-in-oil-canned/,348.0,kcal,1432.0,kJ,80.0,0.0,40.0,0.0,0.0,3.92,0.29,0.78,25.86,2.82,0.21,0.0,0.0,0.0,0.0,0.0,0.0,0.0,61.0,1.8,0.0,0.23,4.0,36.0,5.0,1.6,22.0,25.0,0.4,0.26,3.37,29.0,4.0,55.0,2.2,0.0,8.3,5.0,1.0,3300.0,0.0,0.0,0.0,1.8,0.0,3.0,6.0,0.0,0.0,0.0,0.0,0.01,10.0,0.0,0.0,0.1,56.0,0.2
6.176,"Olives, green, filled with sweet pepper, drained",Olea europea L.,6.6,https://www.matvaretabellen.no/en/olives-green-filled-with-sweet-pepper-drained/,130.0,kcal,535.0,kJ,100.0,0.0,243.0,0.0,0.0,1.59,0.14,0.29,7.6,0.51,0.08,0.0,0.0,0.0,0.0,0.0,0.0,0.0,102.0,1.1,0.0,0.1,3.0,13.1,5.0,0.2,15.0,7.8,0.2,0.08,0.51,5.0,0.7,47.0,0.6,0.0,3.4,2.0,0.0,1360.0,,0.0,0.0,0.0,0.0,20.0,40.0,0.0,0.0,0.0,0.07,0.02,1.0,4.0,0.0,4.4,83.0,0.1
6.556,"Olives, green, pickled",Olea europea L.,6.6,https://www.matvaretabellen.no/en/olives-green-pickled/,151.0,kcal,619.0,kJ,80.0,0.0,231.0,0.0,0.0,1.69,0.12,0.34,11.14,1.22,0.09,0.0,0.0,0.0,0.0,0.0,0.0,0.0,52.0,0.5,0.0,0.12,3.0,15.3,5.0,0.5,11.0,11.3,0.4,0.09,1.22,4.0,1.3,42.0,1.0,0.0,3.9,2.0,1.0,1556.0,0.0,0.0,0.0,0.5,0.0,19.0,38.0,0.0,0.02,0.01,0.2,0.03,3.0,0.0,0.0,3.8,80.0,0.0
2.006,"Omelette, fried in fat",,2,https://www.matvaretabellen.no/en/omelette-fried-in-fat/,181.0,kcal,750.0,kJ,100.0,0.0,15.0,0.15,0.28,2.77,0.27,1.11,5.06,2.03,0.18,0.0,0.02,0.0,0.18,0.0,0.0,0.09,61.0,0.7,301.0,0.06,0.0,14.4,33.0,1.8,13.0,5.4,3.1,0.27,2.25,197.0,2.5,145.0,12.1,186.0,0.6,4.7,20.0,256.0,0.1,0.0,0.0,0.6,0.1,187.0,188.0,1.1,0.07,0.31,0.01,0.12,44.0,0.0,2.4,4.6,73.0,1.3
2.007,"Omelette, fried without fat",,2,https://www.matvaretabellen.no/en/omelette-fried-without-fat/,161.0,kcal,668.0,kJ,100.0,0.0,10.0,0.05,0.19,2.55,0.27,0.96,3.93,1.62,0.07,0.0,0.02,0.0,0.18,0.0,0.0,0.1,62.0,0.6,311.0,0.06,0.0,11.9,34.0,1.9,14.0,4.2,3.2,0.17,1.85,204.0,2.0,147.0,12.8,158.0,0.6,4.0,21.0,256.0,0.0,0.0,0.0,0.6,0.0,159.0,159.0,1.2,0.07,0.33,0.01,0.1,33.0,0.0,2.4,4.9,75.0,1.3
6.042,"Onion, Norwegian, raw",Allium cepa L.,6.2,https://www.matvaretabellen.no/en/onion-norwegian-raw/,30.0,kcal,124.0,kJ,93.0,0.0,0.0,0.0,0.0,0.0,0.0,0.0,0.0,0.0,0.0,0.0,0.0,0.0,0.0,0.0,0.0,0.0,19.0,4.4,0.0,0.04,4.0,0.0,0.0,0.2,10.0,0.0,0.2,0.0,0.0,30.0,0.0,185.0,1.0,0.0,0.0,0.0,0.0,1.0,0.0,0.0,0.0,4.4,0.0,0.0,0.0,0.0,0.03,0.11,0.08,0.13,30.0,3.0,0.0,0.1,91.0,0.2
6.722,"Onion, cooked",Allium cepa L.,6.2,https://www.matvaretabellen.no/en/onion-cooked/,27.0,kcal,112.0,kJ,93.0,0.0,0.0,0.0,0.0,0.0,0.0,0.0,0.0,0.0,0.0,0.0,0.0,0.0,0.0,0.0,0.0,0.0,18.0,4.0,0.0,0.03,4.0,0.0,0.0,0.1,6.0,0.0,0.2,0.0,0.0,27.0,0.0,82.0,0.8,0.0,0.0,0.0,0.0,1.0,0.0,0.0,0.0,4.0,0.0,0.0,0.0,0.0,0.02,0.08,0.05,0.09,15.0,1.0,0.0,0.1,91.0,0.1
6.677,"Onion, roasted",,6.6,https://www.matvaretabellen.no/en/onion-roasted/,537.0,kcal,2220.06,kJ,100.0,0.0,37.0,0.06,0.26,10.92,0.07,1.85,18.86,4.68,1.1,0.0,0.0,0.0,0.0,0.0,0.0,0.0,42.0,16.2,0.0,0.14,5.0,48.5,14.0,1.2,28.0,19.4,2.4,0.29,4.68,109.0,5.8,405.0,6.4,0.0,1.6,13.4,2.0,647.0,10.0,0.0,0.0,6.2,0.0,3.0,6.0,0.0,0.06,0.11,1.3,0.39,78.0,0.0,0.0,7.1,24.0,0.9
6.682,"Orange juice, freshly squeezed",,9.2,https://www.matvaretabellen.no/en/orange-juice-freshly-squeezed/,37.0,kcal,155.0,kJ,100.0,0.0,55.0,0.0,0.0,0.01,0.0,0.0,0.02,0.02,0.01,0.0,0.0,0.0,0.0,0.0,0.0,0.0,12.0,8.1,0.0,0.0,0.0,0.2,1.0,0.3,12.0,0.0,0.3,0.01,0.02,22.0,0.1,180.0,0.6,0.0,0.0,0.0,0.0,2.0,0.0,0.0,8.1,8.1,0.0,5.0,9.0,0.0,0.08,0.02,0.2,0.05,28.0,48.0,0.0,0.4,91.0,0.0
6.568,"Orange juice, from concentrate",Citrus sinensis (L.) Osbeck,9.2,https://www.matvaretabellen.no/en/orange-juice-from-concentrate/,43.0,kcal,181.0,kJ,100.0,0.0,40.0,0.0,0.0,0.01,0.0,0.0,0.02,0.02,0.01,0.0,0.0,0.0,0.0,0.0,0.0,0.0,12.0,9.6,0.0,0.03,0.0,0.2,1.0,0.1,10.0,0.0,0.5,0.01,0.02,16.0,0.1,164.0,0.6,0.0,0.0,0.0,0.0,3.0,0.0,0.0,9.8,9.6,0.0,3.0,6.0,0.0,0.33,0.02,0.4,0.04,32.0,31.0,0.0,0.2,90.0,0.1
6.565,Orange marmalade,,13.3,https://www.matvaretabellen.no/en/orange-marmalade/,276.0,kcal,1172.5922162270183,kJ,100.0,0.0,10.0,0.0,0.0,0.01,0.0,0.0,0.01,0.01,0.0,0.0,0.0,0.0,0.0,0.0,0.0,0.0,8.0,68.5,0.0,0.02,0.4,0.0,0.1,0.0,2.0,0.0,0.2,0.0,0.01,5.0,0.0,28.0,0.2,0.0,0.0,0.0,0.0,0.0,0.0,66.6,66.6,68.5,0.0,1.0,1.0,0.0,0.02,0.01,0.09,0.02,6.0,6.0,0.0,0.1,31.0,0.0
6.628,"Orange peel, raw",Citrus sinensis (L.) Osbeck,13.3,https://www.matvaretabellen.no/en/orange-peel-raw/,87.0,kcal,363.0,kJ,100.0,0.0,252.0,0.0,0.0,0.02,0.01,0.0,0.03,0.0,0.0,0.0,0.0,0.0,0.0,0.0,0.0,0.0,161.0,14.4,0.0,0.09,11.0,0.2,,0.8,22.0,0.0,1.2,0.0,0.0,21.0,0.0,212.0,1.5,0.0,0.0,0.0,1.0,3.0,0.0,0.0,0.0,14.4,0.0,21.0,42.0,0.0,0.12,0.09,0.9,0.18,30.0,136.0,0.0,0.3,73.0,0.3
6.52,"Orange, raw",Citrus sinensis (L.) Osbeck,13.2,https://www.matvaretabellen.no/en/orange-raw/,41.0,kcal,174.0,kJ,78.0,0.0,48.0,0.0,0.0,0.02,0.0,0.0,0.02,0.03,0.01,0.0,0.0,0.0,0.0,0.0,0.0,0.0,30.0,8.2,0.0,0.04,2.0,0.1,0.1,0.1,10.0,0.0,0.6,0.01,0.03,21.0,0.0,158.0,0.9,0.0,0.0,0.0,0.0,1.0,0.0,0.0,0.0,8.2,0.0,4.0,8.0,0.0,0.1,0.03,0.4,0.08,46.0,54.0,0.0,0.3,89.0,0.1
6.163,"Oregano, dried",Origanum vulgare L.,16,https://www.matvaretabellen.no/en/oregano-dried/,246.0,kcal,1018.56,kJ,100.0,0.0,1007.0,0.25,0.0,0.79,0.0,0.51,0.71,0.75,0.62,0.0,0.0,0.0,0.0,0.0,0.0,0.0,1597.0,21.6,0.0,0.63,43.0,4.3,6.0,36.8,270.0,0.7,6.1,0.62,0.75,148.0,1.4,1260.0,9.0,0.0,0.1,1.6,5.0,25.0,17.5,0.0,0.0,4.1,0.0,84.0,167.0,0.0,0.18,0.53,4.6,1.04,237.0,2.0,0.0,18.3,23.0,2.7
4.058,"Oyster, common, raw","Ostrea edulis Linnaeus, 1758",4.3,https://www.matvaretabellen.no/en/oyster-common-raw/,59.0,kcal,247.0,kJ,10.0,0.0,0.0,0.0,0.08,0.5,0.08,0.1,0.26,0.06,0.13,0.0,0.0,0.02,0.02,0.27,0.02,0.21,22.0,0.0,50.0,0.9,0.0,2.4,85.0,3.1,19.0,0.5,3.7,0.65,0.09,161.0,1.0,265.0,9.3,38.0,0.3,0.5,60.0,110.0,0.0,0.0,0.0,0.0,0.0,38.0,38.0,14.0,0.2,0.2,2.0,0.2,10.0,0.0,3.1,1.1,88.0,42.0
4.344,"Pangasius, raw",Pangasius  hypophthalmus,4.1.2,https://www.matvaretabellen.no/en/pangasius-raw/,63.0,kcal,265.0,kJ,,0.0,0.0,0.0,0.03,0.22,0.01,0.07,0.28,0.07,0.01,0.0,0.0,0.0,0.0,0.0,0.01,0.01,9.0,0.0,34.0,0.01,0.0,1.1,2.0,0.1,20.0,0.3,4.4,0.03,0.06,208.0,0.1,235.0,13.1,0.0,0.8,0.3,13.0,318.0,0.0,0.0,0.0,0.0,0.0,0.0,0.0,0.4,0.02,0.03,2.0,0.12,8.0,0.0,0.0,0.2,86.0,0.3
10.141,Panna cotta,,7.3,https://www.matvaretabellen.no/en/panna-cotta/,360.0,kcal,1490.6833583208395,kJ,100.0,0.0,179.0,0.92,3.05,8.63,0.7,3.17,6.23,0.43,0.12,0.0,0.0,0.0,0.0,0.0,0.0,0.0,63.0,18.8,75.0,0.02,0.0,30.5,8.0,0.0,0.0,7.3,0.5,0.12,0.12,75.0,0.7,0.0,2.5,275.0,0.1,19.3,2.0,27.0,0.0,16.4,16.4,18.8,0.9,290.0,304.0,0.3,0.0,0.16,0.0,0.0,0.3,0.0,0.0,0.0,48.0,0.0
6.625,"Papaya, dried",Carica papaya L.,13.3,https://www.matvaretabellen.no/en/papaya-dried/,259.0,kcal,1099.2,kJ,100.0,0.0,6800.0,0.0,0.0,0.11,0.06,0.0,0.06,0.0,0.11,0.0,0.0,0.0,0.0,0.0,0.0,0.0,135.0,57.6,0.0,,5.0,0.6,0.1,0.6,56.0,0.2,2.0,0.11,0.0,28.0,0.2,1439.0,3.4,0.0,0.0,0.2,1.0,17.0,5.4,0.0,0.0,52.2,0.0,567.0,1133.0,0.0,0.18,0.17,1.4,0.11,3.0,219.0,0.0,0.5,33.0,0.4
6.606,"Papaya, raw",Carica papaya L.,13.2,https://www.matvaretabellen.no/en/papaya-raw/,47.0,kcal,197.0,kJ,62.0,0.0,185.0,0.0,0.01,0.06,0.04,0.0,0.03,0.01,0.05,0.0,0.0,0.0,0.0,0.0,0.0,0.0,21.0,9.5,0.0,0.03,2.0,0.3,0.1,0.2,17.0,0.1,0.5,0.05,0.01,9.0,0.1,215.0,0.7,0.0,0.0,0.1,1.0,14.0,0.0,0.0,0.0,9.5,0.0,15.0,30.0,0.0,0.02,0.03,0.4,0.04,37.0,68.0,0.0,0.4,88.0,0.1
6.235,Parsley root puree,,6.6,https://www.matvaretabellen.no/en/parsley-root-puree/,138.0,kcal,569.0,kJ,100.0,0.0,69.0,0.34,1.13,3.23,0.26,1.17,2.36,0.26,0.05,0.0,0.0,0.0,0.0,0.0,0.0,0.0,67.0,5.5,28.0,0.09,2.0,11.4,8.0,0.4,16.0,2.7,1.3,0.05,0.15,80.0,0.4,186.0,2.1,102.0,1.0,7.2,1.0,380.0,1.1,0.0,0.0,4.4,0.3,108.0,113.0,0.2,0.02,0.07,0.8,0.1,18.0,13.0,1.1,0.9,79.0,0.4
6.051,"Parsley root, Norwegian, raw",Petroselinum crispum (Mill.) A.W.Hill convar. radicosum (Alef.) Danert,6.2,https://www.matvaretabellen.no/en/parsley-root-norwegian-raw/,46.0,kcal,195.0,kJ,91.0,0.0,8.0,0.0,0.0,0.08,0.0,0.0,0.12,0.19,0.01,0.0,0.0,0.0,0.0,0.0,0.0,0.0,42.0,7.3,,0.14,4.0,0.3,0.4,0.8,36.0,0.1,2.1,0.01,0.19,81.0,0.3,483.0,1.7,0.0,0.1,0.1,0.0,27.0,1.7,0.0,0.0,5.6,0.0,1.0,1.0,0.0,0.03,0.04,1.8,0.23,59.0,52.0,0.0,1.1,87.0,0.7
6.727,"Parsley root, cooked",Petroselinum crispum (Mill.) A.W.Hill convar. radicosum (Alef.) Danert,6.2,https://www.matvaretabellen.no/en/parsley-root-cooked/,44.0,kcal,185.0,kJ,91.0,0.0,7.0,0.0,0.0,0.08,0.0,0.0,0.12,0.18,0.01,0.0,0.0,0.0,0.0,0.0,0.0,0.0,42.0,6.9,0.0,0.14,4.0,0.3,0.4,0.6,23.0,0.1,2.2,0.01,0.18,77.0,0.3,229.0,1.6,0.0,0.0,0.1,0.0,16.0,1.6,0.0,0.0,5.3,0.0,1.0,1.0,0.0,0.02,0.03,1.3,0.17,31.0,22.0,0.0,1.2,88.0,0.6
6.167,"Parsley, dried",Petroselinum  crispum (Mill.) Nyman ex A.W. Hill var. crispum,16,https://www.matvaretabellen.no/en/parsley-dried/,305.0,kcal,1275.37,kJ,100.0,0.0,1152.0,0.0,0.0,1.22,0.0,0.06,0.76,1.25,1.86,0.0,0.0,0.0,0.0,0.0,0.0,0.0,1140.0,23.9,0.0,0.78,27.0,5.5,6.0,22.0,400.0,0.8,14.3,1.86,1.26,436.0,3.1,2683.0,26.6,0.0,1.1,1.4,14.0,452.0,16.6,0.0,0.0,7.3,0.0,96.0,192.0,0.0,0.2,2.38,9.9,0.9,180.0,125.0,0.0,9.0,17.0,5.4
6.05,"Parsley, herb, Norwegian, raw",Petroselinum crispum (Mill.) Nyman ex A.W. Hill var. crispum,16,https://www.matvaretabellen.no/en/parsley-herb-norwegian-raw/,32.0,kcal,135.0,kJ,66.0,0.0,5600.0,0.0,0.0,0.05,0.0,0.02,0.16,0.06,0.0,0.0,0.0,0.0,0.0,0.0,0.0,0.0,163.0,1.6,0.0,0.1,5.0,0.4,5.0,2.5,35.0,0.0,1.3,0.0,0.06,98.0,0.2,841.0,3.1,0.0,0.1,0.0,0.0,30.0,0.0,0.0,0.0,1.6,0.0,467.0,933.0,0.0,0.07,0.11,0.8,0.11,78.0,108.0,0.0,2.6,90.0,0.9
6.234,Parsnip puree,,6.6,https://www.matvaretabellen.no/en/parsnip-puree/,142.0,kcal,590.0,kJ,100.0,0.0,65.0,0.34,1.13,3.23,0.26,1.19,2.43,0.21,0.05,0.0,0.0,0.0,0.0,0.0,0.0,0.0,69.0,6.8,28.0,0.09,1.0,11.6,8.0,0.2,14.0,2.7,0.8,0.05,0.1,71.0,0.5,171.0,1.9,102.0,0.9,7.2,1.0,373.0,2.9,0.0,0.0,3.9,0.3,108.0,112.0,0.2,0.01,0.08,0.4,0.05,17.0,3.0,1.1,0.5,78.0,0.3
6.233,"Parsnip, cooked",Pastinaca sativa L.,6.2,https://www.matvaretabellen.no/en/parsnip-cooked/,53.0,kcal,223.0,kJ,80.0,0.0,0.0,0.0,0.01,0.07,0.01,0.03,0.23,0.09,0.01,0.0,0.0,0.0,0.0,0.0,0.0,0.0,46.0,9.4,0.0,0.15,2.0,0.7,0.0,0.3,19.0,0.0,1.3,0.01,0.09,60.0,0.4,202.0,1.3,0.0,0.0,0.1,0.0,3.0,5.0,0.0,0.0,4.4,0.0,0.0,0.0,0.0,0.0,0.05,0.7,0.06,28.0,4.0,0.0,0.4,87.0,0.4
6.049,"Parsnip, raw",Pastinaca sativa L.,6.2,https://www.matvaretabellen.no/en/parsnip-raw/,55.0,kcal,232.0,kJ,80.0,0.0,0.0,0.0,0.01,0.07,0.01,0.03,0.24,0.1,0.01,0.0,0.0,0.0,0.0,0.0,0.0,0.0,45.0,9.8,0.0,0.15,2.0,0.7,0.0,0.3,30.0,0.0,1.2,0.01,0.1,63.0,0.4,422.0,1.4,0.0,0.0,0.1,0.0,5.0,5.2,0.0,0.0,4.6,0.0,0.0,0.0,0.0,0.0,0.06,1.0,0.09,53.0,9.0,0.0,0.4,86.0,0.5
6.683,Passion fruit juice,Passiflora edulis Sims,9.2,https://www.matvaretabellen.no/en/passion-fruit-juice/,47.0,kcal,199.0,kJ,100.0,0.0,385.0,0.0,0.0,0.0,0.0,0.0,0.0,0.0,0.0,0.0,0.0,0.0,0.0,0.0,0.0,0.0,7.0,10.7,0.0,0.09,0.0,0.1,1.0,0.5,29.0,0.0,0.8,0.0,0.0,21.0,0.0,200.0,0.8,0.0,0.0,0.0,0.0,19.0,0.0,9.9,9.9,10.7,0.0,32.0,64.0,0.0,0.01,0.07,0.7,0.1,14.0,21.0,0.0,0.0,88.0,0.8
6.581,"Passion fruit, raw",Passiflora edulis Sims,13.2,https://www.matvaretabellen.no/en/passion-fruit-raw/,44.0,kcal,184.0,kJ,61.0,0.0,750.0,0.0,0.0,0.02,0.0,0.01,0.05,0.22,0.0,0.0,0.0,0.0,0.0,0.0,0.0,0.0,11.0,5.8,0.0,0.09,3.0,0.4,1.0,1.3,29.0,0.1,1.9,0.0,0.22,64.0,0.1,200.0,2.6,0.0,0.0,0.1,0.0,19.0,0.0,0.0,0.0,5.8,0.0,63.0,125.0,0.0,0.03,0.12,1.5,0.1,14.0,23.0,0.0,0.0,88.0,0.8
3.463,Pasta bolognese,,3.7,https://www.matvaretabellen.no/en/pasta-bolognese/,109.0,kcal,459.0,kJ,100.0,0.0,381.0,0.04,0.1,0.7,0.08,0.37,1.3,0.57,0.05,0.0,0.0,0.0,0.0,0.0,0.0,0.0,14.0,12.4,13.0,0.08,1.0,3.7,3.0,0.7,14.0,1.4,2.8,0.06,0.57,59.0,0.6,121.0,5.9,9.0,0.8,1.3,3.0,304.0,10.8,0.1,0.1,1.6,0.0,40.0,72.0,0.3,0.06,0.03,1.1,0.07,8.0,2.0,0.1,0.8,77.0,1.1
5.547,"Pasta, fresh, filled with meat, Tortellini, industrially made, cooked ",,5.2,https://www.matvaretabellen.no/en/pasta-fresh-filled-with-meat-tortellini-industrially-made-cooked/,141.0,kcal,593.0,kJ,100.0,0.0,7.0,0.01,0.01,0.35,0.02,0.14,0.88,1.3,0.04,0.0,0.0,0.0,0.01,0.0,0.0,0.01,31.0,22.2,19.0,0.05,1.0,3.1,4.0,0.5,13.0,0.9,1.8,0.05,1.32,94.0,1.4,97.0,5.4,9.0,0.2,0.5,3.0,83.0,19.9,0.0,0.0,2.2,0.0,9.0,10.0,0.1,0.08,0.08,0.8,0.08,7.0,2.0,0.1,1.6,68.0,0.6
5.325,"Pasta, fresh, filled with meat, Tortellini, industrially made, uncooked",,5.2,https://www.matvaretabellen.no/en/pasta-fresh-filled-with-meat-tortellini-industrially-made-uncooked/,257.0,kcal,1085.2979898245585,kJ,100.0,0.0,14.0,0.01,0.02,0.61,0.03,0.24,1.55,2.31,0.07,0.0,0.0,0.0,0.02,0.0,0.0,0.01,58.0,41.3,34.0,0.11,2.0,5.5,8.0,1.2,27.0,1.6,3.3,0.09,2.34,175.0,2.4,286.0,9.5,17.0,0.7,0.9,6.0,293.0,37.1,0.0,0.0,4.2,0.0,18.0,19.0,0.2,0.17,0.19,1.5,0.15,18.0,4.0,0.2,2.8,42.0,1.0
5.498,"Pasta, gluten-free, cooked",,5.2,https://www.matvaretabellen.no/en/pasta-gluten-free-cooked/,133.0,kcal,560.0,kJ,100.0,0.0,18.0,0.06,0.05,0.27,0.01,0.12,0.86,0.44,0.08,0.0,0.0,0.0,0.0,0.0,0.0,0.0,4.0,25.5,1.0,0.06,1.0,2.2,0.8,0.2,19.0,0.9,1.4,0.08,0.44,58.0,0.6,38.0,2.2,9.0,0.5,0.6,2.0,199.0,25.3,0.0,0.0,0.2,0.0,10.0,12.0,0.0,0.04,0.02,0.9,0.06,3.0,1.0,0.1,0.3,69.0,0.4
5.253,"Pasta, green, fresh, cooked",,5.2,https://www.matvaretabellen.no/en/pasta-green-fresh-cooked/,89.0,kcal,374.0,kJ,100.0,0.0,158.0,0.04,0.04,0.35,0.03,0.14,0.95,0.54,0.07,0.0,0.0,0.0,0.02,0.0,0.0,0.01,14.0,12.6,26.0,0.04,1.0,2.5,3.0,0.3,8.0,1.0,0.9,0.08,0.56,39.0,0.6,39.0,3.5,18.0,0.4,0.6,2.0,180.0,12.5,0.0,0.0,0.1,0.0,31.0,44.0,0.1,0.05,0.03,0.2,0.03,8.0,0.0,0.3,0.8,80.0,0.3
5.227,"Pasta, green, fresh, uncooked",,5.2,https://www.matvaretabellen.no/en/pasta-green-fresh-uncooked/,225.0,kcal,949.0,kJ,100.0,0.0,473.0,0.0,0.01,0.65,0.05,0.2,1.3,1.0,0.09,0.0,0.0,0.0,0.04,0.0,0.0,0.02,39.0,36.4,69.0,0.11,3.0,3.9,7.0,1.2,26.0,1.4,2.6,0.11,1.05,114.0,1.2,176.0,9.6,38.0,0.7,0.9,5.0,272.0,36.2,0.0,0.0,0.3,0.0,77.0,116.0,0.3,0.16,0.12,0.7,0.1,30.0,1.0,0.5,1.8,47.0,0.8
5.421,"Pasta, made of corn and rice, gluten-free, uncooked, Barilla",,5.2,https://www.matvaretabellen.no/en/pasta-made-of-corn-and-rice-gluten-free-uncooked-barilla/,353.0,kcal,1499.063,kJ,100.0,0.0,104.0,0.0,0.0,0.23,0.0,0.03,0.38,0.51,0.02,0.0,0.0,0.0,0.0,0.0,0.0,0.0,5.0,78.3,0.0,0.06,2.0,1.4,2.0,0.3,17.0,0.4,1.6,0.02,0.51,58.0,0.6,100.0,5.8,0.0,0.0,0.2,3.0,0.0,77.7,0.0,0.0,0.6,0.0,9.0,17.0,0.0,0.06,0.07,0.6,0.1,8.0,5.0,0.0,0.1,12.0,0.4
5.13,"Pasta, plain, cooked",,5.2,https://www.matvaretabellen.no/en/pasta-plain-cooked/,133.0,kcal,562.0,kJ,100.0,0.0,4.0,0.06,0.05,0.25,0.01,0.11,0.77,0.44,0.07,0.0,0.0,0.0,0.0,0.0,0.0,0.0,9.0,23.6,1.0,0.08,1.0,2.1,0.3,0.3,16.0,0.8,1.7,0.07,0.43,59.0,0.5,45.0,4.2,9.0,0.5,0.5,2.0,198.0,23.4,0.0,0.0,0.2,0.0,9.0,9.0,0.0,0.07,0.02,0.9,0.03,4.0,0.0,0.1,0.3,69.0,0.5
5.229,"Pasta, plain, fresh, cooked",,5.2,https://www.matvaretabellen.no/en/pasta-plain-fresh-cooked/,94.0,kcal,397.0,kJ,100.0,0.0,3.0,0.04,0.04,0.36,0.03,0.15,0.98,0.56,0.07,0.0,0.0,0.0,0.02,0.0,0.0,0.01,9.0,13.6,28.0,0.03,1.0,2.6,3.0,0.3,8.0,1.0,1.0,0.08,0.58,41.0,0.7,31.0,3.7,19.0,0.4,0.7,2.0,180.0,13.6,0.0,0.0,0.1,0.0,19.0,19.0,0.1,0.05,0.03,0.2,0.03,6.0,0.0,0.3,0.8,79.0,0.3
5.226,"Pasta, plain, fresh, uncooked",,5.2,https://www.matvaretabellen.no/en/pasta-plain-fresh-uncooked/,240.0,kcal,1014.759309,kJ,100.0,0.0,0.0,0.0,0.01,0.7,0.06,0.21,1.38,1.06,0.08,0.0,0.0,0.0,0.04,0.0,0.0,0.02,25.0,39.4,75.0,0.11,3.0,4.1,8.0,1.1,24.0,1.5,2.7,0.1,1.12,119.0,1.2,142.0,10.0,41.0,0.7,0.9,6.0,270.0,39.2,0.0,0.0,0.3,0.0,41.0,41.0,0.3,0.17,0.12,0.8,0.1,25.0,1.0,0.6,1.7,44.0,0.8
5.016,"Pasta, plain, uncooked",,5.2,https://www.matvaretabellen.no/en/pasta-plain-uncooked/,347.0,kcal,1471.04,kJ,100.0,0.0,0.0,0.0,0.0,0.22,0.0,0.02,0.15,0.48,0.02,0.0,0.0,0.0,0.0,0.0,0.0,0.0,25.0,69.8,0.0,0.24,4.0,1.3,0.6,1.0,52.0,0.2,4.8,0.02,0.48,174.0,0.6,208.0,11.9,0.0,0.0,0.1,6.0,2.0,69.3,0.0,0.0,0.5,0.0,0.0,0.0,0.0,0.22,0.06,2.8,0.11,16.0,0.0,0.0,0.1,13.0,1.4
5.422,"Pasta, spaghetti, gluten-free, uncooked, Semper",,5.2,https://www.matvaretabellen.no/en/pasta-spaghetti-gluten-free-uncooked-semper/,347.0,kcal,1470.7,kJ,100.0,0.0,,0.0,0.01,0.41,0.01,0.09,0.58,0.96,0.12,0.0,0.0,0.0,0.0,0.0,0.0,0.0,14.0,72.7,0.0,0.24,4.0,2.4,2.0,1.3,120.0,0.5,6.5,0.12,0.96,310.0,0.9,250.0,6.8,,0.0,1.0,5.0,0.0,72.1,0.0,0.0,0.6,0.0,,,0.0,0.26,0.06,5.4,0.27,18.0,4.0,0.0,0.1,14.0,1.9
5.335,"Pasta, whole grain, cooked with salt",,5.2,https://www.matvaretabellen.no/en/pasta-whole-grain-cooked-with-salt/,139.0,kcal,585.0,kJ,100.0,0.0,4.0,0.06,0.05,0.33,0.01,0.12,0.83,0.61,0.08,0.0,0.0,0.0,0.0,0.0,0.0,0.0,13.0,23.1,1.0,0.17,3.0,2.5,0.3,1.0,32.0,0.8,2.7,0.08,0.6,113.0,0.7,92.0,4.5,9.0,0.5,0.6,5.0,198.0,21.8,0.0,0.0,1.3,0.0,9.0,9.0,0.0,0.1,0.02,1.8,0.1,7.0,0.0,0.1,0.5,67.0,1.0
5.332,"Pasta, whole-grain, uncooked",,5.2,https://www.matvaretabellen.no/en/pasta-whole-grain-uncooked/,362.0,kcal,1532.6,kJ,100.0,0.0,0.0,0.0,0.0,0.45,0.0,0.04,0.3,0.96,0.04,0.0,0.0,0.0,0.0,0.0,0.0,0.0,39.0,68.3,0.0,0.54,8.0,2.5,0.6,3.6,103.0,0.3,7.7,0.04,0.96,333.0,1.1,426.0,12.6,0.0,0.0,0.4,15.0,3.0,64.4,0.0,0.0,3.9,0.0,0.0,0.0,0.0,0.33,0.06,5.6,0.31,29.0,0.0,0.0,0.6,9.0,2.8
3.314,"Pasta, with meat sauce, Bolognese, frozen, industrially made",,3.7,https://www.matvaretabellen.no/en/pasta-with-meat-sauce-bolognese-frozen-industrially-made/,96.0,kcal,404.0,kJ,100.0,0.0,0.0,0.0,0.02,0.24,0.04,0.13,0.63,0.22,0.06,0.0,0.0,0.0,0.0,0.0,0.0,0.0,13.0,14.4,6.0,0.11,2.0,1.6,5.0,0.7,15.0,0.7,2.0,0.06,0.22,63.0,0.3,192.0,5.1,0.0,0.8,0.4,1.0,308.0,13.5,0.0,0.0,0.9,0.0,0.0,0.0,0.2,0.08,0.1,1.1,0.1,14.0,4.0,0.0,0.6,77.0,0.6
9.021,Pastilles,,7.2,https://www.matvaretabellen.no/en/pastilles/,257.0,kcal,1091.1,kJ,100.0,0.0,0.0,0.0,0.0,0.16,0.0,0.05,0.0,0.79,0.07,0.0,0.0,0.0,0.0,0.0,0.0,0.0,28.0,60.0,0.0,0.04,0.0,1.6,0.0,0.4,6.0,0.4,0.1,0.08,0.79,4.0,0.9,28.0,0.7,0.0,0.1,0.2,0.0,33.0,3.1,56.9,56.9,56.9,0.0,0.0,0.0,0.0,0.0,0.0,0.0,0.0,0.0,0.0,0.0,0.0,38.0,0.0
9.124,"Pastilles, without sugar",,7.2,https://www.matvaretabellen.no/en/pastilles-without-sugar/,48.0,kcal,194.0,kJ,100.0,0.0,0.0,0.0,0.0,0.01,0.0,0.0,0.0,0.05,0.0,0.0,0.0,0.0,0.0,0.0,0.0,0.0,0.0,0.0,0.0,0.0,22.0,0.1,0.0,0.0,0.0,0.0,0.1,0.01,0.05,0.0,0.1,0.0,0.8,0.0,0.0,0.0,0.0,1.0,0.0,0.0,0.0,0.0,0.0,0.0,0.0,0.0,0.0,0.0,0.0,0.0,0.0,0.0,0.0,0.0,77.0,0.0
5.411,"Pavlova, with whipped cream and berries",,5.10,https://www.matvaretabellen.no/en/pavlova-with-whipped-cream-and-berries/,274.0,kcal,1147.8780226682886,kJ,100.0,0.0,93.0,0.43,1.42,4.02,0.33,1.48,2.91,0.24,0.08,0.0,0.0,0.0,0.0,0.0,0.0,0.0,36.0,33.0,35.0,0.03,0.9,14.3,5.0,0.1,6.0,3.4,0.8,0.08,0.1,47.0,0.4,74.0,2.9,128.0,0.1,9.0,2.0,48.0,0.6,29.8,29.8,32.5,0.4,136.0,143.0,0.2,0.01,0.13,0.1,0.02,9.0,8.0,0.0,0.4,49.0,0.1
6.232,Pea puree,,6.6,https://www.matvaretabellen.no/en/pea-puree/,107.0,kcal,441.0,kJ,100.0,0.0,289.0,0.19,0.62,1.81,0.14,0.65,1.3,0.2,0.05,0.0,0.0,0.0,0.0,0.0,0.0,0.0,31.0,4.7,15.0,0.12,7.0,6.5,3.0,0.9,17.0,1.5,2.3,0.05,0.13,78.0,0.3,104.0,3.8,56.0,0.8,4.0,0.0,313.0,1.5,0.0,0.0,3.2,0.2,80.0,104.0,0.0,0.09,0.05,1.0,0.05,14.0,11.0,0.8,0.2,78.0,0.6
6.532,"Peach, raw",Prunus persica (L.) Batsch var. persica,13.2,https://www.matvaretabellen.no/en/peach-raw/,43.0,kcal,183.0,kJ,96.0,0.0,19.0,0.0,0.0,0.02,0.0,0.0,0.07,0.08,0.0,0.0,0.0,0.0,0.0,0.0,0.0,0.0,7.0,8.3,0.0,0.08,2.0,0.3,0.0,0.3,9.0,0.1,0.6,0.0,0.08,21.0,0.1,215.0,0.9,0.0,0.0,0.0,0.0,0.0,0.0,0.0,0.0,8.3,0.0,2.0,3.0,0.0,0.0,0.03,0.4,0.03,3.0,5.0,0.0,0.8,88.0,0.1
6.533,"Peaches, canned, in natural juice",Prunus persica (L.) Batsch var. persica,13.3,https://www.matvaretabellen.no/en/peaches-canned-in-natural-juice/,43.0,kcal,182.0,kJ,100.0,0.0,67.0,0.0,0.0,0.0,0.0,0.0,0.0,0.0,0.0,0.0,0.0,0.0,0.0,0.0,0.0,0.0,4.0,9.7,0.0,0.04,0.8,0.0,0.8,0.4,7.0,0.0,0.7,0.0,0.0,19.0,0.0,170.0,0.6,0.0,0.0,0.0,0.0,12.0,0.0,0.0,0.0,9.7,0.0,6.0,11.0,0.0,0.01,0.01,0.6,0.02,2.0,6.0,0.0,0.0,89.0,0.1
6.534,"Peaches, canned, in syrup",Prunus persica (L.) Batsch var. persica,13.3,https://www.matvaretabellen.no/en/peaches-canned-in-syrup/,60.0,kcal,254.0,kJ,100.0,0.0,75.0,0.0,0.0,0.0,0.0,0.0,0.0,0.0,0.0,0.0,0.0,0.0,0.0,0.0,0.0,0.0,3.0,14.0,0.0,0.0,0.9,0.0,0.8,0.2,5.0,0.0,0.7,0.0,0.0,11.0,0.0,110.0,0.5,0.0,0.0,0.0,0.0,4.0,0.0,4.7,4.7,14.0,0.0,6.0,12.0,0.0,0.01,0.01,0.6,0.02,7.0,5.0,0.0,0.0,85.0,0.0
6.559,Peanut butter,Arachis hypogaea L.,14.3,https://www.matvaretabellen.no/en/peanut-butter/,621.0,kcal,2570.1,kJ,100.0,0.0,0.0,0.0,0.02,4.74,0.03,2.18,24.77,12.22,0.03,0.01,0.0,0.01,0.01,0.0,0.0,0.0,37.0,13.1,0.0,0.7,5.0,51.8,2.0,2.1,180.0,19.9,16.3,0.05,12.23,330.0,16.8,700.0,22.8,0.0,0.9,12.8,3.0,350.0,6.4,3.4,3.4,6.7,0.0,0.0,0.0,0.0,0.17,0.09,12.5,0.58,53.0,0.0,0.0,5.0,7.0,3.0
6.557,"Peanuts, raw",Arachis hypogaea L.,14.2,https://www.matvaretabellen.no/en/peanuts-raw/,594.0,kcal,2458.19,kJ,69.0,0.0,0.0,0.0,0.03,5.15,0.01,1.1,23.76,15.56,0.0,0.0,0.0,0.0,0.0,0.0,0.0,0.0,92.0,7.6,0.0,1.14,9.0,49.2,2.0,4.6,168.0,24.4,16.4,0.0,15.56,376.0,15.6,705.0,25.8,0.0,0.0,6.8,3.0,18.0,3.7,0.0,0.0,4.0,0.0,0.0,0.0,0.0,0.64,0.14,12.1,0.35,75.0,0.0,0.0,8.3,9.0,3.3
6.558,"Peanuts, roasted, salted",Arachis hypogaea L.,14.2,https://www.matvaretabellen.no/en/peanuts-roasted-salted/,623.0,kcal,2577.8333333333335,kJ,100.0,0.0,0.0,0.16,0.1,4.07,0.06,1.09,31.73,6.13,0.06,0.0,0.0,0.0,0.0,0.0,0.0,0.01,47.0,9.5,2.0,0.57,10.0,51.0,2.0,1.5,177.0,32.8,17.2,0.08,6.11,347.0,6.2,597.0,26.7,0.0,1.2,7.8,10.0,480.0,4.7,0.0,0.0,4.8,0.0,0.0,0.0,0.0,1.01,0.09,12.7,0.64,75.0,1.0,0.0,6.1,3.0,2.5
13.089,"Peanuts, roasted, salted, Eldorado",Arachis hypogaea L.,14.2,https://www.matvaretabellen.no/en/peanuts-roasted-salted-eldorado/,598.0,kcal,2474.1,kJ,100.0,0.0,0.0,0.47,0.2,2.65,0.06,0.91,38.0,2.92,0.11,0.0,0.0,0.0,0.0,0.0,0.0,0.04,48.0,10.7,2.0,0.66,9.0,49.0,2.0,1.6,180.0,39.5,18.0,0.15,2.92,350.0,3.1,610.0,24.0,0.0,0.8,6.8,15.0,310.0,5.1,0.0,0.0,5.6,0.0,0.0,0.0,0.0,0.83,0.08,14.0,0.64,82.0,1.0,0.0,4.5,7.0,2.7
13.087,"Peanuts, roasted, salted, Maarud",Arachis hypogaea L.,14.2,https://www.matvaretabellen.no/en/peanuts-roasted-salted-maarud/,615.0,kcal,2546.1,kJ,100.0,0.0,0.0,0.01,0.05,3.92,0.05,0.85,31.8,4.02,0.04,0.0,0.0,0.0,0.0,0.0,0.0,0.0,48.0,10.9,3.0,0.66,11.0,49.0,2.0,1.5,170.0,33.0,17.5,0.05,4.02,350.0,4.1,590.0,27.0,0.0,1.6,7.0,11.0,630.0,5.4,0.0,0.0,5.5,0.0,0.0,0.0,0.0,1.0,0.12,13.0,0.71,70.0,1.0,0.0,8.7,2.0,2.5
13.088,"Peanuts, roasted, salted, Polly",Arachis hypogaea L.,14.2,https://www.matvaretabellen.no/en/peanuts-roasted-salted-polly/,656.0,kcal,2713.3,kJ,100.0,0.0,0.0,0.01,0.05,5.65,0.05,1.52,25.4,11.44,0.02,0.0,0.0,0.0,0.0,0.0,0.0,0.0,45.0,6.9,2.0,0.38,9.0,55.0,2.0,1.3,180.0,25.9,15.8,0.03,11.4,340.0,11.5,590.0,29.0,0.0,1.3,9.8,3.0,500.0,3.6,0.0,0.0,3.3,0.0,0.0,0.0,0.0,1.2,0.08,11.0,0.56,73.0,2.0,0.0,5.1,1.0,2.3
6.546,"Pear, Norwegian, raw",Pyrus communis L.,13.2,https://www.matvaretabellen.no/en/pear-norwegian-raw/,44.0,kcal,183.0,kJ,90.0,0.0,20.0,0.0,0.0,0.02,0.0,0.0,0.08,0.09,0.0,0.0,0.0,0.0,0.0,0.0,0.0,0.0,10.0,8.0,0.0,0.1,5.0,0.1,1.0,0.1,8.0,0.0,0.3,0.0,0.09,16.0,0.1,164.0,0.4,0.0,0.0,0.0,0.0,0.0,0.1,0.0,0.0,7.9,0.0,2.0,3.0,0.0,0.02,0.02,0.2,0.02,4.0,8.0,0.0,0.5,87.0,0.1
6.759,"Pear, imported, raw",Pyrus communis L.,13.2,https://www.matvaretabellen.no/en/pear-imported-raw/,44.0,kcal,185.0,kJ,90.0,0.0,22.0,0.0,0.0,0.02,0.0,0.0,0.08,0.09,0.0,0.0,0.0,0.0,0.0,0.0,0.0,0.0,10.0,8.9,0.0,0.08,3.0,0.1,1.0,0.2,9.0,0.0,0.3,0.0,0.09,11.0,0.0,212.0,0.4,0.0,0.0,0.0,0.0,1.0,0.0,0.0,0.0,8.9,0.0,2.0,3.0,0.0,0.01,0.03,0.2,0.03,7.0,3.0,0.0,0.2,88.0,0.1
6.76,"Pear, unspecified, raw",Pyrus communis L.,13.2,https://www.matvaretabellen.no/en/pear-unspecified-raw/,44.0,kcal,185.0,kJ,90.0,0.0,22.0,0.0,0.0,0.02,0.0,0.0,0.08,0.09,0.0,0.0,0.0,0.0,0.0,0.0,0.0,0.0,10.0,8.8,0.0,0.08,3.0,0.1,1.0,0.2,9.0,0.0,0.3,0.0,0.09,12.0,0.0,207.0,0.4,0.0,0.0,0.0,0.0,1.0,0.0,0.0,0.0,8.8,0.0,2.0,3.0,0.0,0.01,0.02,0.2,0.03,7.0,4.0,0.0,0.2,88.0,0.1
5.443,Pearled barley,Hordeum vulgare L.,5.2,https://www.matvaretabellen.no/en/pearled-barley/,289.0,kcal,1219.9,kJ,100.0,0.0,0.0,0.0,0.0,0.36,0.0,0.0,0.12,0.62,0.0,0.0,0.0,0.0,0.0,0.0,0.0,0.0,23.0,52.0,0.0,0.38,13.0,2.0,0.0,1.9,71.0,0.1,2.8,0.0,0.62,250.0,0.6,300.0,9.1,0.0,0.0,0.4,3.0,2.0,50.6,0.0,0.0,1.4,0.0,0.0,0.0,0.0,0.19,0.06,1.3,0.19,50.0,0.0,0.0,0.0,24.0,2.0
5.442,Pearled spelt,,5.2,https://www.matvaretabellen.no/en/pearled-spelt/,282.0,kcal,1185.7,kJ,100.0,0.0,0.0,0.0,0.0,0.33,0.0,0.0,0.27,0.81,0.0,0.0,0.0,0.0,0.0,0.0,0.0,0.0,24.0,44.8,0.0,0.45,16.0,2.4,0.0,2.5,105.0,0.3,2.8,0.0,0.81,350.0,0.8,325.0,12.1,0.0,0.0,0.3,10.0,1.0,43.8,0.0,0.0,1.0,0.0,0.0,0.0,0.0,0.25,0.07,0.8,0.18,52.0,0.0,0.0,0.4,25.0,3.3
6.608,"Pears, canned, in natural juice",Pyrus communis L.,13.3,https://www.matvaretabellen.no/en/pears-canned-in-natural-juice/,38.0,kcal,161.0,kJ,100.0,0.0,0.0,0.0,0.0,0.0,0.0,0.0,0.0,0.0,0.0,0.0,0.0,0.0,0.0,0.0,0.0,0.0,6.0,8.5,0.0,0.0,1.0,0.0,0.5,0.2,5.0,0.0,0.3,0.0,0.0,10.0,0.0,81.0,0.3,0.0,0.0,0.0,0.0,3.0,0.0,0.0,0.0,8.5,0.0,0.0,0.0,0.0,0.01,0.01,0.2,0.03,4.0,3.0,0.0,0.0,90.0,0.1
6.548,"Pears, canned, in syrup",Pyrus communis L.,13.3,https://www.matvaretabellen.no/en/pears-canned-in-syrup/,56.0,kcal,237.0,kJ,100.0,0.0,0.0,0.0,0.0,0.0,0.0,0.0,0.0,0.0,0.0,0.0,0.0,0.0,0.0,0.0,0.0,0.0,6.0,13.2,0.0,0.02,1.0,0.0,0.5,0.2,4.0,0.0,0.2,0.0,0.0,7.0,0.0,68.0,0.2,0.0,0.0,0.0,0.0,3.0,0.0,5.1,5.1,13.2,0.0,0.0,0.0,0.0,0.01,0.01,0.2,0.03,3.0,2.0,0.0,0.0,86.0,0.1
6.128,"Peas, chick peas, canned",Cicer arietinum L.,12,https://www.matvaretabellen.no/en/peas-chick-peas-canned/,94.0,kcal,392.0,kJ,100.0,0.0,7.0,0.0,0.0,0.19,0.0,0.03,0.5,0.96,0.04,0.0,0.0,0.0,0.0,0.0,0.0,0.0,43.0,8.2,0.0,0.29,8.0,2.3,0.0,1.3,32.0,0.7,1.2,0.04,0.96,90.0,1.1,155.0,6.2,0.0,0.4,0.3,5.0,155.0,8.2,0.0,0.0,0.0,0.0,1.0,1.0,0.0,0.0,0.1,0.2,0.1,29.0,6.0,0.0,1.0,76.0,1.3
6.091,"Peas, chick peas, uncooked",Cicer arietinum L.,12,https://www.matvaretabellen.no/en/peas-chick-peas-uncooked/,269.0,kcal,1127.7,kJ,100.0,0.0,0.0,0.0,0.01,0.46,0.01,0.08,1.25,2.4,0.09,0.0,0.0,0.0,0.0,0.0,0.0,0.0,115.0,25.9,0.0,0.73,21.0,5.4,0.0,4.7,130.0,1.1,4.7,0.09,2.4,345.0,2.7,995.0,18.8,0.0,0.0,0.5,6.0,3.0,22.8,0.0,0.0,3.1,0.0,0.0,0.0,0.0,0.4,0.1,1.6,0.5,181.0,1.0,0.0,2.3,29.0,3.1
6.027,"Peas, frozen",Pisum sativum L.,12,https://www.matvaretabellen.no/en/peas-frozen/,65.0,kcal,271.0,kJ,100.0,0.0,327.0,0.0,0.0,0.06,0.0,0.01,0.03,0.14,0.03,0.0,0.0,0.0,0.0,0.0,0.0,0.0,36.0,6.0,0.0,0.15,9.0,0.4,0.0,1.4,33.0,0.0,2.7,0.03,0.14,100.0,0.2,220.0,4.9,0.0,0.0,0.1,0.0,6.0,1.9,0.0,0.0,4.1,0.0,27.0,54.0,0.0,0.17,0.09,1.9,0.09,32.0,19.0,0.0,0.0,80.0,0.9
6.028,"Peas, green, canned, drained",Pisum sativum L.,12,https://www.matvaretabellen.no/en/peas-green-canned-drained/,64.0,kcal,267.0,kJ,100.0,0.0,400.0,0.0,0.0,0.15,0.0,0.02,0.08,0.36,0.08,0.0,0.0,0.0,0.0,0.0,0.0,0.0,24.0,7.0,0.0,0.11,5.0,1.0,2.0,1.1,18.0,0.1,1.7,0.09,0.36,65.0,0.4,105.0,4.3,0.0,0.6,0.2,1.0,231.0,3.4,0.0,0.0,3.6,0.0,33.0,66.0,0.0,0.07,0.04,1.0,0.05,30.0,9.0,0.0,0.0,83.0,0.7
6.031,"Peas, sugar-snap, Norwegian, raw",Pisum sativum L.,12,https://www.matvaretabellen.no/en/peas-sugar-snap-norwegian-raw/,42.0,kcal,177.0,kJ,94.0,0.0,138.0,0.0,0.0,0.02,0.0,0.0,0.01,0.04,0.01,0.0,0.0,0.0,0.0,0.0,0.0,0.0,54.0,5.3,0.0,0.09,3.0,0.1,2.0,1.1,31.0,0.0,1.7,0.01,0.04,74.0,0.1,212.0,3.5,0.0,0.0,0.0,0.0,0.0,1.2,0.0,0.0,4.1,0.0,12.0,23.0,0.0,0.17,0.04,1.1,0.04,43.0,46.0,0.0,0.3,88.0,0.7
6.029,"Peas, yellow, uncooked",Pisum sativum L.,12,https://www.matvaretabellen.no/en/peas-yellow-uncooked/,334.0,kcal,1410.0,kJ,100.0,0.0,235.0,0.0,0.0,0.42,0.0,0.05,0.23,0.99,0.23,0.0,0.0,0.0,0.0,0.0,0.0,0.0,61.0,50.0,0.0,0.17,13.0,2.4,6.0,4.7,120.0,0.3,6.6,0.23,0.99,300.0,1.2,990.0,21.6,0.0,0.1,0.4,3.0,38.0,47.6,0.0,0.0,2.4,0.0,20.0,39.0,0.0,0.6,0.3,3.0,0.13,33.0,0.0,0.0,1.0,13.0,4.7
6.593,Pecan nuts,Carya illinoinensis (Wangenh.) K.Koch,14.2,https://www.matvaretabellen.no/en/pecan-nuts/,737.0,kcal,3035.845,kJ,53.0,0.0,19.0,0.0,0.0,4.41,0.0,1.68,42.5,20.3,0.84,0.0,0.0,0.0,0.0,0.0,0.0,0.0,53.0,4.0,0.0,0.87,13.0,73.3,0.0,2.5,173.0,42.7,2.3,0.84,20.3,408.0,21.1,662.0,8.8,0.0,0.0,6.2,0.0,0.0,0.0,0.0,0.0,4.0,0.0,2.0,3.0,0.0,0.46,0.04,0.8,0.14,33.0,0.0,0.0,1.4,1.0,4.1
10.202,Pepper sauce,,10.11,https://www.matvaretabellen.no/en/pepper-sauce/,158.0,kcal,653.0,kJ,100.0,0.0,90.0,0.46,1.54,4.37,0.36,1.61,3.16,0.24,0.06,0.0,0.0,0.0,0.0,0.0,0.0,0.0,38.0,3.0,38.0,0.02,0.5,15.5,11.0,0.2,6.0,3.7,0.4,0.07,0.09,38.0,0.4,64.0,1.5,142.0,1.2,9.8,1.0,488.0,1.4,0.1,0.1,1.6,0.4,149.0,157.0,0.1,0.01,0.08,0.09,0.02,2.0,0.0,0.6,0.2,80.0,0.1
12.111,"Pepper, black",Piper nigrum L.,16,https://www.matvaretabellen.no/en/pepper-black/,277.0,kcal,1159.2,kJ,100.0,0.0,310.0,0.09,0.03,0.53,0.08,0.33,0.65,0.69,0.15,0.08,0.08,0.0,0.0,0.0,0.0,0.0,443.0,38.7,0.0,1.33,25.0,3.3,0.5,9.7,171.0,0.7,2.8,0.23,0.77,158.0,1.0,1329.0,10.4,0.0,0.1,1.4,5.0,20.0,38.1,0.0,0.0,0.6,0.0,26.0,51.0,0.0,0.11,0.18,1.1,0.29,17.0,0.0,0.0,1.0,22.0,1.2
6.165,"Pepper, cayenne, red",Capsicum frutescens L.,16,https://www.matvaretabellen.no/en/pepper-cayenne-red/,375.0,kcal,1560.56,kJ,100.0,0.0,21840.0,0.03,0.09,2.36,0.24,0.49,2.51,7.71,0.66,0.0,0.0,0.0,0.0,0.0,0.0,0.0,148.0,29.4,0.0,0.37,27.0,17.3,0.5,7.8,152.0,2.8,10.7,0.66,7.71,293.0,8.4,2014.0,12.0,0.0,0.1,3.3,9.0,30.0,19.1,0.0,0.0,10.3,0.0,1820.0,3640.0,0.0,0.33,0.92,8.7,2.45,106.0,76.0,0.0,29.8,14.0,2.5
6.146,"Pepper, chili, green, raw",Capsicum spp.,16,https://www.matvaretabellen.no/en/pepper-chili-green-raw/,33.0,kcal,140.0,kJ,73.0,0.0,671.0,0.0,0.0,0.04,0.0,0.01,0.01,0.04,0.01,0.0,0.0,0.0,0.0,0.0,0.0,0.0,18.0,5.1,0.0,0.17,2.0,0.2,0.5,1.2,25.0,0.0,1.2,0.01,0.04,46.0,0.1,340.0,2.0,0.0,0.0,0.0,1.0,7.0,0.0,0.0,0.0,5.1,0.0,56.0,111.0,0.0,0.09,0.09,0.9,0.3,23.0,243.0,0.0,0.7,91.0,0.3
6.115,"Pepper, chili, red, raw",Capsicum spp.,16,https://www.matvaretabellen.no/en/pepper-chili-red-raw/,35.0,kcal,149.0,kJ,73.0,0.0,534.0,0.0,0.0,0.02,0.0,0.0,0.02,0.15,0.01,0.0,0.0,0.0,0.0,0.0,0.0,0.0,14.0,5.3,0.0,0.13,2.0,0.4,0.5,1.0,23.0,0.0,1.5,0.01,0.15,43.0,0.2,322.0,1.9,0.0,0.0,0.0,1.0,9.0,0.0,0.0,0.0,5.3,0.0,45.0,89.0,0.0,0.07,0.08,1.2,0.5,23.0,144.0,0.0,0.7,91.0,0.3
6.166,"Pepper, white",Piper nigrum L.,16,https://www.matvaretabellen.no/en/pepper-white/,283.0,kcal,1185.64,kJ,100.0,0.0,0.0,0.06,0.02,0.34,0.01,0.21,0.0,0.44,0.1,0.05,0.05,0.0,0.0,0.0,0.0,0.0,265.0,42.4,0.0,0.91,26.0,2.1,0.5,14.3,90.0,0.8,1.9,0.15,0.49,176.0,0.6,73.0,10.4,0.0,0.0,0.6,3.0,5.0,41.7,0.0,0.0,0.7,0.0,0.0,0.0,0.0,0.02,0.13,0.2,0.1,10.0,21.0,0.0,,19.0,1.1
3.475,Pepperoni,,3.5,https://www.matvaretabellen.no/en/pepperoni/,453.0,kcal,1877.6333333333337,kJ,100.0,0.0,0.0,0.04,0.5,7.8,0.92,4.12,15.93,4.17,0.45,0.0,0.03,0.0,0.19,0.0,0.05,0.0,243.0,1.2,,0.11,0.0,39.0,0.0,1.4,34.0,17.2,11.5,0.5,4.39,257.0,5.1,303.0,24.3,12.0,2.4,12.6,17.0,957.0,0.8,0.4,0.4,0.4,,12.0,12.0,0.8,0.7,0.3,7.0,0.42,5.0,,0.0,1.9,35.0,2.3
3.472,"Pepperoni, Gilde",,3.5,https://www.matvaretabellen.no/en/pepperoni-gilde/,477.0,kcal,1977.7,kJ,100.0,0.0,0.0,0.04,0.47,7.52,0.93,3.8,15.9,4.87,0.52,0.0,0.04,0.0,0.21,0.0,0.06,0.0,210.0,0.1,,0.1,0.0,41.0,0.0,1.2,44.0,17.2,12.2,0.58,5.12,260.0,6.0,380.0,27.0,11.0,4.5,12.0,24.0,1800.0,0.1,0.0,0.0,0.0,,11.0,11.0,0.8,0.85,0.3,7.2,0.44,6.0,,0.0,2.3,32.0,2.6
3.474,"Pepperoni, Grilstad",,3.5,https://www.matvaretabellen.no/en/pepperoni-grilstad/,461.0,kcal,1908.0,kJ,100.0,0.0,0.0,0.04,0.51,8.3,0.91,4.6,16.2,4.27,0.43,0.0,0.0,0.0,0.19,0.0,0.05,0.0,250.0,1.0,,0.13,0.0,41.0,0.0,1.1,31.0,17.4,10.5,0.48,4.46,270.0,5.3,300.0,22.0,11.0,1.4,13.6,6.0,570.0,1.0,0.0,0.0,0.0,,11.0,11.0,0.8,0.74,0.3,6.5,0.4,3.0,,0.0,1.9,36.0,2.0
3.473,"Pepperoni, Peppes",,3.5,https://www.matvaretabellen.no/en/pepperoni-peppes/,421.0,kcal,1747.2,kJ,100.0,0.0,0.0,0.04,0.52,7.59,0.91,3.97,15.7,3.37,0.39,0.0,0.04,0.0,0.17,0.0,0.05,0.0,270.0,2.6,,0.11,0.0,35.0,0.0,1.8,26.0,16.9,11.8,0.44,3.58,240.0,4.2,230.0,24.0,14.0,1.3,12.3,22.0,500.0,1.4,1.2,1.2,1.2,,14.0,14.0,0.8,0.51,0.31,7.4,0.43,5.0,,0.0,1.5,38.0,2.4
4.048,"Perch, raw","Perca fluviatilis Linnaeus, 1758",4.1.2,https://www.matvaretabellen.no/en/perch-raw/,85.0,kcal,359.0,kJ,45.0,0.0,0.0,0.0,0.01,0.08,0.03,0.02,0.05,0.01,0.01,0.0,0.0,0.0,0.0,0.03,0.01,0.12,16.0,0.0,78.0,0.02,0.0,0.6,12.0,0.2,27.0,0.1,8.9,0.17,0.01,219.0,0.2,389.0,19.8,15.0,0.1,0.1,44.0,33.0,0.0,0.0,0.0,0.0,0.0,15.0,15.0,3.5,0.15,0.11,5.3,0.47,12.0,0.0,21.4,0.7,80.0,0.5
4.367,"Periwinkle, common, Norwegian",Littorina littorea,4.3,https://www.matvaretabellen.no/en/periwinkle-common-norwegian/,87.0,kcal,367.0,kJ,16.0,0.0,0.0,0.0,0.05,0.14,0.02,0.05,0.21,0.08,0.04,0.02,0.01,0.02,0.09,0.15,0.02,0.01,10.0,3.3,0.0,0.4,0.0,1.4,,3.5,250.0,0.3,4.2,0.22,0.26,272.0,0.5,382.0,15.2,30.0,1.1,0.2,27.0,420.0,3.3,0.0,0.0,0.0,0.0,30.0,30.0,0.5,0.01,0.12,1.4,0.13,6.0,0.0,0.0,5.0,80.0,1.0
6.767,"Persimmon, kaki fruit, raw",Diospyros kaki Thunb.,13.2,https://www.matvaretabellen.no/en/persimmon-kaki-fruit-raw/,65.0,kcal,274.0,kJ,84.0,0.0,253.0,0.0,0.0,0.05,0.0,0.01,0.11,0.12,0.01,0.0,0.0,0.0,0.0,0.0,0.0,0.0,8.0,12.0,0.0,0.11,6.0,0.3,0.1,0.2,9.0,0.1,0.2,0.01,0.12,17.0,0.2,208.0,0.7,0.0,0.0,0.0,1.0,1.0,0.0,0.0,0.0,12.0,0.0,21.0,42.0,0.0,0.03,0.02,0.1,0.1,8.0,8.0,0.0,0.7,81.0,0.1
6.143,"Pesto, green, home-made",,10.11,https://www.matvaretabellen.no/en/pesto-green-home-made/,621.0,kcal,2559.839837398374,kJ,100.0,0.0,301.0,0.18,0.53,6.17,0.38,2.07,32.53,10.75,0.3,0.0,0.0,0.0,0.0,0.0,0.0,0.0,194.0,4.2,16.0,0.54,2.0,61.5,12.0,2.1,81.0,33.4,3.5,0.31,10.87,288.0,11.3,292.0,11.4,63.0,1.1,9.8,3.0,433.0,2.4,0.0,0.0,1.8,0.2,88.0,113.0,0.6,0.17,0.15,1.2,0.12,28.0,3.0,0.1,9.7,21.0,2.9
6.144,"Pesto, green, industrially made",,10.11,https://www.matvaretabellen.no/en/pesto-green-industrially-made/,517.0,kcal,2131.90255,kJ,100.0,0.0,1003.0,0.06,0.18,3.56,0.05,2.04,16.86,26.91,0.22,0.0,0.0,0.0,0.0,0.0,0.0,0.0,120.0,4.6,5.0,0.41,0.9,52.9,6.0,1.8,57.0,16.9,1.4,0.33,26.91,123.0,27.3,180.0,5.2,22.0,3.0,6.7,1.0,1220.0,2.7,1.1,1.1,1.9,0.1,105.0,189.0,0.2,0.06,0.05,0.4,0.1,25.0,6.0,0.0,27.8,36.0,1.2
10.203,"Pesto, red, home-made",,10.11,https://www.matvaretabellen.no/en/pesto-red-home-made/,410.0,kcal,1698.7435103926098,kJ,100.0,0.0,375.0,0.15,0.45,3.78,0.22,1.25,17.17,5.77,0.16,0.0,0.0,0.0,0.0,0.0,0.0,0.0,195.0,11.8,14.0,0.69,7.0,33.6,11.0,3.6,92.0,16.5,5.0,0.17,5.83,267.0,7.4,975.0,11.5,54.0,3.5,6.1,5.0,1388.0,1.3,0.0,0.0,10.5,0.2,85.0,116.0,0.5,0.18,0.18,2.7,0.18,33.0,11.0,0.0,7.4,36.0,2.2
4.006,"Pike northern, raw","Esox lucius Linnaeus, 1758",4.1.2,https://www.matvaretabellen.no/en/pike-northern-raw/,83.0,kcal,353.0,kJ,55.0,0.0,0.0,0.0,0.0,0.03,0.01,0.01,0.02,0.0,0.0,0.0,0.0,0.0,0.0,0.01,0.0,0.06,47.0,0.0,0.0,0.02,0.0,0.2,12.0,0.2,29.0,0.0,6.7,0.07,0.0,239.0,0.1,463.0,20.3,0.0,0.1,0.0,20.0,43.0,0.0,0.0,0.0,0.0,0.0,0.0,0.0,1.8,0.05,0.05,3.0,0.3,10.0,0.0,5.3,0.5,80.0,0.8
6.614,Pine nuts,Pinus pinea L.,14.1,https://www.matvaretabellen.no/en/pine-nuts/,665.0,kcal,2747.0,kJ,100.0,0.0,18.0,0.0,0.0,2.72,0.02,1.4,15.06,25.22,0.15,0.0,0.0,0.0,0.0,0.0,0.0,0.0,10.0,9.9,0.0,1.1,6.0,61.9,0.0,4.9,205.0,15.7,5.6,0.15,25.52,490.0,25.7,650.0,14.0,0.0,0.0,4.3,1.0,1.0,5.1,0.0,0.0,4.8,0.0,2.0,3.0,0.0,0.49,0.26,3.3,0.22,63.0,1.0,0.0,11.9,8.0,5.8
6.775,Pineapple juice,Ananas comosus (L.) Merr.,9.2,https://www.matvaretabellen.no/en/pineapple-juice/,50.0,kcal,213.0,kJ,100.0,0.0,3.0,0.0,0.0,0.01,0.0,0.0,0.01,0.02,0.02,0.0,0.0,0.0,0.0,0.0,0.0,0.0,13.0,11.8,0.0,0.07,0.2,0.1,0.3,0.3,12.0,0.0,0.3,0.02,0.02,8.0,0.0,130.0,0.4,0.0,0.0,0.0,0.0,2.0,0.0,0.0,11.8,11.8,0.0,0.0,0.0,0.0,0.06,0.02,0.2,0.1,18.0,10.0,0.0,0.0,88.0,0.1
6.518,"Pineapple, canned, in natural juice",Ananas comosus (L.) Merr.,13.3,https://www.matvaretabellen.no/en/pineapple-canned-in-natural-juice/,51.0,kcal,217.0,kJ,100.0,0.0,12.0,0.0,0.0,0.0,0.0,0.0,0.0,0.0,0.0,0.0,0.0,0.0,0.0,0.0,0.0,0.0,8.0,12.2,0.0,0.08,0.5,0.0,1.0,0.5,13.0,0.0,0.3,0.0,0.0,5.0,0.0,71.0,0.3,0.0,0.0,0.0,0.0,1.0,0.0,0.0,0.0,12.2,0.0,1.0,2.0,0.0,0.09,0.01,0.2,0.09,1.0,11.0,0.0,0.1,87.0,0.1
6.519,"Pineapple, canned, in syrup",Ananas comosus (L.) Merr.,13.3,https://www.matvaretabellen.no/en/pineapple-canned-in-syrup/,69.0,kcal,293.0,kJ,100.0,0.0,11.0,0.0,0.0,0.0,0.0,0.0,0.0,0.0,0.0,0.0,0.0,0.0,0.0,0.0,0.0,0.0,6.0,16.5,0.0,0.02,0.5,0.0,1.0,0.2,11.0,0.0,0.3,0.0,0.0,5.0,0.0,79.0,0.5,0.0,0.0,0.0,0.0,2.0,0.0,5.1,5.1,16.5,0.0,1.0,1.0,0.0,0.07,0.01,0.2,0.07,1.0,13.0,0.0,0.1,83.0,0.1
6.205,"Pineapple, dried",Ananas comosus (L.) Merr.,13.3,https://www.matvaretabellen.no/en/pineapple-dried/,337.0,kcal,1429.2,kJ,100.0,0.0,120.0,0.0,0.0,0.0,0.0,0.0,0.0,0.12,0.09,0.0,0.0,0.0,0.0,0.0,0.0,0.0,96.0,75.7,0.0,0.6,8.0,0.6,0.0,1.1,72.0,0.0,2.1,0.0,0.1,41.0,0.2,807.0,3.3,0.0,0.0,0.0,0.0,0.0,0.0,0.0,0.0,75.7,0.0,10.0,20.0,0.0,0.28,0.0,1.5,0.51,0.0,0.0,0.0,0.4,12.0,0.7
6.842,"Pineapple, frozen",Ananas comosus (L.) Merr.,13.2,https://www.matvaretabellen.no/en/pineapple-frozen/,49.0,kcal,206.0,kJ,100.0,0.0,0.0,0.0,0.0,0.0,0.0,0.0,0.0,0.0,0.0,0.0,0.0,0.0,0.0,0.0,0.0,0.0,12.0,11.6,0.0,0.09,1.0,0.0,0.0,0.2,12.0,0.0,0.0,0.0,0.0,5.0,0.0,100.0,0.0,0.0,0.0,0.0,0.0,0.0,0.0,0.0,0.0,11.6,0.0,0.0,0.0,0.0,0.06,0.02,0.0,0.04,16.0,48.0,0.0,0.0,87.0,0.1
6.517,"Pineapple, raw",Ananas comosus (L.) Merr.,13.2,https://www.matvaretabellen.no/en/pineapple-raw/,44.0,kcal,188.0,kJ,51.0,0.0,31.0,0.0,0.0,0.01,0.0,0.0,0.01,0.02,0.02,0.0,0.0,0.0,0.0,0.0,0.0,0.0,15.0,10.1,0.0,0.07,1.0,0.1,6.0,0.2,14.0,0.0,0.1,0.02,0.02,6.0,0.0,123.0,0.1,0.0,0.0,0.0,0.0,0.0,0.0,0.0,0.0,10.1,0.0,3.0,5.0,0.0,0.05,0.02,0.1,0.05,13.0,56.0,0.0,0.0,88.0,0.1
6.668,Pistachio nuts,Pistacia vera L.,14.2,https://www.matvaretabellen.no/en/pistachio-nuts/,589.0,kcal,2436.4,kJ,53.0,0.0,0.0,0.0,0.0,5.29,0.47,0.52,24.7,14.04,0.24,0.0,0.0,0.0,0.0,0.0,0.0,0.0,92.0,8.1,0.0,1.3,9.0,50.3,0.0,2.8,110.0,25.3,4.7,0.24,14.04,470.0,14.3,1000.0,21.6,0.0,0.0,5.8,7.0,0.0,0.9,0.0,0.0,7.2,0.0,0.0,0.0,0.0,0.42,0.24,1.1,0.9,68.0,5.0,0.0,1.6,11.0,2.5
6.594,"Pistachio nuts, roasted, with salt",Pistacia vera L.,14.2,https://www.matvaretabellen.no/en/pistachio-nuts-roasted-with-salt/,543.0,kcal,2248.39,kJ,53.0,0.0,156.0,0.0,0.0,4.92,0.47,0.47,22.84,13.29,0.26,0.0,0.0,0.0,0.0,0.0,0.0,0.0,107.0,9.1,0.0,1.29,10.0,44.8,0.5,4.0,109.0,23.7,4.9,0.26,13.49,469.0,13.4,1007.0,21.0,0.0,1.1,5.5,2.0,428.0,1.4,0.0,0.0,7.7,0.0,13.0,26.0,0.0,0.7,0.23,1.4,1.12,51.0,3.0,0.0,2.4,15.0,2.3
5.188,"Pita bread, white, industrially made",,5.6.1,https://www.matvaretabellen.no/en/pita-bread-white-industrially-made/,228.0,kcal,967.0,kJ,100.0,0.0,0.0,0.0,0.0,0.14,0.02,0.0,0.12,0.49,0.04,0.0,0.0,0.0,0.0,0.0,0.0,0.0,14.0,45.3,0.0,0.11,4.0,1.0,0.1,0.9,25.0,0.1,2.5,0.04,0.49,91.0,0.5,150.0,7.7,0.0,1.1,0.2,1.0,434.0,45.0,0.0,0.0,0.2,0.0,0.0,0.0,0.0,0.21,0.07,1.2,0.08,36.0,1.0,0.0,0.3,42.0,0.9
4.279,"Plaice, filled, breaded, pre-fried, fried in fat","Pleuronectes platessa Linnaeus, 1758",4.1.2,https://www.matvaretabellen.no/en/plaice-filled-breaded-pre-fried-fried-in-fat/,312.0,kcal,1300.371034397609,kJ,100.0,0.0,118.0,0.36,0.55,2.28,0.16,0.96,9.31,3.26,1.03,0.0,0.0,0.01,0.02,0.05,0.02,0.12,72.0,20.0,34.0,0.05,1.0,20.7,9.0,0.4,19.0,9.8,3.6,1.24,3.25,132.0,4.5,178.0,10.9,51.0,1.0,5.0,12.0,408.0,18.9,0.5,0.5,1.1,0.1,61.0,70.0,0.5,0.09,0.08,1.3,0.09,13.0,3.0,2.5,3.4,47.0,0.8
4.278,"Plaice, filled, breaded, pre-fried, roasted without fat","Pleuronectes platessa Linnaeus, 1758",4.1.2,https://www.matvaretabellen.no/en/plaice-filled-breaded-pre-fried-roasted-without-fat/,262.0,kcal,1094.2593333350633,kJ,100.0,0.0,115.0,0.1,0.33,1.52,0.12,0.51,6.33,2.16,0.77,0.0,0.0,0.01,0.02,0.06,0.02,0.13,77.0,21.6,34.0,0.06,1.0,13.9,9.0,0.4,20.0,6.8,3.9,0.99,2.15,143.0,3.2,192.0,11.8,30.0,1.0,2.9,13.0,413.0,20.5,0.6,0.6,1.2,0.1,40.0,49.0,0.6,0.09,0.07,1.3,0.11,14.0,3.0,2.0,3.4,51.0,0.8
4.2,"Plaice, filled, pre-fried, frozen ","Pleuronectes platessa Linnaeus, 1758",4.1.2,https://www.matvaretabellen.no/en/plaice-filled-pre-fried-frozen/,239.0,kcal,999.0,kJ,100.0,0.0,110.0,0.09,0.31,1.43,0.11,0.48,5.98,2.03,0.73,0.0,0.0,0.01,0.02,0.05,0.01,0.12,67.0,18.8,29.0,0.05,1.0,13.1,8.0,0.5,20.0,6.4,3.4,0.94,2.03,138.0,3.0,196.0,10.7,30.0,1.1,2.8,11.0,423.0,17.8,0.5,0.5,1.0,0.1,40.0,48.0,0.6,0.1,0.08,1.4,0.11,16.0,1.0,2.0,3.2,56.0,0.7
4.233,"Plaice, fillet, rolled in breadcrumbs, fried in fat","Pleuronectes platessa Linnaeus, 1758",4.1.2,https://www.matvaretabellen.no/en/plaice-fillet-rolled-in-breadcrumbs-fried-in-fat/,232.0,kcal,969.0,kJ,100.0,0.0,16.0,0.38,0.33,1.51,0.14,0.77,5.08,1.96,0.43,0.0,0.0,0.02,0.06,0.11,0.03,0.27,24.0,11.4,93.0,0.07,2.0,13.4,15.0,0.8,30.0,5.4,6.1,0.88,2.01,191.0,2.9,315.0,15.4,61.0,0.6,3.6,25.0,231.0,10.7,0.4,0.4,0.7,0.0,62.0,63.0,0.9,0.14,0.14,2.7,0.17,25.0,0.0,5.0,2.1,58.0,1.0
4.068,"Plaice, fillet, rolled in breadcrumbs, raw","Pleuronectes platessa Linnaeus, 1758",4.1.2,https://www.matvaretabellen.no/en/plaice-fillet-rolled-in-breadcrumbs-raw/,148.0,kcal,622.0,kJ,100.0,0.0,2.0,0.04,0.05,0.59,0.09,0.19,1.11,0.5,0.08,0.0,0.0,0.02,0.06,0.12,0.03,0.28,23.0,10.9,86.0,0.07,2.0,4.2,14.0,0.9,32.0,1.4,5.8,0.54,0.57,203.0,1.1,355.0,15.6,34.0,0.6,0.9,24.0,223.0,10.3,0.4,0.4,0.6,0.0,35.0,34.0,1.0,0.17,0.15,2.9,0.2,30.0,0.0,4.6,1.7,67.0,1.0
4.232,"Plaice, fillet, rolled in flour, fried in fat","Pleuronectes platessa Linnaeus, 1758",4.1.2,https://www.matvaretabellen.no/en/plaice-fillet-rolled-in-flour-fried-in-fat/,141.0,kcal,591.0,kJ,100.0,0.0,6.0,0.14,0.16,0.75,0.1,0.3,2.09,0.69,0.17,0.0,0.0,0.02,0.06,0.17,0.05,0.38,13.0,3.1,74.0,0.03,0.2,6.5,15.0,0.2,21.0,2.5,6.7,0.82,0.75,181.0,1.6,348.0,17.5,23.0,0.2,1.6,32.0,100.0,3.1,0.0,0.0,0.0,0.0,24.0,24.0,1.1,0.09,0.1,3.0,0.18,9.0,0.0,6.0,1.4,73.0,0.5
4.231,"Plaice, fillet, simmered","Pleuronectes platessa Linnaeus, 1758",4.1.2,https://www.matvaretabellen.no/en/plaice-fillet-simmered/,85.0,kcal,358.0,kJ,100.0,0.0,0.0,0.0,0.04,0.36,0.08,0.06,0.43,0.04,0.02,0.0,0.0,0.02,0.06,0.18,0.05,0.41,13.0,0.0,81.0,0.02,0.0,2.8,15.0,0.2,20.0,0.9,7.4,0.71,0.11,186.0,0.8,337.0,15.0,13.0,0.2,0.5,32.0,96.0,0.0,0.0,0.0,0.0,0.0,13.0,13.0,1.1,0.08,0.08,2.6,0.18,8.0,0.0,6.4,1.4,82.0,0.5
4.005,"Plaice, raw","Pleuronectes platessa Linnaeus, 1758",4.1.2,https://www.matvaretabellen.no/en/plaice-raw/,91.0,kcal,382.0,kJ,58.0,0.0,0.0,0.0,0.04,0.34,0.08,0.06,0.4,0.04,0.02,0.0,0.0,0.02,0.06,0.17,0.05,0.38,11.0,0.0,68.0,0.02,0.0,2.6,14.0,0.2,20.0,0.8,6.2,0.66,0.1,184.0,0.8,377.0,16.8,12.0,0.2,0.5,30.0,95.0,0.0,0.0,0.0,0.0,0.0,12.0,12.0,1.2,0.09,0.1,3.1,0.21,10.0,0.0,6.0,1.2,81.0,0.5
6.623,"Plaintain, raw",Musa ˣparadisiaca L.,13.2,https://www.matvaretabellen.no/en/plaintain-raw/,132.0,kcal,557.0,kJ,65.0,0.0,457.0,0.0,0.0,0.1,0.01,0.01,0.02,0.04,0.03,0.0,0.0,0.0,0.0,0.0,0.0,0.0,3.0,29.6,0.0,0.08,2.0,0.4,,0.6,37.0,0.0,0.9,0.03,0.04,34.0,0.1,499.0,1.3,0.0,0.0,0.1,2.0,4.0,14.6,0.0,0.0,15.0,0.0,38.0,76.0,0.0,0.05,0.05,0.7,0.3,22.0,18.0,0.0,0.1,66.0,0.1
6.816,"Plant based sausage, soy protein, Hälsans kök",,10.6,https://www.matvaretabellen.no/en/plant-based-sausage-soy-protein-halsans-kok/,120.0,kcal,507.0,kJ,100.0,0.0,54.0,0.0,0.08,0.23,0.01,0.04,1.04,0.71,0.13,0.0,0.0,0.0,0.0,0.0,0.0,0.0,48.0,5.9,0.0,0.17,5.0,2.3,4.0,1.7,24.0,1.1,4.1,0.13,0.71,120.0,0.8,140.0,16.8,0.0,1.7,0.4,4.0,660.0,4.5,1.4,1.4,1.4,0.0,4.0,9.0,0.0,0.13,0.1,1.3,0.1,64.0,1.0,0.0,0.4,71.0,1.0
6.836,Plant-based balls,,10.6,https://www.matvaretabellen.no/en/plant-based-balls/,217.0,kcal,905.0,kJ,100.0,0.0,171.0,1.31,0.52,0.78,0.01,0.32,7.1,1.61,0.42,0.0,0.0,0.0,0.0,0.0,0.0,0.0,59.0,10.8,0.0,0.23,6.0,13.0,0.9,2.5,48.0,7.2,2.7,0.46,1.61,173.0,2.1,357.0,11.3,0.0,1.6,3.4,7.0,657.0,9.7,1.1,1.1,1.1,0.0,14.0,28.0,0.0,0.11,0.09,0.8,0.1,36.0,0.0,0.0,2.3,59.0,1.1
6.829,"Plant-based balls, pea protein, Naturli",,10.6,https://www.matvaretabellen.no/en/plant-based-balls-pea-protein-naturli/,233.0,kcal,968.0,kJ,100.0,0.0,55.0,3.92,1.56,1.24,0.0,0.44,6.26,1.52,0.33,0.0,0.0,0.0,0.0,0.0,0.0,0.0,38.0,5.0,0.0,0.25,5.0,16.6,0.0,2.8,40.0,6.3,3.1,0.36,1.52,220.0,1.9,280.0,13.4,0.0,1.5,8.4,8.0,600.0,4.5,0.5,0.5,0.5,0.0,5.0,9.0,0.0,0.16,0.11,0.9,0.05,24.0,0.0,0.0,2.7,60.0,1.5
6.822,"Plant-based balls, potato and lentils, Hoff",,10.6,https://www.matvaretabellen.no/en/plant-based-balls-potato-and-lentils-hoff/,221.0,kcal,925.0,kJ,100.0,0.0,459.0,0.0,0.02,0.54,0.01,0.34,7.8,1.06,0.07,0.0,0.0,0.0,0.0,0.0,0.0,0.0,44.0,22.9,0.0,0.21,6.0,10.1,3.0,1.8,44.0,7.9,2.5,0.11,1.06,130.0,1.2,470.0,6.6,0.0,1.9,1.0,7.0,740.0,21.0,1.9,1.9,1.9,0.0,38.0,76.0,0.0,0.13,0.11,1.4,0.17,38.0,0.0,0.0,1.7,54.0,0.9
6.823,"Plant-based balls, soy protein, VegMe",,10.6,https://www.matvaretabellen.no/en/plant-based-balls-soy-protein-vegme/,198.0,kcal,821.0,kJ,100.0,0.0,0.0,0.0,0.0,0.56,0.02,0.19,7.25,2.24,0.88,0.0,0.0,0.0,0.0,0.0,0.0,0.0,94.0,4.6,0.0,0.22,7.0,12.2,0.0,3.0,59.0,7.4,2.4,0.91,2.24,170.0,3.2,320.0,13.8,0.0,1.6,0.8,4.0,630.0,3.7,0.9,0.9,0.9,0.0,0.0,0.0,0.0,0.05,0.05,0.1,0.09,46.0,0.0,0.0,2.5,62.0,0.9
6.835,Plant-based grill sausage,,10.6,https://www.matvaretabellen.no/en/plant-based-grill-sausage/,174.0,kcal,721.0,kJ,100.0,0.0,142.0,0.0,0.03,0.61,0.03,0.2,7.83,2.58,1.05,0.0,0.0,0.0,0.0,0.0,0.0,0.0,66.0,7.1,0.0,0.46,3.0,12.7,3.0,1.9,55.0,8.0,2.1,1.08,2.58,150.0,3.7,340.0,6.3,0.0,1.6,0.9,4.0,650.0,5.5,1.1,1.1,1.6,0.0,12.0,23.0,0.0,0.22,0.15,1.1,0.15,29.0,5.0,0.0,3.0,71.0,0.9
6.825,"Plant-based grill sausage, VegMe",,10.6,https://www.matvaretabellen.no/en/plant-based-grill-sausage-vegme/,184.0,kcal,763.0,kJ,100.0,0.0,42.0,0.0,0.0,0.65,0.02,0.23,8.25,2.93,1.11,0.0,0.0,0.0,0.0,0.0,0.0,0.0,76.0,7.4,0.0,0.25,5.0,13.6,5.0,3.2,51.0,8.4,1.6,1.13,2.93,150.0,4.1,230.0,5.5,0.0,1.8,1.0,2.0,710.0,5.6,1.8,1.8,1.8,0.0,3.0,7.0,0.0,0.18,0.06,0.7,0.11,12.0,0.0,0.0,3.3,68.0,1.0
6.827,"Plant-based grill sausage, sunflower protein, Go vegan",,10.6,https://www.matvaretabellen.no/en/plant-based-grill-sausage-sunflower-protein-go-vegan/,142.0,kcal,589.0,kJ,100.0,0.0,0.0,0.0,0.0,0.56,0.02,0.18,7.41,2.39,0.92,0.0,0.0,0.0,0.0,0.0,0.0,0.0,93.0,2.7,0.0,0.42,0.0,11.8,2.0,,93.0,7.5,3.0,0.97,2.39,250.0,3.4,550.0,6.3,0.0,2.1,0.8,4.0,840.0,1.2,0.0,0.0,1.5,0.0,0.0,0.0,0.0,0.44,0.15,1.9,0.23,49.0,0.0,0.0,2.5,79.0,1.4
6.821,"Plant-based grill sausage, vegetables and potato, Hoff",,10.6,https://www.matvaretabellen.no/en/plant-based-grill-sausage-vegetables-and-potato-hoff/,195.0,kcal,812.0,kJ,100.0,0.0,385.0,0.0,0.09,0.62,0.03,0.19,7.83,2.42,1.11,0.0,0.0,0.0,0.0,0.0,0.0,0.0,29.0,11.2,0.0,0.71,3.0,12.8,3.0,0.6,20.0,7.9,1.9,1.13,2.42,49.0,3.6,240.0,7.1,0.0,1.0,1.0,5.0,400.0,9.7,1.5,1.5,1.5,0.0,32.0,64.0,0.0,0.03,0.23,0.7,0.1,25.0,15.0,0.0,3.3,66.0,0.2
6.837,Plant-based minced,,10.6,https://www.matvaretabellen.no/en/plant-based-minced/,177.0,kcal,738.0,kJ,100.0,0.0,6.0,0.8,0.31,0.58,0.01,0.2,3.94,2.25,0.47,0.0,0.0,0.0,0.0,0.0,0.0,0.0,141.0,4.0,0.0,0.28,5.0,9.0,2.0,2.9,67.0,4.0,3.9,0.5,2.25,216.0,2.8,496.0,17.4,0.0,0.8,2.2,7.0,308.0,2.8,0.3,0.3,1.2,0.0,0.0,1.0,0.1,0.12,0.11,1.0,0.1,89.0,0.0,0.0,2.4,64.0,1.1
6.83,"Plant-based minced, pea protein, Naturli",,10.6,https://www.matvaretabellen.no/en/plant-based-minced-pea-protein-naturli/,200.0,kcal,833.0,kJ,100.0,0.0,28.0,3.98,1.5,1.06,0.0,0.28,1.04,0.83,0.11,0.0,0.0,0.0,0.0,0.0,0.0,0.0,280.0,5.7,0.0,0.3,5.0,10.1,2.0,3.8,43.0,1.0,4.7,0.18,0.83,250.0,1.0,370.0,19.0,0.0,0.7,8.0,17.0,290.0,3.3,1.4,1.5,2.4,0.0,2.0,4.0,0.3,0.15,0.13,1.5,0.08,42.0,0.0,0.0,0.3,60.0,1.8
6.678,"Plant-based minced, soy protein",,10.6,https://www.matvaretabellen.no/en/plant-based-minced-soy-protein/,163.0,kcal,681.0,kJ,100.0,0.0,0.0,0.0,0.01,0.42,0.02,0.13,5.28,1.79,0.73,0.0,0.0,0.0,0.0,0.0,0.0,0.0,114.0,1.4,0.0,0.3,6.0,8.6,0.0,2.9,85.0,5.4,3.9,0.75,1.79,213.0,2.5,617.0,17.2,0.0,0.7,0.6,4.0,270.0,0.0,0.0,0.0,1.4,0.0,0.0,0.0,0.0,0.15,0.09,1.0,0.13,114.0,0.0,0.0,2.0,67.0,1.0
6.826,"Plant-based minced, soy protein and wheat, Folkets",,10.6,https://www.matvaretabellen.no/en/plant-based-minced-soy-protein-and-wheat-folkets/,199.0,kcal,832.0,kJ,100.0,0.0,0.0,0.0,0.0,0.6,0.0,0.32,2.82,5.05,0.03,0.0,0.0,0.0,0.0,0.0,0.0,0.0,84.0,11.1,0.0,0.18,4.0,9.0,5.0,2.0,39.0,2.8,3.0,0.06,5.05,190.0,5.1,260.0,16.6,0.0,1.1,1.0,5.0,440.0,10.6,0.0,0.0,0.5,0.0,0.0,0.0,0.0,0.0,0.13,0.2,0.03,60.0,0.0,0.0,5.4,60.0,0.7
6.818,"Plant-based minced, soy protein, Hälsans kök",,10.6,https://www.matvaretabellen.no/en/plant-based-minced-soy-protein-halsans-kok/,144.0,kcal,601.0,kJ,100.0,0.0,0.0,0.0,0.04,0.25,0.01,0.08,2.06,0.89,0.25,0.0,0.0,0.0,0.0,0.0,0.0,0.0,140.0,2.3,0.0,0.5,11.0,3.7,0.0,3.7,120.0,2.1,5.2,0.27,0.89,270.0,1.2,1000.0,20.0,0.0,0.4,0.4,1.0,150.0,0.0,0.0,0.0,2.3,0.0,0.0,0.0,0.0,0.39,0.18,1.9,0.27,180.0,0.0,0.0,0.5,63.0,1.8
6.831,"Plant-based minced, soy protein, Naturli",,10.6,https://www.matvaretabellen.no/en/plant-based-minced-soy-protein-naturli/,178.0,kcal,741.0,kJ,100.0,0.0,0.0,0.0,0.0,0.5,0.03,0.16,6.64,2.2,0.91,0.0,0.0,0.0,0.0,0.0,0.0,0.0,110.0,0.3,0.0,0.22,7.0,10.7,0.0,2.4,78.0,6.8,4.0,0.94,2.2,210.0,3.1,550.0,16.7,0.0,1.0,0.7,8.0,390.0,0.0,0.0,0.0,0.3,0.0,0.0,0.0,0.0,0.04,0.06,1.2,0.04,110.0,0.0,0.0,2.8,65.0,0.6
6.824,"Plant-based minced, soy protein, VegMe",,10.6,https://www.matvaretabellen.no/en/plant-based-minced-soy-protein-vegme/,164.0,kcal,681.0,kJ,100.0,0.0,0.0,0.0,0.0,0.51,0.02,0.16,7.15,2.28,1.04,0.0,0.0,0.0,0.0,0.0,0.0,0.0,91.0,0.5,0.0,0.19,0.0,11.4,0.0,2.7,57.0,7.3,2.5,1.05,2.28,160.0,3.3,300.0,14.8,0.0,0.7,0.7,4.0,270.0,0.0,0.0,0.0,0.5,0.0,0.0,0.0,0.0,0.01,0.04,0.0,0.07,52.0,0.0,0.0,2.8,73.0,0.7
6.691,"Plant-based product, used as cheese",,10.6,https://www.matvaretabellen.no/en/plant-based-product-used-as-cheese/,277.0,kcal,1149.1,kJ,100.0,0.0,586.0,4.9,2.08,1.58,0.0,2.87,3.7,0.64,0.01,0.0,0.0,0.0,0.0,0.0,0.0,0.0,194.0,19.6,,0.0,3.0,21.5,0.0,0.1,3.0,3.7,0.0,0.01,0.64,113.0,0.7,46.0,0.0,0.0,2.2,12.7,0.0,865.0,17.7,1.9,1.9,1.9,0.0,49.0,97.0,1.6,0.08,0.02,0.0,0.01,2.0,0.0,1.0,0.9,56.0,0.0
6.688,"Plant-based product, used as cheese, Coop",,10.6,https://www.matvaretabellen.no/en/plant-based-product-used-as-cheese-coop/,283.0,kcal,1175.8,kJ,100.0,0.0,592.0,7.48,3.17,1.91,0.0,0.55,1.65,0.41,0.0,0.0,0.0,0.0,0.0,0.0,0.0,0.0,18.0,20.2,,0.01,2.0,22.0,0.0,0.1,3.0,1.7,0.0,0.0,0.41,15.0,0.4,12.0,0.0,0.0,2.2,15.0,0.0,880.0,18.6,1.6,1.6,1.6,0.0,49.0,98.0,0.0,0.15,0.02,0.0,0.0,2.0,0.0,0.0,0.3,56.0,0.0
6.689,"Plant-based product, used as cheese, Go Vegan",,10.6,https://www.matvaretabellen.no/en/plant-based-product-used-as-cheese-go-vegan/,271.0,kcal,1122.4,kJ,100.0,0.0,580.0,2.32,0.99,1.24,0.0,5.2,5.75,0.86,0.03,0.0,0.0,0.0,0.0,0.0,0.0,0.0,370.0,19.0,,0.0,3.0,21.0,0.0,0.2,3.0,5.8,0.0,0.03,0.86,210.0,0.9,80.0,0.0,0.0,2.1,10.4,0.0,850.0,16.8,2.2,2.2,2.2,0.0,48.0,96.0,1.6,0.0,0.01,0.0,0.01,3.0,0.0,2.0,1.5,57.0,0.0
6.69,"Plant-based product, used as cheese, shredded, Go Vegan",,10.6,https://www.matvaretabellen.no/en/plant-based-product-used-as-cheese-shredded-go-vegan/,275.0,kcal,1138.7,kJ,100.0,0.0,182.0,5.47,2.32,1.5,0.0,0.5,5.1,1.49,0.5,0.0,0.0,0.0,0.0,0.0,0.0,0.0,13.0,17.5,,0.0,3.0,22.0,0.0,0.0,1.0,5.2,0.0,0.5,1.49,28.0,2.0,42.0,0.0,0.0,1.4,11.2,0.0,570.0,17.5,0.0,0.0,0.0,0.0,15.0,30.0,0.0,0.0,0.01,0.0,0.0,2.0,0.0,0.0,2.1,57.0,0.0
6.267,"Plant-based product, used as cream cheese, oat based",,10.6,https://www.matvaretabellen.no/en/plant-based-product-used-as-cream-cheese-oat-based/,236.0,kcal,977.0,kJ,100.0,0.0,21.0,4.55,1.85,1.38,0.02,0.44,6.3,2.38,0.75,0.0,0.0,0.0,0.0,0.0,0.0,0.0,9.0,10.0,1.0,,0.5,20.1,21.0,0.6,18.0,6.5,0.7,0.7,2.4,61.0,3.1,53.0,3.5,0.0,0.7,9.5,2.0,272.0,6.5,0.0,0.0,3.5,0.0,2.0,3.0,0.0,0.04,0.01,0.1,0.02,6.0,0.0,0.0,1.7,66.0,0.4
10.213,"Plant-based product, used as ham",,10.6,https://www.matvaretabellen.no/en/plant-based-product-used-as-ham/,153.0,kcal,634.0,kJ,100.0,0.0,13.0,0.0,0.01,0.58,0.02,0.22,7.06,2.38,0.97,0.0,0.0,0.0,0.0,0.0,0.0,0.0,79.0,3.1,1.0,0.17,4.0,11.0,21.0,13.0,26.0,7.2,1.6,0.04,0.25,108.0,3.4,380.0,8.2,0.0,2.7,0.9,1.0,1095.0,1.3,,,1.9,0.0,1.0,2.0,0.0,0.02,0.03,0.2,0.09,6.0,0.0,0.0,2.7,73.0,1.0
10.211,"Plant-based product, used as ham, Go'Vegan",,10.6,https://www.matvaretabellen.no/en/plant-based-product-used-as-ham-go-vegan/,164.0,kcal,681.0,kJ,100.0,0.0,0.0,0.0,0.0,0.57,0.02,0.22,7.34,2.31,0.98,0.0,0.0,0.0,0.0,0.0,0.0,0.0,86.0,4.7,2.0,0.13,4.0,12.2,32.0,,40.0,7.5,1.3,0.04,0.24,95.0,3.3,210.0,6.8,0.0,2.2,0.9,0.0,890.0,2.5,,,2.2,0.0,0.0,0.0,0.0,0.02,0.04,0.2,0.07,7.0,0.0,0.0,2.3,72.0,0.9
10.212,"Plant-based product, used as ham, Vegan Deli",,10.6,https://www.matvaretabellen.no/en/plant-based-product-used-as-ham-vegan-deli/,141.0,kcal,586.0,kJ,100.0,0.0,25.0,0.0,0.01,0.6,0.02,0.21,6.78,2.45,0.96,0.0,0.0,0.0,0.0,0.0,0.0,0.0,71.0,1.6,0.0,0.2,4.0,9.8,9.0,3.9,11.0,7.0,1.8,0.04,0.25,120.0,3.4,550.0,9.6,0.0,3.3,0.9,2.0,1300.0,0.0,,,1.6,0.0,2.0,4.0,0.0,0.01,0.02,0.2,0.1,6.0,0.0,0.0,3.0,75.0,1.1
6.834,"Plant-based sausage, soy protein",,10.6,https://www.matvaretabellen.no/en/plant-based-sausage-soy-protein/,152.0,kcal,634.0,kJ,100.0,0.0,67.0,0.0,0.04,0.43,0.02,0.13,4.54,1.67,0.58,0.0,0.0,0.0,0.0,0.0,0.0,0.0,56.0,3.9,0.0,0.17,5.0,7.6,2.0,1.7,33.0,4.6,3.3,0.59,1.67,135.0,2.3,220.0,14.4,0.0,1.6,0.7,4.0,645.0,3.0,1.0,1.0,1.0,0.0,6.0,11.0,0.0,0.1,0.09,0.9,0.08,63.0,1.0,0.0,2.0,69.0,0.8
6.832,"Plant-based sausage, soy protein, Naturli",,10.6,https://www.matvaretabellen.no/en/plant-based-sausage-soy-protein-naturli/,183.0,kcal,761.0,kJ,100.0,0.0,80.0,0.0,0.0,0.64,0.03,0.21,8.03,2.63,1.03,0.0,0.0,0.0,0.0,0.0,0.0,0.0,64.0,2.0,,0.17,6.0,12.9,0.0,,41.0,8.2,2.5,1.05,2.63,150.0,3.7,300.0,12.0,0.0,1.6,1.0,5.0,630.0,1.4,0.6,0.6,0.6,0.0,7.0,13.0,0.0,0.06,0.07,0.5,0.06,61.0,0.0,0.0,3.5,67.0,0.6
6.684,"Plant-based schnitzel, soy and wheat protein",,10.6,https://www.matvaretabellen.no/en/plant-based-schnitzel-soy-and-wheat-protein/,240.0,kcal,1001.2,kJ,100.0,0.0,42.0,0.0,0.1,0.9,0.0,0.3,5.9,4.2,0.5,0.0,0.0,0.0,0.0,0.0,0.0,0.0,66.0,16.3,2.0,,4.0,12.8,0.0,1.3,40.0,6.0,3.3,0.5,4.2,140.0,4.7,350.0,12.9,0.0,1.4,1.5,8.0,540.0,14.5,1.8,1.8,1.8,,4.0,7.0,0.0,0.17,0.04,1.1,0.09,60.0,0.0,0.0,4.9,54.0,0.7
6.812,Plum jam,,13.3,https://www.matvaretabellen.no/en/plum-jam/,178.0,kcal,755.0,kJ,100.0,0.0,15.0,0.0,0.0,0.0,0.0,0.0,0.02,0.01,0.0,0.0,0.0,0.0,0.0,0.0,0.0,0.0,4.0,43.7,0.0,0.03,0.8,0.0,0.2,0.0,4.0,0.0,0.2,0.0,0.01,8.0,0.0,72.0,0.2,0.0,0.0,0.0,0.0,0.0,0.1,40.0,40.0,43.6,0.0,1.0,2.0,0.0,0.01,0.01,0.1,0.02,0.2,2.0,0.0,0.2,55.0,0.0
6.545,"Plums, canned, in syrup",Prunus domestica L.,13.3,https://www.matvaretabellen.no/en/plums-canned-in-syrup/,92.0,kcal,391.0,kJ,100.0,0.0,27.0,0.0,0.0,0.0,0.0,0.0,0.03,0.01,0.0,0.0,0.0,0.0,0.0,0.0,0.0,0.0,7.0,22.0,0.0,0.04,1.0,0.1,0.3,0.1,5.0,0.0,0.3,0.0,0.01,13.0,0.0,120.0,0.3,0.0,0.0,0.0,0.0,0.0,0.1,16.4,16.4,21.9,0.0,2.0,4.0,0.0,0.01,0.01,0.2,0.02,0.6,4.0,0.0,0.2,77.0,0.1
6.544,"Plums, raw",Prunus domestica L.,13.2,https://www.matvaretabellen.no/en/plums-raw/,44.0,kcal,186.0,kJ,94.0,0.0,45.0,0.0,0.0,0.01,0.0,0.0,0.05,0.02,0.0,0.0,0.0,0.0,0.0,0.0,0.0,0.0,11.0,9.3,0.0,0.07,2.0,0.1,0.5,0.1,9.0,0.0,0.5,0.0,0.02,21.0,0.0,199.0,0.5,0.0,0.0,0.0,0.0,0.0,0.2,0.0,0.0,9.1,0.0,4.0,7.0,0.0,0.02,0.02,0.4,0.04,1.0,7.0,0.0,0.4,88.0,0.1
5.385,"Polar bread, wheat",,5.6.1,https://www.matvaretabellen.no/en/polar-bread-wheat/,314.0,kcal,1325.007931034483,kJ,100.0,0.0,0.0,0.0,0.0,0.35,0.01,0.07,2.42,1.39,0.35,0.0,0.0,0.0,0.0,0.0,0.0,0.0,22.0,55.7,0.0,0.13,3.0,5.0,0.0,0.9,30.0,2.5,2.6,0.35,1.39,96.0,1.7,161.0,9.6,0.0,0.7,0.5,1.0,279.0,50.4,5.1,5.1,5.4,0.0,0.0,0.0,0.0,0.17,0.04,1.0,0.08,13.0,1.0,0.0,1.2,26.0,0.7
4.021,"Pollack, raw","Pollachius pollachius (Linnaeus, 1758)",4.1.2,https://www.matvaretabellen.no/en/pollack-raw/,66.0,kcal,279.0,kJ,50.0,0.0,0.0,0.0,0.0,0.02,0.0,0.0,0.01,0.0,0.0,0.0,0.0,0.0,0.0,0.01,0.0,0.04,8.0,0.0,40.0,0.0,0.0,0.2,697.0,0.1,23.0,0.0,4.8,0.05,0.0,220.0,0.1,385.0,16.0,2.0,0.2,0.0,30.0,65.0,0.0,0.0,0.0,0.0,0.0,2.0,2.0,1.0,0.05,0.1,1.9,0.2,3.0,0.0,2.2,0.7,84.0,0.3
6.845,"Pomegranate, frozen",Punica granatum L.,13.1,https://www.matvaretabellen.no/en/pomegranate-frozen/,64.0,kcal,270.0,kJ,100.0,0.0,0.0,0.01,0.01,0.07,0.01,0.04,0.08,0.08,0.0,0.0,0.0,0.0,0.0,0.0,0.0,0.0,15.0,11.4,0.0,0.2,6.0,0.4,0.0,0.5,16.0,0.1,0.4,0.0,0.08,40.0,0.1,225.0,1.0,0.0,0.0,0.1,0.0,1.0,0.0,0.0,0.0,11.4,0.0,0.0,0.0,0.0,0.09,0.01,0.2,0.02,14.0,3.0,0.0,0.2,82.0,0.3
6.596,"Pomegranate, raw",Punica granatum L.,13.2,https://www.matvaretabellen.no/en/pomegranate-raw/,80.0,kcal,337.0,kJ,66.0,0.0,0.0,0.01,0.01,0.07,0.01,0.04,0.08,0.08,0.0,0.0,0.0,0.0,0.0,0.0,0.0,0.0,10.0,13.7,0.0,0.16,4.0,1.2,0.5,0.3,12.0,0.1,0.6,0.0,0.08,36.0,0.1,236.0,1.7,0.0,0.0,0.1,1.0,3.0,0.0,0.0,0.0,13.7,0.0,0.0,0.0,0.0,0.07,0.05,0.3,0.08,38.0,10.0,0.0,0.6,80.0,0.4
6.771,"Pomelo, raw",Citrus maxima (Burm.) Merr.,13.2,https://www.matvaretabellen.no/en/pomelo-raw/,33.0,kcal,141.0,kJ,61.0,0.0,17.0,0.0,0.0,0.03,0.0,0.0,0.03,0.05,0.01,0.0,0.0,0.0,0.0,0.0,0.0,0.0,27.0,6.8,0.0,0.05,1.0,0.2,0.1,0.3,6.0,0.1,0.3,0.01,0.05,20.0,0.1,230.0,0.6,0.0,0.0,0.0,,1.0,0.0,0.0,0.0,6.8,0.0,1.0,2.0,0.0,0.05,0.03,0.2,0.04,26.0,45.0,0.0,0.1,91.0,0.1
10.204,"Ponzu sauce, home-made",,10.11,https://www.matvaretabellen.no/en/ponzu-sauce-home-made/,99.0,kcal,421.0,kJ,100.0,0.0,63.0,0.0,0.0,0.01,0.0,0.0,0.01,0.02,0.0,0.0,0.0,0.0,0.0,0.0,0.0,0.0,15.0,22.5,0.0,0.04,0.4,0.1,0.3,1.5,23.0,0.0,2.2,0.0,0.02,34.0,0.0,152.0,2.0,0.0,8.8,0.0,1.0,3505.0,1.2,0.0,12.3,21.3,0.0,5.0,10.0,0.0,0.03,0.08,1.9,0.11,8.0,9.0,0.0,0.1,75.0,0.2
12.012,"Popcorn, air popped, industrially made",,10.5,https://www.matvaretabellen.no/en/popcorn-air-popped-industrially-made/,399.0,kcal,1670.0,kJ,100.0,0.0,90.0,0.0,0.0,1.91,0.02,0.27,3.31,8.06,0.19,0.0,0.0,0.0,0.0,0.0,0.0,0.0,5.0,51.4,0.0,0.16,11.0,14.5,5.0,3.1,86.0,8.3,2.5,0.19,8.06,275.0,1.3,240.0,10.1,0.0,2.0,4.3,1.0,786.0,50.0,0.0,0.0,1.4,0.0,8.0,15.0,0.0,0.01,0.03,0.8,0.2,14.0,0.0,0.0,0.0,13.0,0.1
12.028,"Popcorn, air popped, micro pop",,10.5,https://www.matvaretabellen.no/en/popcorn-air-popped-micro-pop/,480.0,kcal,2010.5,kJ,100.0,0.0,26.0,0.0,0.1,3.0,0.0,2.7,7.5,2.5,0.0,0.0,0.0,0.0,0.0,0.0,0.0,0.0,3.0,66.0,2.0,0.22,13.0,16.9,0.0,2.3,72.0,7.5,3.2,0.0,2.5,200.0,2.5,170.0,9.6,0.0,1.9,6.1,0.0,760.0,65.1,0.0,0.0,0.9,0.0,2.0,4.0,0.1,0.06,0.06,1.6,0.23,12.0,0.0,0.0,2.5,0.0,2.9
6.173,Poppy seeds,Poppy somniferum L.,14.1,https://www.matvaretabellen.no/en/poppy-seeds/,497.0,kcal,2050.55,kJ,100.0,0.0,0.0,0.0,0.08,3.58,0.04,0.78,5.86,28.3,0.27,0.0,0.0,0.0,0.0,0.0,0.0,0.0,1438.0,3.0,0.0,1.63,20.0,41.6,,9.8,347.0,6.0,3.9,0.27,28.3,870.0,28.6,719.0,18.0,0.0,0.1,4.5,14.0,26.0,0.0,0.0,0.0,3.0,0.0,0.0,0.0,0.0,0.85,0.1,0.9,0.25,82.0,1.0,0.0,1.8,18.0,7.9
4.116,"Porbeagle, mackerel shark, raw","Lamna nasus (Bonnaterre, 1788)",4.1.2,https://www.matvaretabellen.no/en/porbeagle-mackerel-shark-raw/,85.0,kcal,360.0,kJ,,0.0,0.0,0.0,0.01,0.06,0.01,0.01,0.07,0.01,0.0,0.0,0.0,0.0,0.01,0.03,0.01,0.07,9.0,0.0,52.0,0.0,0.0,0.4,42.0,0.5,19.0,0.1,10.7,0.12,0.02,200.0,0.2,242.0,20.3,0.0,0.4,0.1,30.0,160.0,0.0,0.0,0.0,0.0,0.0,0.0,0.0,3.0,0.08,0.1,7.0,0.6,3.0,0.0,0.3,0.6,79.0,0.4
3.128,"Pork and beef, minced meat, raw",,3.8,https://www.matvaretabellen.no/en/pork-and-beef-minced-meat-raw/,169.0,kcal,707.0,kJ,100.0,0.0,2.0,0.01,0.16,2.36,0.29,1.26,4.51,1.0,0.13,0.02,0.0,0.0,0.03,0.0,0.02,0.01,4.0,0.1,56.0,0.07,0.0,10.7,0.6,1.3,21.0,4.9,7.3,0.16,1.08,167.0,1.3,328.0,18.3,12.0,1.1,3.9,9.0,443.0,0.0,0.0,0.0,0.1,0.1,12.0,12.0,0.8,0.4,0.04,3.9,0.21,4.0,0.0,0.2,0.6,71.0,2.7
3.105,"Pork loin, smoked",,3.4,https://www.matvaretabellen.no/en/pork-loin-smoked/,210.0,kcal,872.0,kJ,100.0,0.0,0.0,0.02,0.23,3.57,0.42,1.85,7.11,1.73,0.19,0.03,0.0,0.0,0.04,0.0,0.03,0.01,4.0,1.0,57.0,0.06,0.0,16.6,0.0,1.0,16.0,7.6,4.8,0.25,1.87,124.0,2.1,170.0,14.1,13.0,1.8,5.9,9.0,716.0,0.0,0.9,0.9,1.0,0.0,13.0,13.0,0.4,0.27,0.04,2.3,0.11,1.0,0.0,0.3,0.7,68.0,2.1
3.135,"Pork patties, fried",,3.5,https://www.matvaretabellen.no/en/pork-patties-fried/,280.0,kcal,1162.8050889319145,kJ,100.0,0.0,2.0,0.05,0.45,6.15,0.59,3.23,9.56,2.27,0.23,0.03,0.0,0.0,0.05,0.0,0.03,0.0,68.0,6.2,46.0,0.05,0.1,23.0,7.0,1.0,17.0,10.1,3.9,0.3,2.45,123.0,2.7,196.0,12.0,10.0,1.8,8.4,10.0,720.0,4.5,0.0,0.0,1.7,0.1,11.0,10.0,0.6,0.13,0.11,1.8,0.07,2.0,0.0,0.2,0.5,59.0,1.8
9.137,"Pork roast with sauerkraut and potatoes, Fjordland",,3.7,https://www.matvaretabellen.no/en/pork-roast-with-sauerkraut-and-potatoes-fjordland/,77.0,kcal,327.0,kJ,100.0,0.0,5.0,0.0,0.01,0.26,0.03,0.11,0.76,0.12,0.01,0.0,0.0,0.0,0.01,0.0,0.0,0.0,18.0,8.2,19.0,0.06,1.0,1.3,0.8,0.7,21.0,0.8,4.5,0.01,0.13,82.0,0.2,274.0,7.6,1.0,0.4,0.3,5.0,163.0,6.2,1.3,1.3,2.1,0.0,1.0,1.0,0.1,0.19,0.04,2.4,0.16,9.0,6.0,0.0,0.2,82.0,0.6
12.015,Pork scratchings,,10.5,https://www.matvaretabellen.no/en/pork-scratchings/,606.0,kcal,2519.7,kJ,100.0,0.0,0.0,0.01,0.03,2.37,0.08,1.28,33.95,4.59,0.18,0.0,0.0,0.0,0.0,0.0,0.0,0.0,32.0,0.2,119.0,0.2,0.0,46.0,0.0,2.4,18.0,23.9,12.2,0.23,4.59,180.0,3.7,300.0,47.9,0.0,3.3,16.6,14.0,1320.0,0.0,0.0,0.0,0.2,0.2,0.0,0.0,0.0,0.56,0.2,4.2,0.05,0.0,0.0,0.0,,6.0,1.6
3.49,"Pork, bottom round, boiled","Sus scrofa Linnaeus, 1758",3.4,https://www.matvaretabellen.no/en/pork-bottom-round-boiled/,164.0,kcal,692.0,kJ,100.0,0.0,0.0,0.0,0.05,0.78,0.12,0.34,1.66,0.31,0.03,0.0,0.01,0.0,0.03,0.0,0.01,0.01,5.0,0.3,95.0,0.09,0.0,3.6,0.0,0.9,28.0,1.8,17.7,0.0,0.39,220.0,0.5,334.0,32.6,5.0,0.1,1.2,20.0,40.0,0.0,0.0,0.0,0.3,0.0,5.0,5.0,0.3,0.58,0.06,5.6,0.28,0.9,0.0,0.1,0.6,64.0,2.1
3.208,"Pork, inside round, raw","Sus scrofa Linnaeus, 1758",3.4,https://www.matvaretabellen.no/en/pork-inside-round-raw/,115.0,kcal,483.0,kJ,100.0,0.0,0.0,0.0,0.04,0.59,0.08,0.28,1.24,0.22,0.02,0.0,0.0,0.0,0.02,0.0,0.01,0.01,4.0,0.2,62.0,0.05,0.0,2.8,0.0,0.6,27.0,1.4,11.5,0.0,0.25,215.0,0.3,390.0,22.3,5.0,0.1,1.0,15.0,55.0,0.0,0.0,0.0,0.2,0.0,5.0,5.0,0.5,0.87,0.04,7.4,0.43,1.0,0.0,0.1,0.4,75.0,1.5
3.272,"Pork, inside round, roasted without fat","Sus scrofa Linnaeus, 1758",3.4,https://www.matvaretabellen.no/en/pork-inside-round-roasted-without-fat/,140.0,kcal,592.0,kJ,100.0,0.0,0.0,0.0,0.05,0.79,0.09,0.37,1.32,0.24,0.02,0.0,0.0,0.0,0.02,0.0,0.01,0.01,5.0,0.2,82.0,0.07,0.0,2.9,0.0,0.7,32.0,1.4,15.3,0.0,0.27,252.0,0.3,380.0,28.2,5.0,0.2,1.0,20.0,64.0,0.0,0.0,0.0,0.2,0.0,5.0,5.0,0.5,0.69,0.05,7.7,0.36,1.0,0.0,0.1,0.5,69.0,2.0
3.348,"Pork, minced meat, 9 % fat, raw","Sus scrofa Linnaeus, 1758",3.8,https://www.matvaretabellen.no/en/pork-minced-meat-9-fat-raw/,162.0,kcal,675.0,kJ,100.0,0.0,0.0,0.0,0.11,1.95,0.26,0.93,4.1,0.83,0.09,0.02,0.01,0.0,0.03,0.0,0.02,0.0,4.0,0.1,67.0,0.07,0.0,9.1,1.0,0.8,23.0,4.5,8.8,0.1,0.95,195.0,1.1,360.0,19.9,8.0,0.2,3.1,10.0,63.0,0.0,0.0,0.0,0.1,0.0,8.0,8.0,0.4,0.81,0.06,5.2,0.31,1.0,0.0,0.2,0.6,71.0,2.6
3.141,"Pork, minced meat, fried without fat",Sus scrofa Linnaeus 1758,3.8,https://www.matvaretabellen.no/en/pork-minced-meat-fried-without-fat/,193.0,kcal,810.0,kJ,100.0,0.0,0.0,0.0,0.15,2.67,0.28,1.28,4.49,0.91,0.1,0.02,0.01,0.0,0.04,0.0,0.02,0.0,5.0,0.1,92.0,0.1,0.0,9.9,2.0,1.0,28.0,4.9,12.1,0.11,1.04,235.0,1.2,360.0,25.9,9.0,0.2,3.3,13.0,75.0,0.0,0.0,0.0,0.1,0.0,9.0,9.0,0.5,0.67,0.07,5.6,0.27,2.0,0.0,0.2,0.7,64.0,3.5
3.083,"Pork, neck chops, raw","Sus scrofa Linnaeus, 1758",3.4,https://www.matvaretabellen.no/en/pork-neck-chops-raw/,206.0,kcal,857.0,kJ,83.0,0.0,0.0,0.01,0.2,3.21,0.38,1.7,6.33,1.49,0.18,0.03,0.0,0.0,0.04,0.0,0.03,0.01,5.0,0.1,66.0,0.07,0.0,14.8,0.0,1.1,21.0,6.9,7.1,0.25,1.6,180.0,1.9,345.0,18.3,17.0,0.1,5.3,9.0,59.0,0.0,0.0,0.0,0.1,0.0,17.0,17.0,0.6,0.67,0.05,3.7,0.23,2.0,0.0,0.3,0.9,67.0,2.6
3.274,"Pork, neck chops, roasted without fat","Sus scrofa Linnaeus, 1758",3.4,https://www.matvaretabellen.no/en/pork-neck-chops-roasted-without-fat/,271.0,kcal,1127.1353846153845,kJ,77.0,0.0,0.0,0.02,0.31,4.94,0.47,2.62,7.79,1.84,0.22,0.03,0.0,0.0,0.05,0.0,0.03,0.02,6.0,0.1,101.0,0.11,0.0,18.2,0.0,1.5,29.0,8.5,10.9,0.31,1.97,244.0,2.3,387.0,26.7,20.0,0.2,6.5,14.0,79.0,0.0,0.0,0.0,0.1,0.0,20.0,20.0,0.8,0.61,0.07,4.4,0.23,2.0,0.0,0.4,1.1,55.0,4.0
3.09,"Pork, rib, side bacon, raw","Sus scrofa Linnaeus, 1758",3.4,https://www.matvaretabellen.no/en/pork-rib-side-bacon-raw/,332.0,kcal,1373.4525,kJ,93.0,0.0,0.0,0.05,0.46,6.75,0.83,3.2,12.78,2.77,0.32,0.06,0.03,0.0,0.06,0.0,0.03,0.0,4.0,0.1,65.0,0.04,0.0,29.4,0.0,0.0,19.0,14.0,8.1,0.4,2.98,148.0,3.4,283.0,16.7,26.0,0.2,10.7,8.0,62.0,0.0,0.0,0.0,0.1,0.0,26.0,26.0,0.5,0.42,0.03,5.0,0.28,1.0,0.0,0.6,0.8,54.0,1.7
3.353,"Pork, roll, sliced",,3.5,https://www.matvaretabellen.no/en/pork-roll-sliced/,194.0,kcal,806.0,kJ,100.0,0.0,0.0,0.02,0.17,3.05,0.34,1.62,5.19,1.88,0.13,0.02,0.02,0.0,0.06,0.0,0.02,0.0,7.0,0.0,48.0,0.08,0.0,13.5,0.2,0.9,20.0,5.6,9.0,0.17,0.22,310.0,2.2,400.0,18.0,6.0,2.1,4.9,8.0,840.0,0.0,0.0,0.0,0.0,0.0,6.0,6.0,1.4,0.7,0.13,5.7,0.28,12.0,0.0,0.3,0.8,69.0,1.8
3.493,"Pork, silverside, raw","Sus scrofa Linnaeus, 1758",3.4,https://www.matvaretabellen.no/en/pork-silverside-raw/,123.0,kcal,517.0,kJ,100.0,0.0,0.0,0.0,0.06,0.91,0.13,0.43,1.88,0.32,0.04,0.03,0.0,0.0,0.01,0.0,0.01,0.0,3.0,0.2,65.0,0.06,0.0,4.2,0.0,0.8,24.0,2.1,10.8,0.1,0.4,200.0,0.4,365.0,21.0,7.0,0.1,1.4,9.0,54.0,0.0,0.0,0.0,0.2,0.0,7.0,7.0,0.4,0.83,0.05,6.9,0.36,1.0,0.0,0.1,0.5,75.0,1.9
3.21,"Pork, striploin, raw","Sus scrofa Linnaeus, 1758",3.4,https://www.matvaretabellen.no/en/pork-striploin-raw/,120.0,kcal,507.0,kJ,100.0,0.0,0.0,0.0,0.04,0.65,0.09,0.3,1.25,0.19,0.02,0.0,0.0,0.0,0.02,0.0,0.01,0.0,4.0,0.3,54.0,0.04,0.0,2.9,0.0,0.7,29.0,1.4,12.7,0.0,0.25,225.0,0.3,420.0,23.4,4.0,0.1,1.0,9.0,50.0,0.0,0.0,0.0,0.3,0.0,4.0,4.0,0.0,0.75,0.03,8.4,0.43,0.9,0.0,0.1,0.4,74.0,1.3
3.496,"Pork, striploin, roasted without fat","Sus scrofa Linnaeus, 1758",3.4,https://www.matvaretabellen.no/en/pork-striploin-roasted-without-fat/,147.0,kcal,621.0,kJ,100.0,0.0,0.0,0.0,0.04,0.69,0.1,0.32,1.33,0.21,0.02,0.0,0.0,0.0,0.02,0.0,0.01,0.0,5.0,0.3,72.0,0.05,0.0,3.0,0.0,0.9,32.0,1.5,16.9,0.0,0.27,255.0,0.3,336.0,29.6,4.0,0.1,1.1,13.0,57.0,0.0,0.0,0.0,0.3,0.0,4.0,4.0,0.0,0.5,0.03,8.4,0.35,1.0,0.0,0.1,0.5,67.0,1.7
3.494,"Pork, tenderloin, loinback, boiled","Sus scrofa Linnaeus, 1758",3.4,https://www.matvaretabellen.no/en/pork-tenderloin-loinback-boiled/,157.0,kcal,666.0,kJ,100.0,0.0,0.0,0.0,0.04,0.58,0.08,0.26,1.14,0.21,0.02,0.0,0.0,0.0,0.03,0.0,0.01,0.0,8.0,0.4,91.0,0.08,0.0,2.6,0.0,1.2,30.0,1.3,19.4,0.0,0.26,230.0,0.3,347.0,33.1,3.0,0.1,0.9,20.0,40.0,0.0,0.0,0.0,0.4,0.0,3.0,3.0,0.3,0.62,0.05,6.5,0.3,1.0,0.0,0.1,0.5,64.0,1.8
3.086,"Pork, tenderloin, loinback, raw","Sus scrofa Linnaeus, 1758",3.4,https://www.matvaretabellen.no/en/pork-tenderloin-loinback-raw/,112.0,kcal,472.0,kJ,100.0,0.0,0.0,0.0,0.03,0.44,0.06,0.2,0.87,0.16,0.02,0.0,0.0,0.0,0.02,0.0,0.01,0.0,6.0,0.3,59.0,0.05,0.0,2.0,0.0,0.8,30.0,1.0,12.6,0.0,0.2,230.0,0.2,410.0,23.1,2.0,0.1,0.7,13.0,52.0,0.0,0.0,0.0,0.3,0.0,2.0,2.0,0.4,0.89,0.04,8.4,0.44,1.0,0.0,0.0,0.4,75.0,1.5
3.495,"Pork, tenderloin, loinback, roasted without fat","Sus scrofa Linnaeus, 1758",3.4,https://www.matvaretabellen.no/en/pork-tenderloin-loinback-roasted-without-fat/,138.0,kcal,582.0,kJ,100.0,0.0,0.0,0.0,0.03,0.47,0.07,0.21,0.93,0.17,0.02,0.0,0.0,0.0,0.03,0.0,0.01,0.0,7.0,0.4,79.0,0.07,0.0,2.1,0.0,1.1,33.0,1.1,16.8,0.0,0.21,261.0,0.2,328.0,29.3,3.0,0.1,0.7,17.0,59.0,0.0,0.0,0.0,0.4,0.0,3.0,3.0,0.4,0.59,0.04,8.4,0.35,1.0,0.0,0.0,0.5,68.0,1.9
3.209,"Pork, tenderloin, raw","Sus scrofa Linnaeus, 1758",3.4,https://www.matvaretabellen.no/en/pork-tenderloin-raw/,124.0,kcal,522.0,kJ,100.0,0.0,0.0,0.0,0.05,0.77,0.1,0.38,1.38,0.32,0.03,0.0,0.01,0.0,0.03,0.0,0.01,0.0,4.0,0.2,63.0,0.07,0.0,3.5,0.0,0.7,26.0,1.6,11.8,0.1,0.4,210.0,0.4,395.0,23.0,6.0,0.1,1.3,10.0,49.0,0.0,0.0,0.0,0.2,0.0,6.0,6.0,0.4,1.04,0.05,7.6,0.37,1.0,0.0,0.1,0.6,73.0,1.5
3.492,"Pork, tenderloin, roasted without fat","Sus scrofa Linnaeus, 1758",3.4,https://www.matvaretabellen.no/en/pork-tenderloin-roasted-without-fat/,151.0,kcal,635.0,kJ,100.0,0.0,0.0,0.01,0.05,0.82,0.11,0.4,1.47,0.34,0.03,0.0,0.01,0.0,0.03,0.0,0.01,0.0,4.0,0.2,84.0,0.09,0.0,3.7,0.0,1.0,29.0,1.7,15.8,0.11,0.43,238.0,0.4,316.0,29.1,6.0,0.1,1.3,13.0,55.0,0.0,0.0,0.0,0.2,0.0,6.0,6.0,0.5,0.69,0.06,7.6,0.3,1.0,0.0,0.1,0.6,67.0,2.0
10.172,"Porridge, prepared with barley and milk",,5.12,https://www.matvaretabellen.no/en/porridge-prepared-with-barley-and-milk/,92.0,kcal,390.0,kJ,100.0,0.0,2.0,0.02,0.07,0.24,0.01,0.07,0.2,0.12,0.01,0.0,0.0,0.0,0.0,0.0,0.0,0.0,131.0,14.9,2.0,0.1,2.0,1.0,15.0,0.4,19.0,0.2,2.0,0.01,0.12,157.0,0.1,201.0,4.9,2.0,0.2,0.5,1.0,60.0,10.5,0.0,0.0,4.4,0.0,2.0,2.0,0.5,0.04,0.14,0.7,0.05,5.0,0.0,0.3,0.1,77.0,0.5
5.127,"Porridge, prepared with oats and water",,5.12,https://www.matvaretabellen.no/en/porridge-prepared-with-oats-and-water/,39.0,kcal,164.0,kJ,100.0,0.0,0.0,0.0,0.0,0.09,0.0,0.0,0.21,0.22,0.01,0.0,0.0,0.0,0.0,0.0,0.0,0.0,6.0,6.1,0.0,0.04,1.0,0.7,0.1,0.4,15.0,0.2,0.4,0.01,0.22,47.0,0.2,32.0,1.5,0.0,0.7,0.1,0.0,275.0,6.0,0.0,0.0,0.1,0.0,0.0,0.0,0.0,0.04,0.01,0.07,0.01,3.0,0.0,0.0,0.1,91.0,0.3
10.176,"Porridge, prepared with oats, buck wheat and milk, gluten-free",,5.12,https://www.matvaretabellen.no/en/porridge-prepared-with-oats-buck-wheat-and-milk-gluten-free/,130.0,kcal,549.0,kJ,100.0,0.0,1.0,0.02,0.07,0.38,0.02,0.09,0.48,0.45,0.39,0.0,0.0,0.0,0.0,0.0,0.0,0.0,118.0,18.7,2.0,0.14,3.0,2.5,12.0,0.9,57.0,0.5,2.0,0.39,0.44,202.0,0.8,222.0,6.7,2.0,0.1,0.7,1.0,30.0,15.0,0.0,0.0,3.6,0.0,2.0,2.0,0.4,0.09,0.13,0.6,0.04,13.0,0.0,0.0,0.1,69.0,0.7
5.128,"Porridge, prepared with rice and low fat milk",,5.12,https://www.matvaretabellen.no/en/porridge-prepared-with-rice-and-low-fat-milk/,72.0,kcal,304.0,kJ,100.0,0.0,1.0,0.02,0.05,0.17,0.01,0.06,0.14,0.03,0.0,0.0,0.0,0.0,0.0,0.0,0.0,0.0,95.0,13.1,1.0,0.02,0.1,0.6,12.0,0.0,9.0,0.1,0.9,0.0,0.02,92.0,0.0,131.0,3.3,2.0,0.6,0.4,1.0,226.0,9.8,0.0,0.0,3.2,0.0,2.0,2.0,0.4,0.03,0.1,0.2,0.03,3.0,0.0,0.2,0.0,83.0,0.3
5.245,"Porridge, prepared with rice and whole milk",,5.12,https://www.matvaretabellen.no/en/porridge-prepared-with-rice-and-whole-milk/,89.0,kcal,377.0,kJ,100.0,0.0,4.0,0.08,0.26,0.76,0.05,0.27,0.56,0.06,0.01,0.0,0.0,0.0,0.0,0.0,0.0,0.0,95.0,13.1,7.0,0.03,0.1,2.7,12.0,0.0,12.0,0.6,0.9,0.01,0.04,93.0,0.1,131.0,3.2,5.0,0.6,1.6,1.0,226.0,9.8,0.0,0.0,3.2,0.1,5.0,5.0,0.4,0.02,0.1,0.1,0.02,2.0,0.0,0.0,0.0,81.0,0.5
10.152,"Porridge, prepared with semolina and milk",,5.12,https://www.matvaretabellen.no/en/porridge-prepared-with-semolina-and-milk/,119.0,kcal,500.0,kJ,100.0,0.0,14.0,0.17,0.54,1.55,0.12,0.57,1.12,0.14,0.02,0.0,0.0,0.0,0.0,0.0,0.0,0.0,134.0,13.1,14.0,0.03,0.2,5.5,17.0,0.1,13.0,1.3,1.0,0.02,0.09,125.0,0.2,181.0,4.3,21.0,0.2,3.4,1.0,96.0,5.5,2.9,2.9,7.6,0.2,22.0,23.0,0.6,0.02,0.14,0.08,0.01,3.0,0.0,0.2,0.1,77.0,0.5
1.195,"Porridge, prepared with sour cream, Rømmegrøt",,5.12,https://www.matvaretabellen.no/en/porridge-prepared-with-sour-cream-rommegrot/,204.0,kcal,849.0,kJ,100.0,0.0,78.0,0.45,1.5,4.26,0.34,1.55,3.07,0.31,0.07,0.0,0.0,0.0,0.0,0.0,0.0,0.0,112.0,12.4,37.0,0.03,0.6,15.1,14.0,0.2,14.0,3.6,1.1,0.07,0.17,104.0,0.5,166.0,4.4,182.0,0.8,9.5,1.0,310.0,8.6,0.0,0.0,3.8,0.4,189.0,195.0,0.4,0.04,0.14,0.2,0.02,4.0,0.0,0.1,0.4,68.0,0.4
10.151,"Porridge, prepared with wheat, milk and butterr",,5.12,https://www.matvaretabellen.no/en/porridge-prepared-with-wheat-milk-and-butterr/,144.0,kcal,603.0,kJ,100.0,0.0,31.0,0.27,0.87,2.48,0.19,0.9,1.79,0.21,0.04,0.0,0.0,0.0,0.0,0.0,0.0,0.0,126.0,11.5,22.0,0.04,0.5,8.8,17.0,0.1,15.0,2.1,1.1,0.04,0.13,121.0,0.3,184.0,4.6,48.0,0.4,5.5,1.0,152.0,7.2,0.0,0.0,4.3,0.2,50.0,53.0,0.5,0.03,0.14,0.1,0.02,3.0,0.0,0.6,0.2,75.0,0.5
6.007,Potato crisps,,10.5,https://www.matvaretabellen.no/en/potato-crisps/,502.0,kcal,2093.1,kJ,100.0,0.0,0.0,0.01,0.02,1.48,0.05,0.8,21.2,2.87,0.11,0.0,0.0,0.0,0.0,0.0,0.0,0.0,9.0,50.5,2.0,0.24,6.0,29.3,2.0,1.3,69.0,21.6,5.6,0.14,2.87,127.0,3.0,1220.0,6.1,0.0,1.1,3.0,0.0,437.0,50.0,0.0,0.0,0.5,0.0,0.0,0.0,0.0,0.15,0.08,4.6,0.62,37.0,16.0,0.0,6.4,8.0,0.9
13.083,"Potato crisps, Kims",,10.5,https://www.matvaretabellen.no/en/potato-crisps-kims/,510.0,kcal,2125.3,kJ,100.0,0.0,0.0,0.01,0.02,1.17,0.04,0.9,24.7,2.24,0.05,0.0,0.0,0.0,0.0,0.0,0.0,0.0,10.0,49.6,1.0,0.27,5.0,31.0,2.0,1.3,78.0,24.8,5.1,0.09,2.24,150.0,2.3,1300.0,5.5,0.0,1.0,2.6,0.0,410.0,49.0,0.0,0.0,0.6,0.0,0.0,0.0,0.0,0.16,0.07,4.2,0.71,35.0,21.0,0.0,8.1,9.0,0.8
13.082,"Potato crisps, Maarud",,10.5,https://www.matvaretabellen.no/en/potato-crisps-maarud/,525.0,kcal,2187.5,kJ,100.0,0.0,0.0,0.0,0.02,1.2,0.04,0.87,24.2,2.4,0.16,0.0,0.0,0.0,0.0,0.0,0.0,0.0,6.0,51.4,1.0,0.22,6.0,32.0,2.0,1.1,55.0,24.4,3.7,0.18,2.4,100.0,2.6,960.0,4.9,0.0,1.3,2.6,0.0,500.0,51.0,0.0,0.0,0.4,0.0,0.0,0.0,0.0,0.11,0.06,2.9,0.71,32.0,14.0,0.0,10.3,6.0,0.6
13.084,"Potato crisps, Sørlandschips",,10.5,https://www.matvaretabellen.no/en/potato-crisps-sorlandschips/,471.0,kcal,1966.5,kJ,100.0,0.0,0.0,0.01,0.02,2.07,0.07,0.63,14.7,3.96,0.14,0.0,0.0,0.0,0.0,0.0,0.0,0.0,10.0,50.5,2.0,0.24,6.0,25.0,2.0,1.4,73.0,15.5,7.9,0.16,3.96,130.0,4.1,1400.0,7.8,0.0,1.0,4.0,0.0,400.0,50.0,0.0,0.0,0.5,0.0,0.0,0.0,0.0,0.19,0.12,6.6,0.43,43.0,15.0,0.0,0.7,10.0,1.2
6.082,"Potato crisps, fat reduced",,10.5,https://www.matvaretabellen.no/en/potato-crisps-fat-reduced/,458.0,kcal,1917.0,kJ,100.0,0.0,0.0,0.0,0.01,0.96,0.03,0.52,13.76,1.86,0.07,0.0,0.0,0.0,0.0,0.0,0.0,0.0,40.0,63.0,0.0,0.22,14.0,18.0,2.0,1.5,59.0,8.0,4.7,0.09,1.86,155.0,2.1,1120.0,4.0,0.0,1.5,7.9,1.0,600.0,,0.0,0.0,1.5,0.0,0.0,0.0,0.0,0.1,0.05,4.0,0.22,20.0,10.0,0.0,0.1,1.0,0.8
5.084,"Potato flatbread, soft, lompe",,5.6.1,https://www.matvaretabellen.no/en/potato-flatbread-soft-lompe/,164.0,kcal,696.0,kJ,100.0,0.0,0.0,0.0,0.0,0.07,0.0,0.01,0.04,0.22,0.03,0.0,0.0,0.0,0.0,0.0,0.0,0.0,15.0,33.9,0.0,0.17,3.0,0.4,1.0,1.0,46.0,0.0,3.2,0.03,0.22,92.0,0.3,619.0,4.8,0.0,0.8,0.1,0.0,316.0,32.0,0.0,0.0,1.9,0.0,0.0,0.0,0.0,0.11,0.04,2.2,0.18,21.0,13.0,0.0,0.2,58.0,0.5
6.009,"Potato snacks, extruded",,10.5,https://www.matvaretabellen.no/en/potato-snacks-extruded/,490.0,kcal,2050.9,kJ,100.0,0.0,0.0,0.0,0.25,8.8,0.0,1.07,9.8,2.5,0.12,0.0,0.0,0.0,0.0,0.0,0.0,0.0,31.0,60.0,0.0,0.18,3.0,25.1,2.0,1.4,36.0,9.8,3.6,0.12,2.5,129.0,2.6,630.0,4.6,0.0,3.3,10.1,1.0,1320.0,60.0,0.0,0.0,0.0,0.0,0.0,0.0,0.0,0.25,0.08,2.8,0.33,69.0,10.0,0.0,0.1,7.0,0.7
5.02,Potato starch,Solanum tuberosum L.,5.1,https://www.matvaretabellen.no/en/potato-starch/,337.0,kcal,1431.4,kJ,100.0,0.0,0.0,0.0,0.0,0.0,0.0,0.0,0.0,0.0,0.0,0.0,0.0,0.0,0.0,0.0,0.0,0.0,11.0,84.2,0.0,0.0,0.0,0.0,0.3,0.1,3.0,0.0,0.2,0.0,0.0,64.0,0.0,68.0,0.0,0.0,0.0,0.0,0.0,3.0,84.2,0.0,0.0,0.0,0.0,0.0,0.0,0.0,0.0,0.0,0.2,0.0,0.0,0.0,0.0,0.0,16.0,0.0
6.006,"Potatoes, French fries, frozen",,15.2,https://www.matvaretabellen.no/en/potatoes-french-fries-frozen/,153.0,kcal,641.0,kJ,100.0,0.0,0.0,0.05,0.06,2.09,0.05,0.19,1.87,0.54,0.05,0.0,0.0,0.0,0.0,0.0,0.0,0.0,7.0,22.0,0.0,0.13,5.0,5.2,0.0,0.5,28.0,1.9,3.2,0.05,0.58,56.0,0.6,512.0,2.2,0.0,0.0,2.5,0.0,6.0,20.4,0.0,0.0,1.6,0.0,0.0,0.0,0.0,0.09,0.05,2.8,0.15,11.0,10.0,0.0,0.5,66.0,0.5
6.262,"Potatoes, autumn, boiled",Solanum tuberosum L.,15.1,https://www.matvaretabellen.no/en/potatoes-autumn-boiled/,68.0,kcal,286.0,kJ,100.0,0.0,0.0,0.0,0.0,0.02,0.0,0.0,0.0,0.03,0.01,0.0,0.0,0.0,0.0,0.0,0.0,0.0,6.0,14.2,0.0,0.09,2.0,0.1,0.9,0.7,21.0,0.0,1.6,0.01,0.03,54.0,0.0,386.0,1.6,0.0,0.0,0.0,0.0,1.0,11.5,0.0,0.0,2.7,0.0,0.0,0.0,0.0,0.06,0.02,1.0,0.09,9.0,9.0,0.0,0.2,83.0,0.3
6.263,"Potatoes, autumn, boiled, salted water",Solanum tuberosum L.,15.1,https://www.matvaretabellen.no/en/potatoes-autumn-boiled-salted-water/,67.0,kcal,286.0,kJ,100.0,0.0,0.0,0.0,0.0,0.02,0.0,0.0,0.0,0.03,0.01,0.0,0.0,0.0,0.0,0.0,0.0,0.0,6.0,14.2,0.0,0.09,2.0,0.1,0.9,0.7,21.0,0.0,1.6,0.01,0.03,54.0,0.0,385.0,1.6,0.0,0.0,0.0,0.0,18.0,11.5,0.0,0.0,2.7,0.0,0.0,0.0,0.0,0.06,0.02,1.0,0.09,9.0,9.0,0.0,0.2,83.0,0.3
6.003,"Potatoes, autumn, raw",Solanum tuberosum L.,15.1,https://www.matvaretabellen.no/en/potatoes-autumn-raw/,72.0,kcal,306.0,kJ,82.0,0.0,0.0,0.0,0.0,0.02,0.0,0.0,0.0,0.03,0.01,0.0,0.0,0.0,0.0,0.0,0.0,0.0,6.0,15.3,0.0,0.1,2.0,0.1,1.0,0.7,23.0,0.0,1.6,0.01,0.03,58.0,0.0,482.0,1.7,0.0,0.0,0.0,0.0,1.0,12.4,0.0,0.0,2.9,0.0,0.0,0.0,0.0,0.08,0.02,1.3,0.12,15.0,13.0,0.0,0.2,81.0,0.3
6.005,"Potatoes, canned, drained",Solanum tuberosum L.,15.2,https://www.matvaretabellen.no/en/potatoes-canned-drained/,57.0,kcal,242.0,kJ,100.0,0.0,0.0,0.0,0.0,0.02,0.0,0.0,0.0,0.04,0.01,0.0,0.0,0.0,0.0,0.0,0.0,0.0,50.0,11.3,0.0,0.06,2.0,0.2,1.0,1.3,14.0,0.0,1.1,0.01,0.05,30.0,0.1,229.0,1.4,0.0,0.5,0.1,0.0,219.0,8.2,0.0,0.0,3.1,0.0,0.0,0.0,0.0,0.07,0.01,0.9,0.19,6.0,5.0,0.0,0.1,85.0,0.3
6.264,"Potatoes, early, boiled",Solanum tuberosum L.,15.1,https://www.matvaretabellen.no/en/potatoes-early-boiled/,51.0,kcal,214.0,kJ,100.0,0.0,0.0,0.0,0.0,0.02,0.0,0.0,0.0,0.03,0.01,0.0,0.0,0.0,0.0,0.0,0.0,0.0,4.0,10.4,0.0,0.08,1.0,0.1,0.9,0.8,19.0,0.0,1.4,0.01,0.03,40.0,0.0,333.0,1.5,0.0,0.0,0.0,0.0,1.0,8.0,0.0,0.0,2.4,0.0,0.0,0.0,0.0,0.05,0.03,0.8,0.08,9.0,12.0,0.0,0.2,87.0,0.2
6.265,"Potatoes, early, boiled, salted water",Solanum tuberosum L.,15.1,https://www.matvaretabellen.no/en/potatoes-early-boiled-salted-water/,51.0,kcal,214.0,kJ,100.0,0.0,0.0,0.0,0.0,0.02,0.0,0.0,0.0,0.03,0.01,0.0,0.0,0.0,0.0,0.0,0.0,0.0,4.0,10.4,0.0,0.08,1.0,0.1,0.9,0.8,19.0,0.0,1.3,0.01,0.03,40.0,0.0,333.0,1.5,0.0,0.0,0.0,0.0,19.0,8.0,0.0,0.0,2.4,0.0,0.0,0.0,0.0,0.05,0.03,0.8,0.08,9.0,12.0,0.0,0.2,87.0,0.2
6.001,"Potatoes, early, raw",Solanum tuberosum L.,15.1,https://www.matvaretabellen.no/en/potatoes-early-raw/,54.0,kcal,229.0,kJ,83.0,0.0,0.0,0.0,0.0,0.02,0.0,0.0,0.0,0.03,0.01,0.0,0.0,0.0,0.0,0.0,0.0,0.0,4.0,11.2,0.0,0.09,1.0,0.1,1.0,0.8,21.0,0.0,1.4,0.01,0.03,43.0,0.0,416.0,1.5,0.0,0.0,0.0,0.0,2.0,8.6,0.0,0.0,2.6,0.0,0.0,0.0,0.0,0.07,0.03,1.1,0.11,15.0,17.0,0.0,0.2,86.0,0.3
10.124,"Potatoes, instant, mashed, powder with milk",,15.2,https://www.matvaretabellen.no/en/potatoes-instant-mashed-powder-with-milk/,344.0,kcal,1457.1,kJ,100.0,0.0,0.0,0.02,0.01,0.33,0.0,0.34,0.03,0.41,0.1,0.0,0.0,0.0,0.0,0.0,0.0,0.0,70.0,70.7,2.0,0.37,7.0,1.5,39.0,1.6,68.0,0.3,5.6,0.1,0.41,290.0,0.9,1500.0,8.5,0.0,2.6,0.2,1.0,1030.0,65.0,0.0,0.0,5.7,0.0,0.0,0.0,0.3,0.19,0.3,4.2,0.86,30.0,60.0,0.0,0.3,12.0,1.4
6.223,"Potatoes, mashed, home-made",,15.2,https://www.matvaretabellen.no/en/potatoes-mashed-home-made/,130.0,kcal,540.0,kJ,100.0,0.0,44.0,0.23,0.76,2.13,0.17,0.78,1.52,0.14,0.04,0.0,0.0,0.0,0.0,0.0,0.0,0.0,29.0,12.7,18.0,0.09,1.0,7.6,5.0,0.5,26.0,1.8,1.8,0.04,0.06,58.0,0.2,344.0,2.0,78.0,0.9,4.7,1.0,369.0,10.8,0.0,0.0,1.9,0.2,82.0,85.0,0.1,0.05,0.05,1.1,0.1,11.0,7.0,0.6,0.3,76.0,0.3
6.008,"Potatoes, mashed, prepared from powder, without milk",,15.2,https://www.matvaretabellen.no/en/potatoes-mashed-prepared-from-powder-without-milk/,65.0,kcal,273.0,kJ,100.0,0.0,7.0,0.09,0.09,0.26,0.01,0.19,0.52,0.2,0.07,0.0,0.0,0.0,0.0,0.0,0.0,0.0,11.0,10.6,2.0,0.06,1.0,1.7,6.0,0.2,10.0,0.6,0.8,0.07,0.2,44.0,0.3,225.0,1.3,14.0,0.4,0.7,0.0,163.0,9.7,0.0,0.0,0.9,0.0,15.0,15.0,0.0,0.03,0.05,0.6,0.13,4.0,9.0,0.2,0.2,85.0,0.2
6.739,"Potatoes, spring, from Cyprus, raw",Solanum tuberosum L.,15.1,https://www.matvaretabellen.no/en/potatoes-spring-from-cyprus-raw/,60.0,kcal,253.0,kJ,100.0,0.0,0.0,0.0,0.0,0.02,0.0,0.0,0.0,0.03,0.01,0.0,0.0,0.0,0.0,0.0,0.0,0.0,7.0,12.2,0.0,0.12,2.0,0.1,1.0,0.8,19.0,0.0,1.4,0.01,0.03,62.0,0.0,1113.0,1.7,0.0,0.0,0.0,0.0,6.0,11.2,0.0,0.0,1.0,0.0,0.0,0.0,0.0,0.07,0.03,1.1,0.2,10.0,24.0,0.0,0.0,84.0,0.3
6.096,"Potatoes, storage, boiled",Solanum tuberosum L.,15.1,https://www.matvaretabellen.no/en/potatoes-storage-boiled/,75.0,kcal,318.0,kJ,100.0,0.0,0.0,0.0,0.0,0.02,0.0,0.01,0.0,0.04,0.01,0.0,0.0,0.0,0.0,0.0,0.0,0.0,9.0,15.9,0.0,0.11,2.0,0.1,0.9,0.7,31.0,0.0,2.2,0.01,0.04,55.0,0.1,418.0,1.8,0.0,0.0,0.0,0.0,2.0,14.3,0.0,0.0,1.6,0.0,0.0,0.0,0.0,0.05,0.03,1.4,0.12,14.0,9.0,0.0,0.1,81.0,0.3
6.095,"Potatoes, storage, boiled, salted water",Solanum tuberosum L.,15.1,https://www.matvaretabellen.no/en/potatoes-storage-boiled-salted-water/,75.0,kcal,318.0,kJ,100.0,0.0,0.0,0.0,0.0,0.02,0.0,0.01,0.0,0.04,0.01,0.0,0.0,0.0,0.0,0.0,0.0,0.0,9.0,15.9,0.0,0.11,2.0,0.1,0.9,0.7,31.0,0.0,2.2,0.01,0.04,55.0,0.1,417.0,1.8,0.0,0.0,0.0,0.0,19.0,14.3,0.0,0.0,1.6,0.0,0.0,0.0,0.0,0.05,0.03,1.4,0.12,14.0,9.0,0.0,0.1,81.0,0.3
6.004,"Potatoes, storage, raw",Solanum tuberosum L.,15.1,https://www.matvaretabellen.no/en/potatoes-storage-raw/,80.0,kcal,340.0,kJ,82.0,0.0,0.0,0.0,0.0,0.02,0.0,0.01,0.0,0.05,0.01,0.0,0.0,0.0,0.0,0.0,0.0,0.0,9.0,17.1,0.0,0.12,2.0,0.1,1.0,0.7,34.0,0.0,2.2,0.01,0.05,59.0,0.1,522.0,1.9,0.0,0.0,0.0,0.0,2.0,15.4,0.0,0.0,1.7,0.0,0.0,0.0,0.0,0.07,0.03,1.9,0.16,22.0,13.0,0.0,0.1,79.0,0.3
4.03,"Powan, raw","Coregonus lavaretus (Linnaeus, 1758)",4.1.2,https://www.matvaretabellen.no/en/powan-raw/,89.0,kcal,379.0,kJ,49.0,0.0,0.0,0.0,0.01,0.09,0.04,0.01,0.07,0.01,0.0,0.0,0.0,0.0,0.0,0.04,0.01,0.11,12.0,0.0,47.0,0.03,0.0,0.6,11.0,0.2,29.0,0.1,10.0,0.16,0.0,248.0,0.2,482.0,20.9,0.0,0.1,0.1,25.0,42.0,0.0,0.0,0.0,0.0,0.0,0.0,0.0,3.2,0.1,0.06,6.2,0.51,11.0,0.0,8.0,0.4,79.0,0.4
6.599,"Prickly pear, raw",Opuntia ficus-indica (L.) Mill. var. ficus-indica,13.2,https://www.matvaretabellen.no/en/prickly-pear-raw/,49.0,kcal,208.0,kJ,75.0,0.0,30.0,0.0,0.0,0.05,0.0,0.01,0.07,0.14,0.0,0.0,0.0,0.0,0.0,0.0,0.0,0.0,53.0,9.7,0.0,0.08,3.0,0.3,0.1,0.4,57.0,0.1,0.5,0.0,0.14,27.0,0.1,210.0,0.7,0.0,0.0,0.1,1.0,4.0,0.0,0.0,0.0,9.7,0.0,3.0,5.0,0.0,0.02,0.04,0.4,0.02,5.0,22.0,0.0,0.0,87.0,0.6
6.552,Prunes,Prunus domestica L,13.3,https://www.matvaretabellen.no/en/prunes/,168.0,kcal,712.0,kJ,87.0,0.0,193.0,0.0,0.0,0.04,0.0,0.01,0.04,0.09,0.02,0.0,0.0,0.0,0.0,0.0,0.0,0.0,64.0,36.5,0.0,0.28,5.0,0.3,2.0,1.4,36.0,0.0,3.1,0.02,0.09,69.0,0.1,734.0,2.3,0.0,0.0,0.1,0.0,3.0,0.0,0.0,0.0,36.5,0.0,16.0,32.0,0.0,0.03,0.03,2.7,0.04,1.0,0.0,0.0,1.1,37.0,0.4
5.465,Psyllium husk,Plantago ovata,14.1,https://www.matvaretabellen.no/en/psyllium-husk/,206.0,kcal,834.0,kJ,100.0,0.0,0.0,0.0,0.0,0.0,0.0,0.0,0.0,0.0,0.0,,,,0.0,0.0,0.0,0.0,184.0,10.0,0.0,,78.0,0.5,0.0,8.6,24.0,0.0,0.6,0.0,0.0,41.0,0.0,965.0,1.2,0.0,0.2,0.0,0.0,74.0,10.0,0.0,0.0,0.0,0.0,0.0,0.0,0.0,0.04,0.0,0.4,0.1,58.0,0.0,0.0,0.1,10.0,0.3
10.13,Puff pastry,,10.7,https://www.matvaretabellen.no/en/puff-pastry/,397.0,kcal,1654.8,kJ,100.0,0.0,0.0,0.03,0.26,11.21,0.08,1.1,9.43,2.59,0.07,0.0,0.0,0.0,0.0,0.0,0.0,0.0,77.0,33.7,2.0,0.0,3.0,26.2,0.0,1.1,10.0,9.5,1.6,0.07,2.59,49.0,2.8,89.0,5.3,0.0,0.8,12.6,2.0,337.0,32.2,0.0,0.0,1.5,0.0,0.0,0.0,0.0,0.07,0.01,0.7,0.04,0.0,1.0,0.0,2.0,32.0,0.3
5.037,Puffed oats,Avena sativa L.,5.3,https://www.matvaretabellen.no/en/puffed-oats/,403.0,kcal,1701.04976,kJ,100.0,0.0,0.0,0.0,0.01,0.82,0.01,0.09,2.14,2.06,0.07,0.0,0.0,0.0,0.0,0.0,0.0,0.0,37.0,69.1,0.0,0.59,6.0,6.5,2.0,3.5,105.0,2.2,3.5,0.07,2.06,436.0,2.1,399.0,14.1,0.0,0.0,0.9,1.0,3.0,68.9,0.0,0.0,0.2,0.0,0.0,0.0,0.0,0.0,0.07,1.1,0.46,16.0,0.0,0.0,0.5,5.0,2.3
5.237,"Puffed oats, Havrefras",Avena sativa L.,5.3,https://www.matvaretabellen.no/en/puffed-oats-havrefras/,385.0,kcal,1622.6,kJ,100.0,0.0,0.0,0.0,0.0,1.0,0.0,0.2,2.4,2.6,0.1,0.0,0.0,0.0,0.0,0.0,0.0,0.0,58.0,62.5,0.0,0.45,13.0,6.9,3.0,4.3,130.0,2.5,3.6,0.1,2.6,440.0,2.7,740.0,12.0,0.0,0.9,1.2,8.0,340.0,53.5,9.0,8.8,9.0,0.0,0.0,0.0,0.0,0.17,0.08,1.6,0.13,46.0,0.0,0.0,1.5,6.0,3.3
5.039,Puffed rice,Oryza sativa L.,5.3,https://www.matvaretabellen.no/en/puffed-rice/,378.0,kcal,1603.7,kJ,100.0,0.0,6.0,0.0,0.01,0.23,0.0,0.02,0.29,0.21,0.04,0.0,0.0,0.0,0.0,0.0,0.0,0.0,3.0,86.0,0.0,0.93,0.8,0.9,2.0,0.4,21.0,0.3,2.1,0.04,0.21,91.0,0.3,84.0,6.0,0.0,0.0,0.2,2.0,4.0,85.7,0.0,0.0,0.3,0.0,1.0,1.0,0.1,0.0,0.02,1.1,0.08,15.0,0.0,0.0,0.1,6.0,1.5
5.036,"Puffed wheat, with sugar and honey, Honni Korn",Triticum aestivum L.,5.3,https://www.matvaretabellen.no/en/puffed-wheat-with-sugar-and-honey-honni-korn/,332.0,kcal,1405.1578021621622,kJ,100.0,0.0,0.0,0.0,0.0,0.16,0.01,0.01,0.11,0.47,0.03,0.0,0.0,0.0,0.0,0.0,0.0,0.0,13.0,69.3,0.0,0.22,6.0,1.2,1.0,1.8,61.0,0.1,3.2,0.03,0.47,214.0,0.6,224.0,7.9,0.0,0.0,0.2,2.0,1.0,34.0,34.8,34.8,35.3,0.0,0.0,0.0,0.0,0.07,0.03,2.9,0.2,10.0,0.0,0.0,0.4,16.0,1.3
5.184,"Pumpernickel, extra coarse (75-100 %), rye bread, industrially made",,5.6.2,https://www.matvaretabellen.no/en/pumpernickel-extra-coarse-75-100-rye-bread-industrially-made/,204.0,kcal,859.0,kJ,100.0,0.0,0.0,0.0,0.0,0.05,0.01,0.0,0.42,0.53,0.04,0.0,0.0,0.0,0.0,0.0,0.0,0.0,77.0,37.0,0.0,0.19,10.0,1.6,2.0,3.0,75.0,0.3,1.4,0.04,0.53,198.0,0.6,530.0,5.4,0.0,0.9,0.2,1.0,370.0,33.5,1.8,1.8,3.5,0.0,0.0,0.0,0.0,0.24,0.15,0.5,0.18,16.0,0.0,0.0,0.5,46.0,2.3
6.21,"Pumpkin, butternut, raw",Cucurbita moschata Duch.,6.2,https://www.matvaretabellen.no/en/pumpkin-butternut-raw/,44.0,kcal,184.0,kJ,,0.0,1250.0,0.0,0.01,0.04,0.01,0.0,0.01,0.0,0.0,0.0,0.0,0.0,0.0,0.0,0.0,0.0,45.0,8.2,0.0,0.06,3.0,0.2,0.0,0.2,15.0,0.0,0.5,0.0,0.0,23.0,0.1,369.0,0.8,0.0,0.0,0.1,0.0,0.0,3.2,0.0,0.0,4.9,0.0,104.0,208.0,0.0,0.0,0.03,0.4,0.08,30.0,0.0,0.0,0.6,88.0,0.1
6.209,"Pumpkin, hokkaido, raw",Cucurbita maxima Duchesne ,6.2,https://www.matvaretabellen.no/en/pumpkin-hokkaido-raw/,37.0,kcal,155.0,kJ,,0.0,1130.0,0.0,0.01,0.04,0.01,0.0,0.01,0.0,0.0,0.0,0.0,0.0,0.0,0.0,0.0,0.0,19.0,6.5,0.0,0.04,2.0,0.2,0.0,0.3,9.0,0.0,0.6,0.0,0.0,24.0,0.1,304.0,1.2,0.0,0.0,0.1,0.0,0.0,3.2,0.0,0.0,3.2,0.0,94.0,188.0,0.0,0.0,0.07,0.4,0.11,32.0,0.0,0.0,0.6,90.0,0.2
6.033,"Pumpkin, raw",Cucurbita pepo L.,6.2,https://www.matvaretabellen.no/en/pumpkin-raw/,40.0,kcal,169.0,kJ,70.0,0.0,1190.0,0.0,0.01,0.04,0.01,0.0,0.01,0.0,0.0,0.0,0.0,0.0,0.0,0.0,0.0,0.0,32.0,7.3,0.0,0.05,3.0,0.2,0.0,0.2,12.0,0.0,0.6,0.0,0.0,24.0,0.1,337.0,1.0,0.0,0.0,0.1,0.0,0.0,3.2,0.0,0.0,4.1,0.0,99.0,198.0,0.0,0.0,0.05,0.4,0.09,31.0,0.0,0.0,0.6,89.0,0.2
6.261,"Purslane, raw",Portulaca oleracea L.,6.2,https://www.matvaretabellen.no/en/purslane-raw/,13.0,kcal,54.0,kJ,,0.0,2191.0,0.0,0.0,0.0,0.0,0.0,0.0,0.0,0.0,0.0,0.0,0.0,0.0,0.0,0.0,0.0,125.0,1.0,0.0,0.11,3.0,0.0,4.0,3.0,68.0,0.0,0.4,0.0,0.0,70.0,0.0,800.0,1.0,0.0,0.1,0.0,,30.0,0.0,0.0,0.0,1.0,0.0,183.0,365.0,0.0,0.06,0.04,0.2,0.06,131.0,20.0,0.0,,96.0,0.2
1.036,"Quark, 1 % fat",,1.4.6,https://www.matvaretabellen.no/en/quark-1-fat/,66.0,kcal,280.0,kJ,100.0,0.0,5.0,0.03,0.1,0.28,0.02,0.1,0.2,0.01,0.0,0.0,0.0,0.0,0.0,0.0,0.0,0.0,125.0,4.3,2.0,0.02,0.0,1.0,14.0,0.0,13.0,0.2,2.4,0.0,0.0,145.0,0.0,150.0,10.0,4.0,0.1,0.6,4.0,34.0,0.0,0.0,0.0,4.3,0.0,4.0,4.0,0.8,0.0,0.18,0.1,0.05,26.0,0.0,0.0,0.0,85.0,0.6
1.226,"Quark, 7 % fat",,1.4.6,https://www.matvaretabellen.no/en/quark-7-fat/,108.0,kcal,450.0,kJ,100.0,0.0,42.0,0.21,0.71,2.01,0.16,0.74,1.45,0.1,0.03,0.0,0.0,0.0,0.0,0.0,0.0,0.0,133.0,4.0,17.0,0.02,0.0,7.1,16.0,0.0,12.0,1.7,1.7,0.03,0.03,150.0,0.2,140.0,7.0,29.0,0.1,4.5,3.0,34.0,0.0,2.5,0.0,4.0,0.2,32.0,36.0,0.8,0.0,0.2,0.1,0.0,26.0,0.0,0.0,0.2,82.0,0.6
5.527,Quinoa flour,Chenopodium quinoa Willd.,5.1,https://www.matvaretabellen.no/en/quinoa-flour/,363.0,kcal,1531.13,kJ,100.0,0.0,0.0,0.0,0.01,0.41,0.0,0.03,1.22,2.43,0.26,0.0,0.0,0.0,0.0,0.0,0.0,0.0,25.0,61.7,0.0,0.48,7.0,5.9,2.0,2.9,198.0,1.3,2.5,0.2,2.43,592.0,2.6,562.0,12.2,0.0,0.0,0.5,1.0,3.0,59.9,0.0,0.0,1.8,0.0,0.0,0.0,0.0,0.46,0.05,0.5,0.14,49.0,4.0,0.0,0.1,13.0,2.2
5.458,"Quinoa, black, cooked",Chenopodium quinoa Willd.,14.1,https://www.matvaretabellen.no/en/quinoa-black-cooked/,133.0,kcal,559.0,kJ,100.0,0.0,0.0,0.0,0.0,0.2,0.0,0.0,0.47,1.0,0.09,0.0,0.0,0.0,0.0,0.0,0.0,0.0,19.0,19.1,0.0,0.21,6.0,2.6,0.0,1.5,70.0,0.5,1.2,0.09,1.0,167.0,1.1,349.0,5.5,0.0,0.0,0.2,2.0,0.0,17.8,0.0,0.0,1.3,0.0,0.0,0.0,0.0,0.02,0.12,0.3,0.06,79.0,0.0,0.0,0.9,67.0,1.1
6.665,"Quinoa, black, uncooked",Chenopodium quinoa Willd.,14.1,https://www.matvaretabellen.no/en/quinoa-black-uncooked/,331.0,kcal,1392.1,kJ,100.0,0.0,0.0,0.0,0.0,0.51,0.0,0.0,1.18,2.48,0.23,0.0,0.0,0.0,0.0,0.0,0.0,0.0,47.0,47.5,0.0,0.52,14.0,6.5,0.0,3.8,175.0,1.2,3.0,0.23,2.48,415.0,2.7,870.0,13.7,0.0,0.0,0.5,5.0,1.0,44.3,0.0,0.0,3.2,0.0,0.0,0.0,0.0,0.06,0.29,0.7,0.14,196.0,0.0,0.0,2.3,18.0,2.8
6.616,"Quinoa, cooked",Chenopodium quinoa Willd.,14.1,https://www.matvaretabellen.no/en/quinoa-cooked/,139.0,kcal,587.0,kJ,100.0,0.0,0.0,0.0,0.0,0.21,0.0,0.0,0.48,0.96,0.12,0.0,0.0,0.0,0.0,0.0,0.0,0.0,16.0,20.9,0.0,0.18,5.0,2.7,0.0,1.4,67.0,0.5,1.2,0.12,0.96,162.0,1.1,299.0,5.6,0.0,0.0,0.2,1.0,0.0,19.7,0.0,0.0,1.2,0.0,0.0,0.0,0.0,0.08,0.12,0.3,0.07,102.0,0.0,0.0,0.9,66.0,1.1
5.457,"Quinoa, red, cooked",Chenopodium quinoa Willd.,14.1,https://www.matvaretabellen.no/en/quinoa-red-cooked/,153.0,kcal,645.0,kJ,100.0,0.0,0.0,0.0,0.0,0.23,0.0,0.0,0.51,0.98,0.17,0.0,0.0,0.0,0.0,0.0,0.0,0.0,13.0,23.6,0.0,0.15,5.0,2.8,0.0,1.3,58.0,0.5,1.3,0.17,0.98,151.0,1.2,273.0,5.9,0.0,0.0,0.2,0.0,0.0,22.4,0.0,0.0,1.2,0.0,0.0,0.0,0.0,0.07,0.08,0.3,0.06,130.0,0.0,0.0,0.9,63.0,0.9
6.664,"Quinoa, red, uncooked",Chenopodium quinoa Willd.,14.1,https://www.matvaretabellen.no/en/quinoa-red-uncooked/,381.0,kcal,1605.2,kJ,100.0,0.0,0.0,0.0,0.0,0.57,0.0,0.0,1.26,2.45,0.42,0.0,0.0,0.0,0.0,0.0,0.0,0.0,32.0,58.8,0.0,0.38,12.0,7.0,0.0,3.3,145.0,1.3,3.1,0.42,2.45,375.0,2.9,680.0,14.6,0.0,0.0,0.6,0.0,1.0,55.8,0.0,0.0,3.0,0.0,0.0,0.0,0.0,0.17,0.2,0.7,0.14,324.0,0.0,0.0,2.3,7.0,2.3
6.615,"Quinoa, uncooked",Chenopodium quinoa Willd.,14.1,https://www.matvaretabellen.no/en/quinoa-uncooked/,348.0,kcal,1463.0333333333333,kJ,100.0,0.0,0.0,0.0,0.0,0.51,0.0,0.0,1.19,2.39,0.3,0.0,0.0,0.0,0.0,0.0,0.0,0.0,40.0,52.2,0.0,0.46,12.0,6.7,0.0,3.6,167.0,1.2,3.1,0.31,2.39,403.0,2.7,743.0,13.9,0.0,0.0,0.5,2.0,1.0,49.1,0.0,0.0,3.1,0.0,0.0,0.0,0.0,0.19,0.29,0.8,0.16,253.0,0.0,0.0,2.3,16.0,2.7
5.456,"Quinoa, white, cooked",Chenopodium quinoa Willd.,14.1,https://www.matvaretabellen.no/en/quinoa-white-cooked/,132.0,kcal,558.0,kJ,100.0,0.0,0.0,0.0,0.0,0.18,0.0,0.0,0.45,0.9,0.1,0.0,0.0,0.0,0.0,0.0,0.0,0.0,16.0,20.1,0.0,0.19,3.0,2.7,0.0,1.4,72.0,0.4,1.3,0.11,0.9,169.0,1.0,273.0,5.3,0.0,0.0,0.2,0.0,0.0,18.9,0.0,0.0,1.2,0.0,0.0,0.0,0.0,0.14,0.15,0.4,0.08,96.0,0.0,0.0,0.9,69.0,1.2
6.663,"Quinoa, white, uncooked",Chenopodium quinoa Willd.,14.1,https://www.matvaretabellen.no/en/quinoa-white-uncooked/,330.0,kcal,1388.4,kJ,100.0,0.0,0.0,0.0,0.0,0.46,0.0,0.0,1.12,2.23,0.26,0.0,0.0,0.0,0.0,0.0,0.0,0.0,41.0,50.1,0.0,0.47,8.0,6.6,0.0,3.6,180.0,1.1,3.1,0.26,2.23,420.0,2.5,680.0,13.3,0.0,0.0,0.5,1.0,1.0,47.1,0.0,0.0,3.0,0.0,0.0,0.0,0.0,0.35,0.37,0.9,0.21,239.0,0.0,0.0,2.3,22.0,2.9
3.044,"Rabbit, raw","Oryctolagus cuniculus (Linnaeus, 1758)",3.10,https://www.matvaretabellen.no/en/rabbit-raw/,124.0,kcal,522.0,kJ,100.0,0.0,0.0,0.0,0.13,1.12,0.16,0.23,1.15,0.77,0.2,0.0,0.0,0.0,0.0,0.0,0.0,0.0,13.0,0.0,71.0,0.15,0.0,4.0,2.0,1.8,23.0,0.8,14.0,0.2,0.77,210.0,1.3,310.0,22.0,10.0,0.1,1.7,10.0,56.0,0.0,0.0,0.0,0.0,0.0,10.0,10.0,10.0,0.12,0.14,10.0,0.6,5.0,0.0,0.4,0.4,74.0,1.7
6.054,"Radish, Norwegian, raw",Raphanus sativus L.,6.2,https://www.matvaretabellen.no/en/radish-norwegian-raw/,16.0,kcal,69.0,kJ,94.0,0.0,8.0,0.0,0.0,0.03,0.0,0.0,0.02,0.02,0.03,0.0,0.0,0.0,0.0,0.0,0.0,0.0,22.0,2.5,0.0,0.03,1.0,0.1,0.7,0.2,8.0,0.0,0.3,0.03,0.02,24.0,0.1,245.0,0.7,0.0,0.0,0.0,0.0,7.0,0.1,0.0,0.0,2.4,0.0,1.0,1.0,0.0,0.01,0.01,0.2,0.05,14.0,21.0,0.0,0.1,95.0,0.2
6.549,Raisins,,13.3,https://www.matvaretabellen.no/en/raisins/,324.0,kcal,1376.1466666666668,kJ,100.0,0.0,0.0,0.0,0.0,0.02,0.0,0.0,0.01,0.02,0.01,0.0,0.0,0.0,0.0,0.0,0.0,0.0,59.0,75.3,0.0,0.33,5.0,0.0,0.0,1.9,36.0,0.0,1.2,0.01,0.02,102.0,0.0,907.0,3.3,0.0,0.1,0.0,19.0,20.0,11.0,0.0,0.0,64.3,0.0,0.0,0.0,0.0,0.1,0.01,0.6,0.14,6.0,0.0,0.0,0.3,16.0,0.2
6.631,"Rambutan, raw",Nephelium lappaceum L.,13.2,https://www.matvaretabellen.no/en/rambutan-raw/,75.0,kcal,319.0,kJ,,0.0,0.0,0.0,0.0,0.0,,0.0,,,,,,,,,,,14.0,16.3,0.0,,1.0,0.4,,0.1,10.0,,0.8,,,15.0,,100.0,1.0,0.0,0.0,0.0,,1.0,0.0,0.0,0.0,16.3,0.0,0.0,0.0,0.0,0.02,0.06,0.6,,,78.0,0.0,,81.0,0.6
6.841,"Raspberries, frozen",Rubus idaeus L.,13.1,https://www.matvaretabellen.no/en/raspberries-frozen/,43.0,kcal,178.0,kJ,100.0,0.0,0.0,0.0,0.0,0.01,0.0,0.0,0.04,0.16,0.08,0.0,0.0,0.0,0.0,0.0,0.0,0.0,28.0,6.3,0.0,0.09,5.0,0.4,0.0,1.0,23.0,0.0,0.6,0.08,0.16,29.0,0.3,190.0,1.2,0.0,0.0,0.0,0.0,0.0,0.0,0.0,0.0,6.3,0.0,0.0,0.0,0.0,0.02,0.03,0.4,0.17,31.0,24.0,0.0,1.2,88.0,0.3
6.503,"Raspberries, raw",Rubus idaeus L.,13.1,https://www.matvaretabellen.no/en/raspberries-raw/,29.0,kcal,122.0,kJ,100.0,0.0,3.0,0.0,0.0,0.01,0.0,0.0,0.04,0.16,0.08,0.0,0.0,0.0,0.0,0.0,0.0,0.0,16.0,3.2,0.0,0.08,4.0,0.4,0.5,0.4,21.0,0.0,0.6,0.08,0.16,45.0,0.3,186.0,1.1,0.0,0.0,0.0,0.0,0.0,0.0,0.0,0.0,3.2,0.0,0.0,0.0,0.0,0.01,0.02,0.4,0.04,28.0,17.0,0.0,1.7,91.0,0.3
6.801,Raspberry jam,,13.3,https://www.matvaretabellen.no/en/raspberry-jam/,172.0,kcal,729.0,kJ,100.0,0.0,1.0,0.0,0.0,0.0,0.0,0.0,0.02,0.07,0.03,0.0,0.0,0.0,0.0,0.0,0.0,0.0,6.0,41.3,0.0,0.03,2.0,0.2,0.2,0.2,8.0,0.0,0.2,0.03,0.07,18.0,0.1,68.0,0.4,0.0,0.0,0.0,0.0,0.0,0.0,40.0,40.0,41.3,0.0,0.0,0.0,0.0,0.0,0.01,0.1,0.02,7.0,5.0,0.0,0.7,56.0,0.1
6.798,"Raspberry jam, frozen",,13.3,https://www.matvaretabellen.no/en/raspberry-jam-frozen/,104.0,kcal,438.0,kJ,100.0,0.0,2.0,0.0,0.0,0.01,0.0,0.0,0.03,0.13,0.07,0.0,0.0,0.0,0.0,0.0,0.0,0.0,13.0,22.6,0.0,0.07,3.0,0.3,0.4,0.3,17.0,0.0,0.5,0.07,0.13,36.0,0.2,149.0,0.9,0.0,0.0,0.0,0.0,0.0,0.0,20.0,20.0,22.6,0.0,0.0,0.0,0.0,0.01,0.02,0.3,0.03,22.0,14.0,0.0,1.3,73.0,0.2
6.799,"Raspberry jam, with less sugar",,13.3,https://www.matvaretabellen.no/en/raspberry-jam-with-less-sugar/,116.0,kcal,491.0,kJ,100.0,0.0,1.0,0.0,0.0,0.01,0.0,0.0,0.02,0.09,0.04,0.0,0.0,0.0,0.0,0.0,0.0,0.0,8.0,26.7,0.0,0.04,2.0,0.2,0.3,0.2,11.0,0.0,0.3,0.04,0.09,24.0,0.1,91.0,0.6,0.0,0.0,0.0,0.0,0.0,0.0,25.0,25.0,26.7,0.0,0.0,0.0,0.0,0.0,0.01,0.2,0.02,9.0,7.0,0.0,0.9,70.0,0.2
6.8,"Raspberry jam, without added sugar",,13.3,https://www.matvaretabellen.no/en/raspberry-jam-without-added-sugar/,24.0,kcal,98.0,kJ,100.0,0.0,2.0,0.0,0.0,0.01,0.0,0.0,0.03,0.13,0.07,0.0,0.0,0.0,0.0,0.0,0.0,0.0,12.0,2.6,0.0,0.06,3.0,0.3,0.4,0.3,17.0,0.0,0.5,0.07,0.13,36.0,0.2,134.0,0.9,0.0,0.0,0.0,0.0,0.0,0.0,0.0,0.0,2.6,0.0,0.0,0.0,0.0,0.01,0.02,0.3,0.03,13.0,11.0,0.0,1.3,93.0,0.2
10.187,Raspberry mousse,,7.3,https://www.matvaretabellen.no/en/raspberry-mousse/,184.0,kcal,763.0,kJ,100.0,0.0,80.0,0.4,1.33,3.77,0.31,1.38,2.73,0.26,0.09,0.0,0.0,0.0,0.0,0.0,0.0,0.0,45.0,12.1,33.0,0.06,2.0,13.5,5.0,0.2,11.0,3.2,0.7,0.09,0.13,60.0,0.4,102.0,2.6,120.0,0.1,8.4,1.0,21.0,0.0,9.3,9.3,12.1,0.4,127.0,133.0,0.2,0.01,0.1,0.2,0.02,13.0,8.0,0.0,0.7,70.0,0.2
6.24,Redcurrant jam,,13.3,https://www.matvaretabellen.no/en/redcurrant-jam/,181.0,kcal,769.0,kJ,100.0,0.0,6.0,0.0,0.0,0.03,0.0,0.01,0.09,0.18,0.12,0.0,0.0,0.0,0.0,0.0,0.0,0.0,19.0,42.8,0.0,0.04,2.0,0.5,0.3,0.3,6.0,0.1,0.2,0.12,0.18,21.0,0.2,107.0,0.5,0.0,0.0,0.1,0.0,0.0,0.0,40.0,40.0,42.8,0.0,1.0,1.0,0.0,0.0,0.0,0.1,0.02,2.0,9.0,0.0,0.4,54.0,0.1
6.512,"Redcurrants, raw",Ribes rubrum L.,13.1,https://www.matvaretabellen.no/en/redcurrants-raw/,53.0,kcal,223.0,kJ,100.0,0.0,18.0,0.0,0.0,0.08,0.01,0.02,0.23,0.44,0.29,0.0,0.0,0.0,0.0,0.0,0.0,0.0,50.0,6.9,0.0,0.1,5.0,1.2,0.8,0.7,15.0,0.2,0.6,0.29,0.44,53.0,0.6,294.0,1.2,0.0,0.0,0.3,0.0,1.0,0.0,0.0,0.0,6.9,0.0,2.0,3.0,0.0,0.01,0.01,0.4,0.06,7.0,27.0,0.0,1.0,86.0,0.2
4.046,"Redfish, cured, raw","Sebastes marinus (Linnaeus, 1758)",4.1.2,https://www.matvaretabellen.no/en/redfish-cured-raw/,94.0,kcal,394.0,kJ,45.0,0.0,0.0,0.0,0.05,0.39,0.09,0.06,0.45,0.04,0.02,0.0,0.0,0.03,0.06,0.19,0.05,0.44,21.0,0.0,43.0,0.1,0.0,2.8,21.0,0.2,26.0,1.2,5.1,0.76,0.11,190.0,0.7,378.0,17.1,3.0,1.7,0.5,50.0,690.0,0.0,0.0,0.0,0.0,0.0,3.0,3.0,1.0,0.1,0.11,2.0,0.2,5.0,0.0,0.0,1.4,79.0,0.3
4.261,"Redfish, cured, slices, simmered","Sebastes marinus (Linnaeus, 1758)",4.1.2,https://www.matvaretabellen.no/en/redfish-cured-slices-simmered/,123.0,kcal,519.0,kJ,,0.0,0.0,0.0,0.07,0.58,0.13,0.1,0.68,0.06,0.03,0.0,0.0,0.04,0.1,0.29,0.08,0.66,35.0,0.0,72.0,0.15,0.0,4.2,32.0,0.3,37.0,1.9,8.6,1.14,0.17,269.0,1.0,473.0,21.4,5.0,2.4,0.8,75.0,978.0,0.0,0.0,0.0,0.0,0.0,5.0,5.0,1.3,0.13,0.13,2.3,0.23,6.0,0.0,0.0,2.4,74.0,0.5
4.266,"Redfish, fillet, simmered","Sebastes marinus (Linnaeus, 1758)",4.1.2,https://www.matvaretabellen.no/en/redfish-fillet-simmered/,123.0,kcal,519.0,kJ,100.0,0.0,0.0,0.0,0.15,0.49,0.4,0.1,0.54,0.03,0.01,0.0,0.0,0.03,0.07,0.46,0.16,0.37,35.0,0.0,72.0,0.15,0.0,4.2,32.0,0.3,37.0,1.9,8.6,1.13,0.12,269.0,1.0,473.0,21.4,5.0,0.4,0.8,75.0,156.0,0.0,0.0,0.0,0.0,0.0,5.0,5.0,1.3,0.13,0.13,2.3,0.23,6.0,0.0,0.0,2.4,74.0,0.5
4.045,"Redfish, raw","Sebastes marinus (Linnaeus, 1758)",4.1.2,https://www.matvaretabellen.no/en/redfish-raw/,94.0,kcal,394.0,kJ,90.0,0.0,0.0,0.0,0.1,0.32,0.27,0.07,0.36,0.02,0.01,0.0,0.0,0.02,0.05,0.31,0.1,0.25,21.0,0.0,43.0,0.1,0.0,2.8,21.0,0.2,26.0,1.2,5.1,0.76,0.08,190.0,0.7,378.0,17.1,3.0,0.3,0.5,50.0,110.0,0.0,0.0,0.0,0.0,0.0,3.0,3.0,1.0,0.1,0.11,2.0,0.2,5.0,0.0,0.0,1.4,80.0,0.3
3.351,"Reindeer, meat in slices, raw, frozen","Rangifer tarandus (Linnaeus, 1758)",3.10,https://www.matvaretabellen.no/en/reindeer-meat-in-slices-raw-frozen/,149.0,kcal,623.0,kJ,100.0,0.0,0.0,0.0,0.08,1.47,0.1,1.41,2.05,0.78,0.07,0.0,0.05,0.0,0.38,0.07,0.16,0.01,7.0,0.0,78.0,0.23,0.0,7.5,8.0,3.2,20.0,3.6,10.1,0.31,1.16,200.0,0.4,270.0,20.3,7.0,0.4,3.2,11.0,140.0,0.0,0.0,0.0,0.0,0.1,7.0,7.0,2.3,0.19,0.43,6.4,0.3,2.0,0.0,0.3,0.4,72.0,4.9
3.5,"Reindeer, meat, cold smoked","Rangifer tarandus (Linnaeus, 1758)",3.10,https://www.matvaretabellen.no/en/reindeer-meat-cold-smoked/,129.0,kcal,545.0,kJ,100.0,0.0,0.0,0.0,0.05,0.48,0.04,0.39,0.7,0.32,0.02,0.0,0.0,0.0,0.14,0.0,0.05,0.0,4.0,0.0,81.0,0.31,0.0,2.7,6.0,4.7,30.0,0.8,14.9,0.1,0.47,270.0,0.6,400.0,26.2,3.0,2.8,1.0,24.0,1100.0,0.0,0.0,0.0,0.0,0.0,3.0,3.0,2.8,0.42,0.98,10.1,0.55,1.0,0.0,0.0,0.5,71.0,3.4
3.352,"Reindeer, meat, raw, dried","Rangifer tarandus (Linnaeus, 1758)",3.10,https://www.matvaretabellen.no/en/reindeer-meat-raw-dried/,318.0,kcal,1331.2,kJ,100.0,0.0,0.0,0.0,0.19,3.32,0.22,3.17,4.62,1.76,0.16,0.0,0.11,0.0,0.86,0.16,0.36,0.02,34.0,0.0,200.0,0.25,0.0,17.6,10.0,17.3,85.0,8.1,20.5,0.69,2.61,605.0,0.9,1140.0,40.0,21.0,0.6,7.2,40.0,245.0,0.0,0.0,0.0,0.0,,21.0,21.0,13.8,0.68,1.56,13.2,0.9,24.0,0.0,0.7,0.8,42.0,12.4
3.26,"Reindeer, meat, smoked","Rangifer tarandus (Linnaeus, 1758)",3.10,https://www.matvaretabellen.no/en/reindeer-meat-smoked/,125.0,kcal,528.0,kJ,100.0,0.0,0.0,0.0,0.07,0.59,0.06,0.43,0.8,0.29,0.03,0.0,0.02,0.0,0.12,0.03,0.05,0.0,9.0,0.0,77.0,0.28,0.0,3.0,6.0,4.4,27.0,0.9,12.9,0.1,0.42,260.0,0.5,370.0,24.7,3.0,2.9,1.2,22.0,1150.0,0.0,0.0,0.0,0.0,0.0,3.0,3.0,3.4,0.32,0.79,8.4,0.44,5.0,0.0,0.0,0.7,72.0,4.4
3.499,"Reindeer, meat, warm smoked","Rangifer tarandus (Linnaeus, 1758)",3.10,https://www.matvaretabellen.no/en/reindeer-meat-warm-smoked/,121.0,kcal,511.0,kJ,100.0,0.0,0.0,0.0,0.08,0.69,0.07,0.46,0.9,0.26,0.03,0.0,0.02,0.0,0.1,0.03,0.04,0.0,14.0,0.0,74.0,0.25,0.0,3.2,6.0,4.1,24.0,1.0,10.8,0.09,0.36,250.0,0.5,340.0,23.1,3.0,3.0,1.4,19.0,1200.0,0.0,0.0,0.0,0.0,0.0,3.0,3.0,4.0,0.21,0.59,6.6,0.33,5.0,0.0,0.0,0.9,74.0,5.5
3.498,"Reindeer, roasting, raw","Rangifer tarandus (Linnaeus, 1758)",3.10,https://www.matvaretabellen.no/en/reindeer-roasting-raw/,107.0,kcal,451.0,kJ,74.0,0.0,0.0,0.0,0.05,0.31,0.03,0.25,0.44,0.22,0.01,0.0,0.0,0.0,0.09,0.0,0.04,0.0,4.0,0.0,69.0,0.29,0.0,1.8,5.0,3.4,28.0,0.5,14.2,0.07,0.32,230.0,0.4,350.0,22.6,3.0,0.2,0.7,20.0,70.0,0.0,0.0,0.0,0.0,0.0,3.0,3.0,2.1,0.34,0.48,10.1,0.51,6.0,12.0,0.0,0.8,76.0,2.8
3.115,"Reindeer, shoulder, roasting, raw","Rangifer tarandus (Linnaeus, 1758)",3.10,https://www.matvaretabellen.no/en/reindeer-shoulder-roasting-raw/,126.0,kcal,529.0,kJ,100.0,0.0,0.0,0.0,0.04,0.68,0.04,0.65,0.94,0.36,0.03,0.0,0.02,0.0,0.17,0.03,0.07,0.0,4.0,0.0,45.0,0.24,0.0,3.6,7.0,3.7,26.0,1.7,12.8,0.14,0.53,220.0,0.2,360.0,23.3,4.0,0.2,1.5,17.0,70.0,0.0,0.0,0.0,0.0,0.0,4.0,4.0,3.8,0.29,0.49,8.5,0.37,6.0,12.0,0.0,0.8,73.0,5.3
8.013,Remoulade,,8.3,https://www.matvaretabellen.no/en/remoulade/,587.0,kcal,2418.1,kJ,100.0,0.0,0.0,0.0,0.0,3.08,0.14,1.12,35.4,12.3,4.72,0.0,0.0,0.0,0.01,0.0,0.0,0.02,8.0,6.3,33.0,0.01,0.0,62.0,3.0,0.3,3.0,38.0,0.2,4.74,12.4,29.0,17.0,17.0,1.0,20.0,0.8,4.0,2.0,320.0,0.3,5.5,5.5,6.0,0.0,20.0,20.0,0.3,0.02,0.06,0.0,0.01,6.0,0.0,0.5,19.0,31.0,0.2
6.813,Rhubarb jam,,13.3,https://www.matvaretabellen.no/en/rhubarb-jam/,168.0,kcal,713.0,kJ,100.0,0.0,23.0,0.0,0.0,0.01,0.0,0.0,0.01,0.02,0.0,0.0,0.0,0.0,0.0,0.0,0.0,0.0,35.0,40.7,0.0,0.01,2.0,0.1,0.1,0.1,5.0,0.0,0.2,0.0,0.02,6.0,0.0,113.0,0.4,0.0,0.0,0.0,0.0,2.0,0.1,40.0,40.0,40.6,0.0,2.0,3.0,0.0,0.01,0.01,0.1,0.01,2.0,2.0,0.0,0.1,57.0,0.0
10.154,Rhubarb porridge,,7.3,https://www.matvaretabellen.no/en/rhubarb-porridge/,78.0,kcal,330.0,kJ,100.0,0.0,23.0,0.0,0.0,0.01,0.0,0.0,0.01,0.02,0.0,0.0,0.0,0.0,0.0,0.0,0.0,0.0,35.0,18.2,0.0,0.01,2.0,0.1,0.2,0.1,3.0,0.0,0.2,0.0,0.02,7.0,0.0,61.0,0.3,0.0,0.0,0.0,0.0,1.0,1.9,15.6,15.6,16.2,0.0,2.0,3.0,0.0,0.01,0.01,0.09,0.01,2.0,2.0,0.0,0.1,80.0,0.0
6.053,"Rhubarb, raw",Rheum ˣ rhabarbarum L.,6.2,https://www.matvaretabellen.no/en/rhubarb-raw/,20.0,kcal,84.0,kJ,75.0,0.0,61.0,0.0,0.0,0.02,0.0,0.0,0.02,0.05,0.0,0.0,0.0,0.0,0.0,0.0,0.0,0.0,86.0,1.8,0.0,0.02,4.0,0.2,0.3,0.2,12.0,0.0,0.5,0.0,0.05,14.0,0.1,280.0,0.9,0.0,0.0,0.1,0.0,4.0,0.2,0.0,0.0,1.6,0.0,5.0,10.0,0.0,0.02,0.03,0.3,0.02,7.0,8.0,0.0,0.3,93.0,0.1
13.1,Rice based beverage,,9.5,https://www.matvaretabellen.no/en/rice-based-beverage/,47.0,kcal,198.0,kJ,100.0,0.0,0.0,0.0,0.0,0.06,0.0,0.03,0.34,0.36,0.0,0.0,0.0,0.0,0.0,0.0,0.0,0.0,120.0,9.1,0.0,0.02,0.6,1.0,3.0,0.2,5.0,0.3,0.1,0.0,0.36,22.0,0.4,16.0,0.1,0.0,0.1,0.1,0.0,41.0,4.1,0.0,0.0,5.0,0.0,0.0,0.0,0.4,0.01,0.0,0.1,0.0,0.7,0.0,0.8,0.5,89.0,0.0
10.142,Rice cream,,7.3,https://www.matvaretabellen.no/en/rice-cream/,167.0,kcal,698.0,kJ,100.0,0.0,61.0,0.34,1.11,3.16,0.25,1.16,2.29,0.17,0.05,0.0,0.0,0.0,0.0,0.0,0.0,0.0,85.0,13.9,27.0,0.02,0.1,11.2,11.0,0.0,7.0,2.7,0.7,0.05,0.06,87.0,0.3,90.0,2.8,93.0,0.9,7.0,1.0,349.0,6.7,4.2,4.2,7.2,0.3,98.0,103.0,0.4,0.02,0.12,0.1,0.02,2.0,0.0,0.1,0.0,72.0,0.3
1.184,"Rice cream, with strawberries, Rislunsj",,7.3,https://www.matvaretabellen.no/en/rice-cream-with-strawberries-rislunsj/,139.0,kcal,584.0,kJ,100.0,0.0,32.0,0.16,0.54,1.53,0.12,0.56,1.1,0.08,0.02,0.0,0.0,0.0,0.0,0.0,0.0,0.0,89.0,19.5,13.0,0.0,0.2,5.4,13.0,0.0,7.0,1.3,0.6,0.02,0.02,60.0,0.1,103.0,3.0,23.0,0.2,3.4,1.0,80.0,7.5,8.2,8.2,12.0,0.2,26.0,28.0,0.3,0.03,0.11,0.1,0.02,2.0,0.0,0.0,0.1,72.0,0.3
5.223,Rice flour,Oryza sativa L.,5.1,https://www.matvaretabellen.no/en/rice-flour/,369.0,kcal,1566.52,kJ,100.0,0.0,0.0,0.0,0.0,0.08,0.0,0.01,0.11,0.0,,0.0,0.0,0.0,0.0,0.0,0.0,0.0,6.0,83.9,0.0,0.14,2.0,0.5,0.0,0.2,27.0,0.1,2.9,0.0,0.02,98.0,0.0,82.0,6.2,0.0,0.0,0.1,0.0,5.0,83.7,0.0,0.0,0.2,0.0,0.0,0.0,0.0,0.08,0.03,1.9,0.2,4.0,0.0,0.0,0.0,7.0,1.0
5.525,"Rice flour, whole grain, organic, Det Glutenfrie Verksted",Oryza sativa L.,5.1,https://www.matvaretabellen.no/en/rice-flour-whole-grain-organic-det-glutenfrie-verksted/,349.0,kcal,1479.956,kJ,100.0,0.0,0.0,0.0,0.03,0.54,0.01,0.04,0.54,0.78,0.0,0.0,0.0,0.0,0.0,0.0,0.0,0.0,16.0,73.4,0.0,0.3,2.0,2.2,2.0,3.2,110.0,0.6,6.5,0.03,0.78,282.0,0.8,260.0,7.8,0.0,0.0,0.6,0.0,10.0,72.7,0.0,0.0,0.7,0.0,0.0,0.0,0.0,0.41,0.09,5.2,0.28,22.0,0.0,0.0,0.6,14.0,2.0
5.337,"Rice, Basmati, cooked",Oryza sativa L.,5.2,https://www.matvaretabellen.no/en/rice-basmati-cooked/,115.0,kcal,489.0,kJ,100.0,0.0,0.0,0.0,0.0,0.08,0.0,0.01,0.1,0.07,0.02,0.0,0.0,0.0,0.0,0.0,0.0,0.0,6.0,25.0,0.0,0.09,0.2,0.3,0.7,0.1,9.0,0.1,1.0,0.02,0.07,33.0,0.1,14.0,3.0,0.0,0.0,0.1,5.0,0.0,24.9,0.0,0.0,0.1,0.0,0.0,0.0,0.0,0.02,0.01,0.3,0.07,2.0,0.0,0.0,0.0,72.0,0.5
5.305,"Rice, Basmati, uncooked",Oryza sativa L.,5.2,https://www.matvaretabellen.no/en/rice-basmati-uncooked/,354.0,kcal,1504.85,kJ,100.0,0.0,0.0,0.0,0.01,0.26,0.0,0.02,0.32,0.23,0.05,0.0,0.0,0.0,0.0,0.0,0.0,0.0,18.0,76.8,0.0,0.27,0.5,1.1,2.0,0.4,26.0,0.3,2.8,0.05,0.23,101.0,0.3,76.0,9.2,0.0,0.0,0.2,14.0,0.0,76.6,0.0,0.0,0.2,0.0,0.0,0.0,0.0,0.15,0.05,1.3,0.42,9.0,0.0,0.0,0.0,13.0,1.5
5.338,"Rice, Jasmin, cooked",Oryza sativa L.,5.2,https://www.matvaretabellen.no/en/rice-jasmin-cooked/,115.0,kcal,486.0,kJ,100.0,0.0,0.0,0.0,0.0,0.05,0.0,0.0,0.07,0.05,0.01,0.0,0.0,0.0,0.0,0.0,0.0,0.0,0.0,25.7,0.0,0.04,0.0,0.2,0.7,0.0,3.0,0.1,0.7,0.01,0.05,22.0,0.1,10.0,2.4,0.0,0.0,0.0,0.0,0.0,25.7,0.0,0.0,0.1,0.0,0.0,0.0,0.0,0.01,0.01,0.2,0.13,3.0,0.0,0.0,0.0,72.0,0.5
5.306,"Rice, Jasmin, uncooked",Oryza sativa L.,5.2,https://www.matvaretabellen.no/en/rice-jasmin-uncooked/,355.0,kcal,1506.6,kJ,100.0,0.0,0.0,0.0,0.0,0.17,0.0,0.01,0.22,0.16,0.03,0.0,0.0,0.0,0.0,0.0,0.0,0.0,0.0,79.6,0.0,0.12,0.0,0.7,2.0,0.0,10.0,0.2,2.0,0.03,0.16,68.0,0.2,56.0,7.5,0.0,0.0,0.1,0.0,1.0,79.4,0.0,0.0,0.2,0.0,0.0,0.0,0.0,0.05,0.05,0.7,0.75,11.0,0.0,0.0,0.0,12.0,1.6
5.384,"Rice, arborio, risotto rice, uncooked",Oryza sativa L.,5.2,https://www.matvaretabellen.no/en/rice-arborio-risotto-rice-uncooked/,378.0,kcal,1603.7,kJ,100.0,0.0,0.0,0.0,0.0,0.19,0.0,0.02,0.41,0.42,0.02,0.0,0.0,0.0,0.0,0.0,0.0,0.0,5.0,85.1,0.0,0.2,1.0,1.0,2.0,0.2,30.0,0.4,2.7,0.02,0.42,125.0,0.4,86.0,6.4,0.0,0.0,0.2,5.0,1.0,84.9,0.0,0.0,0.2,0.0,0.0,0.0,0.0,0.09,0.0,1.6,0.11,13.0,0.0,0.0,0.0,6.0,1.4
5.255,"Rice, brown, long-grain, cooked",Oryza sativa L.,5.2,https://www.matvaretabellen.no/en/rice-brown-long-grain-cooked/,117.0,kcal,496.0,kJ,100.0,0.0,0.0,0.0,0.0,0.15,0.0,0.02,0.32,0.31,0.01,0.0,0.0,0.0,0.0,0.0,0.0,0.0,4.0,23.5,0.0,0.09,1.0,0.9,0.7,0.4,39.0,0.3,2.4,0.01,0.31,91.0,0.3,53.0,3.0,0.0,0.0,0.2,5.0,1.0,23.4,0.0,0.0,0.1,0.0,0.0,0.0,0.0,0.06,0.01,1.4,0.1,3.0,0.0,0.0,0.0,71.0,0.7
5.021,"Rice, brown, long-grain, uncooked",Oryza sativa L.,5.2,https://www.matvaretabellen.no/en/rice-brown-long-grain-uncooked/,364.0,kcal,1541.6,kJ,100.0,0.0,0.0,0.0,0.01,0.5,0.01,0.05,1.05,1.01,0.04,0.0,0.0,0.0,0.0,0.0,0.0,0.0,11.0,72.8,0.0,0.26,4.0,3.0,2.0,1.3,115.0,1.1,7.0,0.04,1.01,282.0,1.1,193.0,9.4,0.0,0.0,0.6,14.0,3.0,72.4,0.0,0.0,0.4,0.0,0.0,0.0,0.0,0.36,0.05,5.4,0.56,14.0,0.0,0.0,0.0,11.0,2.1
5.336,"Rice, cooked, with salt",Oryza sativa L.,5.2,https://www.matvaretabellen.no/en/rice-cooked-with-salt/,113.0,kcal,479.0,kJ,100.0,0.0,0.0,0.0,0.0,0.01,0.0,0.0,0.02,0.01,0.0,0.0,0.0,0.0,0.0,0.0,0.0,0.0,4.0,25.3,0.0,0.06,0.5,0.1,0.7,0.0,5.0,0.0,0.7,0.0,0.01,45.0,0.0,9.0,2.6,0.0,0.1,0.0,4.0,57.0,25.2,0.0,0.0,0.0,0.0,0.0,0.0,0.0,0.01,0.0,0.2,0.06,1.0,0.0,0.0,0.0,72.0,0.5
5.521,"Rice, sushi rice, cooked",Oryza sativa L.,5.2,https://www.matvaretabellen.no/en/rice-sushi-rice-cooked/,153.0,kcal,648.0,kJ,100.0,0.0,0.0,0.0,0.0,0.11,0.0,0.01,0.1,0.12,0.01,0.0,0.0,0.0,0.0,0.0,0.0,0.0,6.0,33.9,0.0,0.07,1.0,0.4,22.0,0.1,6.0,0.1,0.6,0.01,0.12,30.0,0.1,23.0,2.8,0.0,0.7,0.1,1.0,280.0,33.3,0.0,0.0,0.6,0.0,0.0,0.0,0.0,0.01,0.0,0.1,0.0,2.0,0.0,0.0,0.0,62.0,0.4
5.307,"Rice, white, for porridge, pre-boiled, uncooked",Oryza sativa L.,5.2,https://www.matvaretabellen.no/en/rice-white-for-porridge-pre-boiled-uncooked/,354.0,kcal,1503.7,kJ,100.0,0.0,0.0,0.0,0.0,0.17,0.0,0.01,0.22,0.16,0.03,0.0,0.0,0.0,0.0,0.0,0.0,0.0,5.0,80.0,0.0,0.16,1.0,0.7,2.0,0.0,19.0,0.2,2.4,0.03,0.16,79.0,0.2,64.0,6.5,0.0,1.7,0.1,3.0,692.0,76.1,0.0,0.0,3.9,0.0,0.0,0.0,0.0,0.11,0.05,1.3,0.29,7.0,0.0,0.0,0.0,12.0,1.2
5.289,"Rice, white, long-grain, cooked",Oryza sativa L.,5.2,https://www.matvaretabellen.no/en/rice-white-long-grain-cooked/,111.0,kcal,470.0,kJ,100.0,0.0,0.0,0.0,0.0,0.05,0.0,0.0,0.07,0.05,0.01,0.0,0.0,0.0,0.0,0.0,0.0,0.0,0.0,24.5,0.0,0.05,0.3,0.2,0.7,0.0,3.0,0.1,0.6,0.01,0.05,43.0,0.1,10.0,2.5,0.0,0.0,0.0,0.0,0.0,24.5,0.0,0.0,0.0,0.0,0.0,0.0,0.0,0.01,0.01,0.1,0.09,2.0,0.0,0.0,0.0,72.0,0.4
5.212,"Rice, white, long-grain, uncooked",Oryza sativa L.,5.2,https://www.matvaretabellen.no/en/rice-white-long-grain-uncooked/,343.0,kcal,1456.8,kJ,100.0,0.0,0.0,0.0,0.0,0.17,0.0,0.01,0.22,0.16,0.03,0.0,0.0,0.0,0.0,0.0,0.0,0.0,0.0,75.9,0.0,0.14,1.0,0.7,2.0,0.0,9.0,0.2,1.8,0.03,0.16,132.0,0.2,52.0,7.8,0.0,0.0,0.1,0.0,0.0,75.8,0.0,0.0,0.1,0.0,0.0,0.0,0.0,0.04,0.05,0.5,0.56,9.0,,0.0,0.0,15.0,1.3
5.125,"Rice, white, parboiled, long-grain, cooked",Oryza sativa L.,5.2,https://www.matvaretabellen.no/en/rice-white-parboiled-long-grain-cooked/,112.0,kcal,475.0,kJ,100.0,0.0,0.0,0.0,0.0,0.11,0.0,0.01,0.1,0.12,0.01,0.0,0.0,0.0,0.0,0.0,0.0,0.0,61.0,24.5,0.0,0.09,0.5,0.4,0.7,0.4,13.0,0.1,2.0,0.01,0.12,59.0,0.1,31.0,2.5,0.0,0.0,0.1,2.0,0.0,24.3,0.0,0.0,0.1,0.0,0.0,0.0,0.0,0.04,0.01,1.2,0.09,2.0,0.0,0.0,0.0,72.0,0.2
5.022,"Rice, white, parboiled, long-grain, uncooked",Oryza sativa L.,5.2,https://www.matvaretabellen.no/en/rice-white-parboiled-long-grain-uncooked/,347.0,kcal,1473.8,kJ,100.0,0.0,0.0,0.0,0.0,0.35,0.0,0.02,0.32,0.38,0.02,0.0,0.0,0.0,0.0,0.0,0.0,0.0,178.0,75.7,,0.27,1.0,1.2,2.0,1.3,38.0,0.4,6.0,0.02,0.38,182.0,0.4,166.0,7.7,0.0,0.0,0.2,7.0,1.0,75.3,0.0,0.0,0.4,0.0,0.0,0.0,0.0,0.24,0.05,4.7,0.51,8.0,0.0,0.0,0.0,14.0,0.8
5.304,"Rice, white, pre-boiled with 1 % salt, uncooked",Oryza sativa L.,5.2,https://www.matvaretabellen.no/en/rice-white-pre-boiled-with-1-salt-uncooked/,349.0,kcal,1483.1,kJ,100.0,0.0,0.0,0.0,0.0,0.05,0.0,0.0,0.06,0.04,0.01,0.0,0.0,0.0,0.0,0.0,0.0,0.0,11.0,78.2,0.0,0.2,2.0,0.2,2.0,0.0,15.0,0.1,2.1,0.01,0.04,139.0,0.1,46.0,7.9,0.0,0.7,0.0,13.0,279.0,78.1,0.0,0.0,0.1,0.0,0.0,0.0,0.0,0.05,0.0,0.8,0.35,5.0,0.0,0.0,0.0,12.0,1.4
5.254,"Rice, white, pre-boiled, cooked",Oryza sativa L.,5.2,https://www.matvaretabellen.no/en/rice-white-pre-boiled-cooked/,116.0,kcal,492.0,kJ,100.0,0.0,0.0,0.0,0.0,0.05,0.0,0.0,0.07,0.05,0.01,0.0,0.0,0.0,0.0,0.0,0.0,0.0,25.0,25.3,0.0,0.05,0.8,0.2,0.7,0.1,10.0,0.1,1.9,0.01,0.05,53.0,0.1,30.0,2.7,0.0,0.0,0.0,0.0,0.0,25.1,0.0,0.0,0.2,0.0,0.0,0.0,0.0,0.04,0.0,1.0,0.07,2.0,0.0,0.0,0.0,71.0,0.2
5.024,"Rice, white, pre-boiled, uncooked",Oryza sativa L.,5.2,https://www.matvaretabellen.no/en/rice-white-pre-boiled-uncooked/,359.0,kcal,1524.0,kJ,100.0,0.0,0.0,0.0,0.0,0.17,0.0,0.01,0.22,0.16,0.03,0.0,0.0,0.0,0.0,0.0,0.0,0.0,73.0,78.4,0.0,0.17,3.0,0.7,2.0,0.4,30.0,0.2,5.5,0.03,0.16,165.0,0.2,158.0,8.5,0.0,0.0,0.1,0.0,2.0,77.8,0.0,0.0,0.6,0.0,0.0,0.0,0.0,0.25,0.0,4.1,0.44,8.0,0.0,0.0,0.0,10.0,0.7
5.023,"Rice, white, short-grain, for porridge, uncooked",Oryza sativa L.,5.2,https://www.matvaretabellen.no/en/rice-white-short-grain-for-porridge-uncooked/,357.0,kcal,1515.7,kJ,100.0,0.0,0.0,0.0,0.0,0.2,0.0,0.01,0.25,0.18,0.04,0.0,0.0,0.0,0.0,0.0,0.0,0.0,0.0,80.5,0.0,0.16,1.0,0.8,2.0,0.2,28.0,0.3,2.4,0.04,0.18,96.0,0.3,96.0,6.4,0.0,0.0,0.1,0.0,1.0,80.3,0.0,0.0,0.2,0.0,0.0,0.0,0.0,0.2,0.05,1.3,0.21,9.0,0.0,0.0,0.0,11.0,1.1
5.34,"Rice, wild rice, cooked",Zizania L.,5.2,https://www.matvaretabellen.no/en/rice-wild-rice-cooked/,114.0,kcal,483.0,kJ,100.0,0.0,3.0,0.0,0.0,0.05,0.0,0.0,0.05,0.13,0.1,0.0,0.0,0.0,0.0,0.0,0.0,0.0,7.0,22.2,0.0,0.18,2.0,0.3,0.7,0.7,60.0,0.0,3.1,0.1,0.13,140.0,0.2,116.0,4.5,0.0,0.0,0.0,1.0,2.0,21.4,0.0,0.0,0.8,0.0,0.0,0.0,0.0,0.02,0.07,1.7,0.07,23.0,0.0,0.0,0.3,71.0,1.9
5.339,"Rice, wild rice, uncooked",Zizania L.,5.2,https://www.matvaretabellen.no/en/rice-wild-rice-uncooked/,353.0,kcal,1495.85032,kJ,100.0,0.0,11.0,0.0,0.0,0.16,0.0,0.01,0.18,0.42,0.33,0.0,0.0,0.0,0.0,0.0,0.0,0.0,21.0,68.7,,0.52,6.0,1.1,2.0,2.0,177.0,0.2,9.0,0.33,0.42,433.0,0.7,427.0,14.0,0.0,0.0,0.2,3.0,7.0,66.2,0.0,0.0,2.5,0.0,1.0,1.0,0.0,0.12,0.26,6.7,0.39,95.0,0.0,0.0,0.8,10.0,6.0
3.354,"Roast beef, cold cuts, sliced",,3.5,https://www.matvaretabellen.no/en/roast-beef-cold-cuts-sliced/,125.0,kcal,529.0,kJ,100.0,0.0,3.0,0.0,0.07,0.66,0.14,0.33,0.95,0.06,0.02,0.0,0.01,0.0,0.01,0.0,0.01,0.0,6.0,0.0,57.0,0.08,0.0,2.7,2.0,2.6,22.0,1.2,11.7,0.03,0.07,160.0,0.1,251.0,25.1,2.0,2.0,1.2,7.0,800.0,0.0,0.0,0.0,0.0,0.1,2.0,2.0,0.7,0.01,0.03,5.5,0.11,6.0,0.0,0.0,0.1,72.0,4.4
3.362,"Roe deer, meat, raw","Capreolus  capreolus (Linnaeus, 1758)",3.10,https://www.matvaretabellen.no/en/roe-deer-meat-raw/,95.0,kcal,401.0,kJ,100.0,0.0,0.0,0.0,0.01,0.22,0.02,0.27,0.33,0.16,0.04,0.0,0.0,0.0,0.0,0.0,0.0,0.0,10.0,0.0,78.0,0.2,0.0,1.2,4.0,3.0,40.0,0.3,10.2,0.04,0.16,250.0,0.2,310.0,21.0,8.0,0.2,0.6,4.0,60.0,0.0,0.0,0.0,0.0,0.0,8.0,8.0,6.3,0.23,0.48,6.3,0.44,6.0,0.0,0.4,0.8,78.0,4.8
4.101,"Roe paste, canned",,4.4,https://www.matvaretabellen.no/en/roe-paste-canned/,408.0,kcal,1685.97,kJ,100.0,0.0,0.0,0.0,1.19,3.7,1.85,0.87,7.63,3.56,0.73,0.03,0.03,0.21,0.0,2.54,0.35,4.11,4.0,2.1,228.0,0.21,2.0,38.6,245.0,0.7,10.0,15.7,3.8,8.75,3.66,233.0,12.5,190.0,12.4,2400.0,1.8,6.0,60.0,711.0,1.1,1.0,1.0,1.0,0.0,2400.0,2400.0,9.6,0.15,0.25,1.5,0.07,66.0,1.0,39.1,9.3,45.0,1.9
5.003,Rolled oats,Avena sativa L.,5.2,https://www.matvaretabellen.no/en/rolled-oats/,369.0,kcal,1553.0725,kJ,100.0,0.0,0.0,0.0,0.01,0.9,0.01,0.0,2.07,2.22,0.08,0.0,0.0,0.0,0.0,0.0,0.0,0.0,55.0,57.2,0.0,0.37,12.0,6.7,0.0,4.1,128.0,2.1,3.2,0.08,2.22,438.0,2.3,413.0,14.1,0.0,0.0,1.0,3.0,0.0,56.3,0.0,0.0,1.0,0.0,0.0,0.0,0.0,0.65,0.09,0.8,0.13,36.0,0.0,0.0,0.6,10.0,2.7
5.497,"Rolled oats, organic",Avena sativa L.,5.2,https://www.matvaretabellen.no/en/rolled-oats-organic/,363.0,kcal,1530.3225,kJ,100.0,0.0,0.0,0.0,0.01,0.82,0.01,0.0,1.81,2.11,0.08,0.0,0.0,0.0,0.0,0.0,0.0,0.0,57.0,58.4,0.0,0.44,11.0,6.1,0.0,3.9,130.0,1.9,3.0,0.08,2.11,440.0,2.2,393.0,13.3,0.0,0.0,0.9,2.0,0.0,57.4,0.0,0.0,1.1,0.0,0.0,0.0,0.0,0.64,0.09,0.8,0.12,33.0,0.0,0.0,0.6,12.0,3.2
5.54,"Rolls flour mix, gluten-free, organic, powder, Det Glutenfrie Verksted",,5.1,https://www.matvaretabellen.no/en/rolls-flour-mix-gluten-free-organic-powder-det-glutenfrie-verksted/,436.0,kcal,1817.6476,kJ,100.0,0.0,0.0,0.05,0.01,2.15,0.03,0.98,6.67,7.9,0.0,0.0,0.0,0.0,0.0,0.0,0.0,0.0,119.0,31.7,0.0,0.84,14.0,23.2,31.0,5.5,222.0,6.8,5.0,4.09,7.9,433.0,12.0,510.0,18.4,0.0,1.4,3.3,,553.0,30.9,0.0,0.0,0.8,0.0,0.0,0.0,0.0,0.64,0.08,1.9,0.25,79.0,0.0,0.0,6.7,13.0,4.4
5.066,"Rolls, coarse, 50 % wholemeal flour, skimmed milk",,5.5.1,https://www.matvaretabellen.no/en/rolls-coarse-50-wholemeal-flour-skimmed-milk/,272.0,kcal,1147.64844528997,kJ,100.0,0.0,12.0,0.16,0.14,0.61,0.04,0.28,2.01,1.25,0.2,0.0,0.0,0.0,0.0,0.0,0.0,0.0,75.0,44.1,2.0,0.13,5.0,5.3,7.0,1.2,41.0,2.0,3.6,0.21,1.24,171.0,1.4,257.0,9.7,23.0,0.7,1.5,1.0,271.0,41.8,0.0,0.0,2.3,0.0,24.0,25.0,0.2,0.26,0.14,1.8,0.12,38.0,1.0,0.3,1.0,36.0,1.3
5.302,"Rolls, coarse, 50 % wholemeal flour, water",,5.5.1,https://www.matvaretabellen.no/en/rolls-coarse-50-wholemeal-flour-water/,258.0,kcal,1087.8936033531954,kJ,100.0,0.0,11.0,0.16,0.13,0.6,0.04,0.28,2.0,1.25,0.2,0.0,0.0,0.0,0.0,0.0,0.0,0.0,17.0,42.2,2.0,0.13,5.0,5.3,0.4,1.2,36.0,2.0,3.2,0.21,1.24,119.0,1.4,179.0,8.2,23.0,0.7,1.4,1.0,292.0,41.9,0.0,0.0,0.3,0.0,23.0,24.0,0.0,0.23,0.07,1.7,0.1,34.0,1.0,0.3,1.0,40.0,1.1
5.067,"Rolls, coarse, 75 % wholemeal flour, skimmed milk",,5.5.1,https://www.matvaretabellen.no/en/rolls-coarse-75-wholemeal-flour-skimmed-milk/,267.0,kcal,1125.0578081720691,kJ,100.0,0.0,12.0,0.16,0.14,0.63,0.03,0.28,2.01,1.3,0.21,0.0,0.0,0.0,0.0,0.0,0.0,0.0,77.0,42.2,2.0,0.16,6.0,5.4,7.0,1.4,54.0,2.0,3.7,0.21,1.29,188.0,1.5,276.0,9.6,23.0,3.8,1.5,1.0,1529.0,39.8,0.0,0.0,2.4,0.0,24.0,25.0,0.2,0.23,0.11,1.9,0.12,12.0,0.0,0.3,1.1,37.0,1.2
5.301,"Rolls, coarse, 75 % wholemeal flour, water",,5.5.1,https://www.matvaretabellen.no/en/rolls-coarse-75-wholemeal-flour-water/,256.0,kcal,1079.2497981595536,kJ,100.0,0.0,11.0,0.16,0.13,0.62,0.04,0.28,2.02,1.3,0.21,0.0,0.0,0.0,0.0,0.0,0.0,0.0,19.0,40.5,2.0,0.16,6.0,5.4,0.4,1.5,48.0,2.1,3.8,0.21,1.29,148.0,1.5,217.0,8.4,23.0,0.4,1.4,1.0,174.0,40.2,0.0,0.0,0.4,0.0,23.0,24.0,0.0,0.28,0.08,2.3,0.12,38.0,0.0,0.3,1.1,40.0,1.4
5.215,"Rolls, coarse, bake-off, ready-to-eat",,5.6.1,https://www.matvaretabellen.no/en/rolls-coarse-bake-off-ready-to-eat/,289.0,kcal,1218.8,kJ,100.0,0.0,0.0,0.05,0.05,1.38,0.05,0.2,1.89,1.14,0.22,0.0,0.0,0.0,0.0,0.0,0.0,0.0,34.0,48.7,0.0,0.12,7.0,5.3,0.0,1.0,32.0,2.0,3.3,0.22,1.14,138.0,1.4,201.0,8.4,0.0,1.3,1.6,3.0,519.0,46.0,0.0,0.0,2.7,0.0,0.0,0.0,0.0,0.22,0.13,1.9,0.07,35.0,0.0,0.0,1.3,31.0,1.1
5.453,"Rolls, coarse, home-made",,5.5.1,https://www.matvaretabellen.no/en/rolls-coarse-home-made/,271.0,kcal,1138.6001673607418,kJ,100.0,0.0,22.0,0.13,0.44,1.66,0.14,0.58,1.83,1.29,0.06,0.0,0.0,0.0,0.01,0.0,0.0,0.01,58.0,37.5,29.0,0.19,6.0,7.6,8.0,1.7,55.0,2.0,4.3,0.07,1.26,203.0,1.4,268.0,10.3,40.0,0.8,3.3,4.0,335.0,34.9,1.0,1.0,2.6,0.1,42.0,43.0,0.2,0.31,0.16,2.3,0.13,54.0,0.0,0.7,0.7,39.0,1.7
5.271,"Rolls, coarse, industrially made",,5.6.1,https://www.matvaretabellen.no/en/rolls-coarse-industrially-made/,257.0,kcal,1082.3940946378552,kJ,100.0,0.0,0.0,0.71,0.29,0.43,0.02,0.09,1.72,1.1,0.24,0.0,0.0,0.0,0.0,0.0,0.0,0.0,16.0,42.1,0.0,0.13,5.0,5.1,0.1,1.2,36.0,1.8,3.2,0.24,1.1,118.0,1.3,178.0,8.2,0.0,0.8,1.8,1.0,320.0,41.9,0.0,0.0,0.3,0.0,0.0,0.0,0.0,0.23,0.07,1.7,0.1,34.0,1.0,0.0,1.3,40.0,1.1
5.493,"Rolls, fibre, gluten-free, Hatting",,5.6.1,https://www.matvaretabellen.no/en/rolls-fibre-gluten-free-hatting/,268.0,kcal,1124.6,kJ,100.0,0.0,0.0,0.0,0.0,0.45,0.03,0.21,2.1,2.21,0.66,0.0,0.0,0.0,0.0,0.0,0.0,0.0,43.0,43.7,0.0,0.23,7.0,6.9,0.3,0.8,46.0,2.2,1.8,0.66,2.21,110.0,2.9,101.0,4.0,0.0,0.9,0.7,3.0,900.0,40.2,2.0,2.0,3.5,0.0,0.0,0.0,0.0,0.25,0.06,1.2,0.1,35.0,0.0,0.0,1.1,38.0,0.8
5.49,"Rolls, prepared from powder, coarse, gluten free",,5.5.1,https://www.matvaretabellen.no/en/rolls-prepared-from-powder-coarse-gluten-free/,274.0,kcal,1151.0102352941176,kJ,100.0,0.0,0.0,0.0,0.0,0.76,0.01,0.27,2.04,2.43,1.4,0.0,0.0,0.0,0.0,0.0,0.0,0.0,42.0,38.1,0.0,0.35,9.0,7.6,0.1,3.0,114.0,2.1,2.6,1.4,2.43,308.0,3.8,156.0,9.0,0.0,1.0,1.1,6.0,411.0,37.2,0.1,0.1,0.9,0.0,0.0,0.0,0.0,0.23,0.06,1.0,0.09,21.0,0.0,0.0,1.1,37.0,1.8
5.206,"Rolls, white, 100 % wheat flour, skimmed milk",,5.5.1,https://www.matvaretabellen.no/en/rolls-white-100-wheat-flour-skimmed-milk/,275.0,kcal,1159.6951414684415,kJ,100.0,0.0,12.0,0.16,0.14,0.6,0.04,0.28,1.99,1.19,0.2,0.0,0.0,0.0,0.0,0.0,0.0,0.0,72.0,45.8,2.0,0.11,3.0,5.2,7.0,0.9,29.0,2.0,3.0,0.2,1.19,142.0,1.4,219.0,9.5,23.0,0.5,1.4,1.0,192.0,43.6,0.0,0.0,2.2,0.0,24.0,25.0,0.2,0.22,0.13,1.3,0.1,36.0,1.0,0.3,1.0,36.0,1.1
5.3,"Rolls, white, 100 % wheat flour, water",,5.5.1,https://www.matvaretabellen.no/en/rolls-white-100-wheat-flour-water/,260.0,kcal,1098.6913899678411,kJ,100.0,0.0,11.0,0.16,0.13,0.59,0.04,0.28,1.98,1.19,0.2,0.0,0.0,0.0,0.0,0.0,0.0,0.0,14.0,43.8,2.0,0.1,3.0,5.2,0.4,0.9,24.0,2.0,2.6,0.2,1.19,91.0,1.4,143.0,8.0,23.0,0.4,1.4,1.0,174.0,43.6,0.0,0.0,0.2,0.0,23.0,24.0,0.0,0.2,0.07,1.3,0.08,35.0,1.0,0.3,1.0,40.0,0.9
5.216,"Rolls, white, bake-off, ready-to-eat",,5.6.1,https://www.matvaretabellen.no/en/rolls-white-bake-off-ready-to-eat/,272.0,kcal,1150.799718226601,kJ,100.0,0.0,0.0,0.37,0.15,0.3,0.02,0.05,0.96,0.86,0.14,0.0,0.0,0.0,0.0,0.0,0.0,0.0,16.0,50.0,0.0,0.12,4.0,3.2,0.0,0.9,27.0,1.0,2.8,0.14,0.86,100.0,1.0,156.0,9.1,0.0,0.7,1.0,1.0,295.0,49.7,0.0,0.0,0.2,0.0,0.0,0.0,0.0,0.25,0.06,1.3,0.1,36.0,1.0,0.0,0.9,34.0,0.9
5.492,"Rolls, white, gluten-free, Hatting",,5.6.1,https://www.matvaretabellen.no/en/rolls-white-gluten-free-hatting/,229.0,kcal,971.0,kJ,100.0,0.0,0.0,0.0,0.0,0.11,0.04,0.03,1.03,0.34,0.13,0.0,0.0,0.0,0.0,0.0,0.0,0.0,18.0,49.9,0.0,0.11,1.0,2.0,1.0,0.1,8.0,1.1,1.3,0.13,0.34,47.0,0.5,57.0,2.2,0.0,1.4,0.2,0.0,560.0,48.1,1.0,1.0,1.8,0.0,0.0,0.0,0.0,0.2,0.09,1.0,0.05,40.0,0.0,0.0,0.4,45.0,0.3
5.452,"Rolls, white, home-made",,5.5.1,https://www.matvaretabellen.no/en/rolls-white-home-made/,300.0,kcal,1260.825916356657,kJ,100.0,0.0,14.0,0.19,0.28,1.24,0.08,0.51,2.25,2.33,0.16,0.0,0.0,0.0,0.01,0.0,0.0,0.01,96.0,44.1,23.0,0.21,4.0,8.2,6.0,1.3,45.0,2.4,3.1,0.17,2.32,164.0,2.5,212.0,10.3,32.0,0.9,2.6,4.0,353.0,42.1,0.6,0.6,2.0,0.1,33.0,34.0,0.2,0.24,0.11,1.2,0.1,31.0,1.0,0.5,1.2,34.0,1.2
5.064,"Rolls, white, industrially made",,5.6.1,https://www.matvaretabellen.no/en/rolls-white-industrially-made/,277.0,kcal,1169.523618523154,kJ,100.0,0.0,0.0,0.38,0.15,0.31,0.02,0.05,0.97,0.87,0.15,0.0,0.0,0.0,0.0,0.0,0.0,0.0,16.0,50.8,0.0,0.12,4.0,3.3,0.1,1.0,28.0,1.0,2.9,0.14,0.87,101.0,1.0,158.0,9.2,0.0,0.7,1.0,1.0,300.0,50.5,0.0,0.0,0.2,0.0,0.0,0.0,0.0,0.21,0.06,1.3,0.09,30.0,1.0,0.0,0.9,33.0,0.9
6.138,Romaine lettuce,Lactuca sativa L.,6.2,https://www.matvaretabellen.no/en/romaine-lettuce/,15.0,kcal,64.0,kJ,94.0,0.0,541.0,0.0,0.0,0.0,0.0,0.0,0.0,0.01,0.01,0.0,0.0,0.0,0.0,0.0,0.0,0.0,25.0,1.4,0.0,0.03,3.0,0.0,0.5,0.5,11.0,0.0,0.5,0.01,0.01,29.0,0.0,259.0,1.2,0.0,0.0,0.0,0.0,10.0,0.0,0.0,0.0,1.4,0.0,45.0,90.0,0.0,0.0,0.06,0.3,0.07,114.0,11.0,0.0,0.3,95.0,0.2
6.811,Rosehip jam,,13.3,https://www.matvaretabellen.no/en/rosehip-jam/,179.0,kcal,760.0,kJ,100.0,0.0,3876.0,0.0,0.0,0.01,0.0,0.0,0.04,0.07,0.04,0.0,0.0,0.0,0.0,0.0,0.0,0.0,50.0,42.4,0.0,0.07,3.0,0.2,0.4,0.1,12.0,0.0,0.2,0.04,0.07,18.0,0.1,130.0,0.3,0.0,0.0,0.0,4.0,1.0,0.0,40.0,40.0,42.4,0.0,323.0,646.0,0.0,0.02,0.03,0.2,0.02,12.0,192.0,0.0,2.8,54.0,0.1
6.772,"Rosehip, raw",Rosa L.,13.2,https://www.matvaretabellen.no/en/rosehip-raw/,48.0,kcal,201.0,kJ,65.0,0.0,11400.0,0.0,0.0,0.03,0.01,0.01,0.09,0.17,0.11,0.0,0.0,0.0,0.0,0.0,0.0,0.0,130.0,6.1,0.0,0.18,8.0,0.5,1.0,0.3,29.0,0.1,0.6,0.11,0.17,46.0,0.3,360.0,0.7,0.0,0.0,0.0,10.0,1.0,0.1,0.0,0.0,6.0,0.0,950.0,1900.0,0.0,0.06,0.07,0.5,0.05,52.0,601.0,0.0,7.1,84.0,0.3
6.169,"Rosemary, dried",Rosmarinus officinalis L.,16,https://www.matvaretabellen.no/en/rosemary-dried/,427.0,kcal,1775.7,kJ,100.0,0.0,1872.0,0.04,0.32,4.99,0.17,0.6,2.66,1.16,1.08,0.0,0.0,0.0,0.0,0.0,0.0,0.0,1280.0,46.4,0.0,0.55,43.0,15.2,6.0,29.3,220.0,3.0,1.8,1.08,1.16,70.0,2.3,955.0,4.9,0.0,0.1,7.4,5.0,50.0,11.2,0.0,0.0,35.2,0.0,156.0,312.0,0.0,0.51,0.43,1.0,1.74,307.0,61.0,0.0,,0.0,3.2
6.168,"Rosemary, raw",Rosmarinus officinalis L.,16,https://www.matvaretabellen.no/en/rosemary-raw/,121.0,kcal,498.0,kJ,65.0,0.0,1752.0,0.01,0.12,1.92,0.07,0.23,1.02,0.45,0.41,0.0,0.0,0.0,0.0,0.0,0.0,0.0,317.0,6.6,0.0,0.3,14.0,5.9,0.8,6.7,91.0,1.2,1.5,0.41,0.45,66.0,0.9,668.0,3.3,0.0,0.1,2.8,,26.0,1.6,0.0,0.0,5.0,0.0,146.0,292.0,0.0,0.04,0.15,0.9,0.34,109.0,22.0,0.0,,70.0,0.9
6.773,"Rowan-berries, raw",Sorbus aucuparia L.,13.1,https://www.matvaretabellen.no/en/rowan-berries-raw/,40.0,kcal,167.0,kJ,100.0,0.0,31.0,0.0,0.0,0.0,0.0,0.0,0.0,0.0,0.0,0.0,0.0,0.0,0.0,0.0,0.0,0.0,41.0,6.3,0.0,,6.0,0.0,1.0,0.9,24.0,0.0,0.5,0.0,0.0,40.0,0.0,330.0,0.7,0.0,0.0,0.0,0.0,1.0,0.0,0.0,0.0,6.3,0.0,3.0,5.0,0.0,0.04,0.07,0.4,0.07,10.0,98.0,0.0,1.2,87.0,0.3
5.073,Rusk,,5.7,https://www.matvaretabellen.no/en/rusk/,374.0,kcal,1575.752589293405,kJ,100.0,0.0,14.0,0.29,0.13,0.58,0.05,0.38,2.53,1.66,0.38,0.0,0.0,0.0,0.0,0.0,0.0,0.0,52.0,58.9,0.0,0.29,13.0,6.9,2.0,3.1,100.0,2.7,6.9,0.38,1.66,308.0,2.0,459.0,12.6,34.0,2.3,1.5,2.0,926.0,55.0,2.6,2.6,3.9,0.0,35.0,36.0,0.1,0.57,0.21,4.6,0.24,94.0,0.0,0.5,1.5,8.0,3.0
5.192,"Rusk, white, sweet",,5.8,https://www.matvaretabellen.no/en/rusk-white-sweet/,444.0,kcal,1865.5418570074248,kJ,100.0,0.0,36.0,0.49,0.45,1.65,0.1,0.88,5.98,2.75,0.55,0.0,0.0,0.0,0.0,0.0,0.0,0.0,91.0,64.4,7.0,0.13,4.0,14.6,10.0,1.0,33.0,6.1,3.6,0.55,2.72,172.0,3.2,268.0,11.8,71.0,0.2,4.3,2.0,72.0,53.7,7.9,7.9,10.7,0.1,74.0,77.0,0.3,0.24,0.15,1.5,0.11,38.0,1.0,1.2,2.4,5.0,1.2
5.027,Rye flour,Secale cereale L.,5.1,https://www.matvaretabellen.no/en/rye-flour/,332.0,kcal,1405.1966666666667,kJ,100.0,0.0,0.0,0.0,0.0,0.15,0.0,0.0,0.13,0.46,0.06,0.0,0.0,0.0,0.0,0.0,0.0,0.0,20.0,69.0,0.0,0.14,11.0,1.2,0.0,0.9,30.0,0.1,1.6,0.06,0.46,98.0,0.5,213.0,5.8,0.0,0.0,0.2,0.0,0.0,68.4,0.0,0.0,0.6,0.0,0.0,0.0,0.0,0.3,0.05,0.6,0.09,22.0,0.0,0.0,0.1,13.0,0.9
5.026,"Rye flour, wholemeal",Secale cereale L.,5.1,https://www.matvaretabellen.no/en/rye-flour-wholemeal/,314.0,kcal,1322.548,kJ,100.0,0.0,0.0,0.0,0.0,0.19,0.0,0.0,0.17,0.68,0.09,0.0,0.0,0.0,0.0,0.0,0.0,0.0,37.0,56.5,0.0,0.29,19.0,1.5,0.0,2.5,101.0,0.2,2.6,0.09,0.68,296.0,0.8,470.0,9.1,0.0,0.0,0.2,1.0,0.0,55.4,0.0,0.0,1.2,0.0,0.0,0.0,0.0,0.44,0.12,1.1,0.2,41.0,0.0,0.0,0.5,14.0,2.5
5.428,Saffron buns,,5.10,https://www.matvaretabellen.no/en/saffron-buns/,341.0,kcal,1434.9493787244364,kJ,100.0,0.0,45.0,0.28,0.92,2.87,0.24,1.01,2.21,0.66,0.07,0.0,0.0,0.0,0.01,0.0,0.0,0.01,62.0,50.8,42.0,0.14,3.0,10.7,10.0,0.8,24.0,2.6,2.7,0.08,0.58,127.0,0.8,205.0,9.0,77.0,0.2,6.2,3.0,83.0,37.2,9.8,9.8,13.6,0.3,81.0,84.0,0.3,0.21,0.12,1.0,0.09,25.0,1.0,1.3,0.8,27.0,0.7
6.189,"Saffron, dried",Crocus sativus L.,16,https://www.matvaretabellen.no/en/saffron-dried/,352.0,kcal,1486.95,kJ,100.0,0.0,324.0,0.0,0.01,1.16,0.0,0.25,0.39,0.75,1.24,0.0,0.0,,,0.0,0.01,0.0,111.0,61.5,0.0,0.33,4.0,5.9,,11.1,264.0,0.4,3.4,1.25,0.75,252.0,2.1,1724.0,11.4,0.0,0.4,1.6,6.0,148.0,,0.0,0.0,0.0,0.0,27.0,54.0,0.0,0.12,0.27,1.5,1.01,93.0,81.0,0.0,,17.0,1.1
4.351,"Saithe, breaded, industrially made","Pollachius virens (Linnaeus, 1758)",4.4,https://www.matvaretabellen.no/en/saithe-breaded-industrially-made/,182.0,kcal,765.0,kJ,100.0,0.0,0.0,0.0,0.01,0.42,0.03,0.15,4.72,1.28,0.39,0.0,0.0,0.0,0.01,0.07,0.01,0.2,16.0,13.5,40.0,0.06,1.0,7.6,79.0,0.5,27.0,4.9,4.4,0.69,1.3,185.0,2.0,305.0,14.6,1.0,0.6,0.7,19.0,225.0,11.8,1.1,1.1,1.7,0.0,1.0,1.0,2.1,0.09,0.11,1.8,0.14,12.0,0.0,0.0,1.5,63.0,0.5
4.349,"Saithe, breaded, industrially made, First Price","Pollachius virens (Linnaeus, 1758)",4.4,https://www.matvaretabellen.no/en/saithe-breaded-industrially-made-first-price/,189.0,kcal,793.0,kJ,100.0,0.0,0.0,0.0,0.01,0.37,0.02,0.14,4.76,1.01,0.22,0.0,0.0,0.0,0.01,0.06,0.01,0.2,11.0,16.2,44.0,0.07,1.0,7.1,66.0,0.5,22.0,4.9,4.0,0.5,1.03,160.0,1.5,280.0,14.3,1.0,0.5,0.6,15.0,180.0,14.0,2.2,2.2,2.2,0.0,1.0,1.0,1.9,0.09,0.11,1.4,0.12,8.0,0.0,0.0,1.1,61.0,0.5
4.35,"Saithe, breaded, industrially made, Lerøy","Pollachius virens (Linnaeus, 1758)",4.4,https://www.matvaretabellen.no/en/saithe-breaded-industrially-made-leroy/,175.0,kcal,734.0,kJ,100.0,0.0,0.0,0.0,0.01,0.46,0.03,0.16,4.67,1.55,0.57,0.0,0.0,0.0,0.01,0.07,0.01,0.2,21.0,10.6,35.0,0.06,0.8,8.0,92.0,0.4,31.0,4.9,4.8,0.87,1.57,210.0,2.4,330.0,14.8,2.0,0.7,0.7,23.0,270.0,9.5,0.0,0.0,1.1,0.0,2.0,2.0,2.2,0.09,0.11,2.1,0.15,16.0,0.0,0.0,1.9,66.0,0.5
4.241,"Saithe, fillet, rolled in breadcrumbs, fried in fat","Pollachius virens (Linnaeus, 1758)",4.1.2,https://www.matvaretabellen.no/en/saithe-fillet-rolled-in-breadcrumbs-fried-in-fat/,194.0,kcal,812.0,kJ,100.0,0.0,16.0,0.36,0.3,1.08,0.07,0.65,4.34,1.69,0.4,0.0,0.0,0.01,0.01,0.06,0.03,0.19,19.0,8.3,42.0,0.07,2.0,10.8,133.0,0.6,31.0,4.4,6.1,0.63,1.71,201.0,2.4,351.0,15.3,36.0,0.5,2.9,21.0,183.0,7.9,0.3,0.3,0.5,0.0,38.0,38.0,2.7,0.09,0.16,2.9,0.34,18.0,0.0,1.5,1.0,64.0,0.7
4.069,"Saithe, fillet, rolled in breadcrumbs, raw","Pollachius virens (Linnaeus, 1758)",4.1.2,https://www.matvaretabellen.no/en/saithe-fillet-rolled-in-breadcrumbs-raw/,144.0,kcal,606.0,kJ,100.0,0.0,2.0,0.04,0.03,0.42,0.05,0.18,0.89,0.48,0.07,0.0,0.0,0.01,0.03,0.06,0.03,0.19,25.0,10.9,73.0,0.09,2.0,3.3,123.0,1.0,37.0,1.0,6.2,0.3,0.55,239.0,0.9,404.0,16.6,31.0,0.5,0.7,22.0,212.0,10.3,0.4,0.4,0.6,0.0,31.0,31.0,2.8,0.14,0.22,3.1,0.41,35.0,0.0,1.0,1.3,67.0,1.0
4.32,"Saithe, fillet, rolled in flour, fried in fat","Pollachius virens (Linnaeus, 1758)",4.1.2,https://www.matvaretabellen.no/en/saithe-fillet-rolled-in-flour-fried-in-fat/,162.0,kcal,678.0,kJ,100.0,0.0,7.0,0.17,0.16,0.61,0.05,0.34,2.16,0.81,0.2,0.0,0.0,0.01,0.01,0.1,0.05,0.32,21.0,3.1,65.0,0.07,0.2,6.4,219.0,0.5,33.0,2.3,8.9,0.59,0.87,278.0,1.6,498.0,22.9,23.0,0.3,1.5,35.0,104.0,3.0,0.0,0.0,0.0,0.0,23.0,24.0,4.4,0.06,0.23,4.0,0.52,19.0,0.0,1.5,1.0,68.0,0.6
4.071,"Saithe, fillet, rolled in flour, with fried onion, frozen, industrially made","Pollachius virens (Linnaeus, 1758)",4.1.2,https://www.matvaretabellen.no/en/saithe-fillet-rolled-in-flour-with-fried-onion-frozen-industrially-made/,146.0,kcal,613.0,kJ,100.0,0.0,10.0,0.47,0.2,0.58,0.02,0.38,1.09,0.36,0.06,0.0,0.0,0.01,0.01,0.05,0.03,0.17,17.0,12.9,32.0,0.07,1.0,4.1,113.0,0.6,27.0,1.2,4.9,0.26,0.37,181.0,0.7,343.0,13.6,5.0,0.6,1.7,18.0,228.0,11.6,0.5,0.5,1.3,0.0,5.0,6.0,2.5,0.07,0.14,2.5,0.36,16.0,0.0,0.6,1.3,68.0,0.5
4.28,"Saithe, fillet, rolled in flour, with onion, fried in fat","Pollachius virens (Linnaeus, 1758)",4.1.2,https://www.matvaretabellen.no/en/saithe-fillet-rolled-in-flour-with-onion-fried-in-fat/,224.0,kcal,941.0,kJ,100.0,0.0,18.0,0.75,0.38,1.18,0.04,0.73,3.11,1.09,0.22,0.0,0.0,0.01,0.01,0.07,0.03,0.21,23.0,17.3,45.0,0.09,2.0,9.2,152.0,0.6,32.0,3.3,6.6,0.49,1.1,219.0,1.7,392.0,17.4,17.0,0.7,3.3,24.0,275.0,15.5,0.7,0.7,1.8,0.0,19.0,20.0,3.0,0.07,0.17,3.0,0.38,17.0,0.0,1.1,1.8,55.0,0.6
4.286,"Saithe, in oil, canned, drained","Pollachius virens (Linnaeus, 1758)",4.4,https://www.matvaretabellen.no/en/saithe-in-oil-canned-drained/,173.0,kcal,720.0,kJ,100.0,0.0,0.0,0.0,0.01,1.25,0.02,0.39,2.67,5.68,0.63,0.0,0.0,0.01,0.01,0.07,0.03,0.22,13.0,0.0,42.0,0.05,0.0,12.2,146.0,0.3,25.0,2.7,5.8,0.9,5.65,202.0,6.9,387.0,15.7,6.0,2.9,1.7,23.0,1169.0,0.0,0.0,0.0,0.0,0.0,6.0,6.0,3.3,0.04,0.17,2.9,0.43,15.0,0.0,0.8,1.2,72.0,0.4
4.029,"Saithe, raw","Pollachius virens (Linnaeus, 1758)",4.1.2,https://www.matvaretabellen.no/en/saithe-raw/,85.0,kcal,359.0,kJ,50.0,0.0,0.0,0.0,0.01,0.09,0.02,0.03,0.08,0.01,0.01,0.0,0.0,0.01,0.01,0.08,0.04,0.25,15.0,0.0,49.0,0.05,0.0,1.3,170.0,0.4,27.0,0.2,6.8,0.32,0.07,235.0,0.5,447.0,18.3,7.0,0.2,0.1,27.0,80.0,0.0,0.0,0.0,0.0,0.0,7.0,7.0,3.8,0.05,0.2,3.4,0.5,18.0,0.0,1.0,0.6,80.0,0.5
4.236,"Saithe, simmered","Pollachius virens (Linnaeus, 1758)",4.1.2,https://www.matvaretabellen.no/en/saithe-simmered/,109.0,kcal,461.0,kJ,,0.0,0.0,0.0,0.02,0.14,0.03,0.05,0.12,0.02,0.02,0.0,0.0,0.02,0.02,0.12,0.06,0.38,25.0,0.0,82.0,0.08,0.0,2.0,255.0,0.5,38.0,0.2,11.3,0.48,0.11,333.0,0.7,559.0,22.8,11.0,0.3,0.2,41.0,113.0,0.0,0.0,0.0,0.0,0.0,11.0,11.0,5.1,0.06,0.23,4.0,0.58,21.0,0.0,1.4,1.0,75.0,0.8
4.255,"Salmon fillet, dry salted, with sugar and spices","Salmo salar Linnaeus, 1758",4.1.1,https://www.matvaretabellen.no/en/salmon-fillet-dry-salted-with-sugar-and-spices/,179.0,kcal,748.0,kJ,100.0,0.0,0.0,0.0,0.19,0.82,0.23,0.23,3.78,1.28,0.56,0.0,0.02,0.07,0.07,0.26,0.11,0.4,26.0,2.8,70.0,0.04,0.0,9.2,8.0,0.4,24.0,4.5,9.9,1.49,1.47,210.0,3.0,295.0,21.2,30.0,4.8,1.3,26.0,1930.0,0.0,2.8,2.8,2.8,0.0,30.0,30.0,5.0,0.18,0.08,6.0,0.78,26.0,0.0,12.5,2.2,67.0,0.4
4.33,"Salmon spread, 70 % salmon, Stabbur-Laks","Salmo salar Linnaeus, 1758",4.4,https://www.matvaretabellen.no/en/salmon-spread-70-salmon-stabbur-laks/,213.0,kcal,884.0,kJ,100.0,0.0,0.0,0.0,0.27,1.33,0.33,0.38,7.18,2.44,1.02,0.0,0.03,0.1,0.1,0.38,0.16,0.58,6.0,0.0,67.0,0.03,0.0,16.2,3.0,0.2,22.0,8.3,9.1,2.38,2.72,190.0,5.1,377.0,16.7,22.0,0.1,2.1,16.0,38.0,0.0,0.0,0.0,0.0,0.0,22.0,22.0,4.5,0.1,0.09,6.1,0.43,6.0,0.0,5.8,2.0,67.0,0.3
4.375,"Salmon spread, with spring onion and lemon",,4.4,https://www.matvaretabellen.no/en/salmon-spread-with-spring-onion-and-lemon/,259.0,kcal,1072.8,kJ,100.0,0.0,26.0,0.01,0.15,1.53,0.2,0.51,12.01,4.15,1.59,0.0,0.01,0.05,0.06,0.2,0.07,0.3,46.0,1.0,51.0,0.03,0.1,23.0,9.0,0.4,17.0,13.0,5.8,2.6,4.3,157.0,6.0,229.0,12.0,18.0,1.3,2.0,15.0,500.0,0.0,1.0,1.1,1.0,0.0,20.0,22.0,2.2,0.13,0.11,3.4,0.23,18.0,2.0,3.0,6.2,64.0,0.4
4.22,"Salmon, farmed, raw","Salmo salar Linnaeus, 1758",4.1.1,https://www.matvaretabellen.no/en/salmon-farmed-raw/,223.0,kcal,927.0,kJ,,0.0,0.0,0.0,0.32,1.42,0.39,0.39,6.53,2.21,0.95,0.0,0.03,0.12,0.12,0.45,0.19,0.7,7.0,0.0,80.0,0.04,0.0,15.9,4.0,0.3,26.0,7.8,10.9,2.57,2.54,227.0,5.2,451.0,19.9,26.0,0.1,2.3,19.0,46.0,0.0,0.0,0.0,0.0,0.0,26.0,26.0,5.3,0.12,0.11,7.3,0.51,7.0,0.0,7.0,1.4,64.0,0.4
4.226,"Salmon, farmed, slices, rolled in flour, fried in fat","Salmo salar Linnaeus, 1758",4.1.1,https://www.matvaretabellen.no/en/salmon-farmed-slices-rolled-in-flour-fried-in-fat/,257.0,kcal,1070.0603233327374,kJ,,0.0,6.0,0.14,0.4,1.65,0.36,0.59,7.39,2.59,0.98,0.0,0.03,0.1,0.1,0.39,0.16,0.61,9.0,3.2,88.0,0.05,0.2,17.7,5.0,0.3,27.0,8.5,12.0,2.38,2.87,227.0,5.3,424.0,21.1,35.0,0.1,3.1,21.0,57.0,3.2,0.0,0.0,0.0,0.0,35.0,36.0,5.2,0.12,0.11,7.2,0.45,7.0,0.0,6.4,1.4,58.0,0.5
4.225,"Salmon, farmed, slices, simmered","Salmo salar Linnaeus, 1758",4.1.1,https://www.matvaretabellen.no/en/salmon-farmed-slices-simmered/,190.0,kcal,792.0,kJ,,0.0,0.0,0.0,0.27,1.18,0.33,0.33,5.44,1.84,0.79,0.0,0.03,0.1,0.1,0.38,0.16,0.58,8.0,0.0,95.0,0.04,0.0,13.2,4.0,0.3,26.0,6.5,13.0,2.14,2.12,230.0,4.3,403.0,17.8,22.0,0.1,1.9,20.0,47.0,0.0,0.0,0.0,0.0,0.0,22.0,22.0,5.1,0.11,0.09,6.1,0.43,6.0,0.0,5.8,1.2,69.0,0.5
4.343,"Salmon, fillet, pan-fried","Salmo salar Linnaeus, 1758",4.1.1,https://www.matvaretabellen.no/en/salmon-fillet-pan-fried/,272.0,kcal,1133.655052744502,kJ,100.0,0.0,6.0,0.14,0.43,1.8,0.4,0.63,8.09,2.83,1.08,0.0,0.03,0.12,0.12,0.44,0.19,0.68,9.0,3.2,88.0,0.05,0.2,19.4,5.0,0.3,27.0,9.4,12.0,2.66,3.14,227.0,5.8,424.0,21.1,35.0,0.1,3.3,21.0,57.0,3.2,0.0,0.0,0.0,0.0,35.0,36.0,5.2,0.12,0.11,7.2,0.45,7.0,0.0,6.4,1.4,56.0,0.5
4.342,"Salmon, fillet, roasted","Salmo salar Linnaeus, 1758",4.1.1,https://www.matvaretabellen.no/en/salmon-fillet-roasted/,207.0,kcal,861.0,kJ,100.0,0.0,0.0,0.0,0.28,1.23,0.34,0.34,5.68,1.92,0.83,0.0,0.03,0.1,0.1,0.39,0.17,0.61,8.0,0.0,87.0,0.04,0.0,13.8,5.0,0.2,25.0,6.8,11.9,2.23,2.21,222.0,4.5,417.0,20.6,23.0,0.1,2.0,21.0,43.0,0.0,0.0,0.0,0.0,0.0,23.0,23.0,5.2,0.1,0.11,7.1,0.5,6.0,0.0,6.1,1.2,66.0,0.4
4.015,"Salmon, ocean, raw","Salmo salar Linnaeus, 1758",4.1.1,https://www.matvaretabellen.no/en/salmon-ocean-raw/,182.0,kcal,760.0,kJ,65.0,0.0,0.0,0.0,0.33,1.06,0.42,0.23,2.04,0.53,0.17,0.02,0.02,0.12,0.05,0.58,0.3,0.79,8.0,0.0,50.0,0.0,0.0,11.5,20.0,0.4,30.0,4.4,10.6,2.12,0.69,262.0,1.9,482.0,19.7,0.0,0.2,1.8,50.0,63.0,0.0,0.0,0.0,0.0,0.0,0.0,0.0,6.9,0.2,0.15,7.0,0.6,13.0,0.0,8.0,1.3,69.0,0.4
4.224,"Salmon, ocean, simmered","Salmo salar Linnaeus, 1758",4.1.1,https://www.matvaretabellen.no/en/salmon-ocean-simmered/,157.0,kcal,654.0,kJ,,0.0,0.0,0.0,0.28,0.88,0.35,0.19,1.7,0.44,0.15,0.01,0.01,0.1,0.04,0.48,0.25,0.66,10.0,0.0,60.0,0.0,0.0,9.6,21.0,0.4,30.0,3.7,12.6,1.76,0.57,265.0,1.6,430.0,17.6,0.0,0.2,1.5,54.0,64.0,0.0,0.0,0.0,0.0,0.0,0.0,0.0,6.6,0.18,0.13,5.8,0.5,11.0,0.0,6.7,1.1,73.0,0.5
4.018,"Salmon, smoked","Salmo salar Linnaeus, 1758",4.1.1,https://www.matvaretabellen.no/en/salmon-smoked/,225.0,kcal,938.0,kJ,90.0,0.0,0.0,0.0,0.3,1.32,0.36,0.36,6.05,2.05,0.89,0.0,0.03,0.11,0.11,0.41,0.18,0.64,16.0,0.0,63.0,0.05,0.0,14.7,8.0,0.4,31.0,7.3,12.6,2.38,2.35,254.0,4.8,425.0,23.2,9.0,3.1,2.1,30.0,1221.0,0.0,0.0,0.0,0.0,0.0,9.0,9.0,4.6,0.3,0.12,8.3,0.5,10.0,0.0,7.5,3.0,62.0,0.4
6.11,"Salsify, black, raw",Scorzonera  hispanica L.,6.2,https://www.matvaretabellen.no/en/salsify-black-raw/,73.0,kcal,308.0,kJ,63.0,0.0,20.0,0.0,0.0,0.0,0.0,0.0,0.0,0.0,0.0,0.0,0.0,0.0,0.0,0.0,0.0,0.0,24.0,10.5,0.0,0.12,7.0,0.4,0.2,0.7,32.0,0.1,1.2,0.0,0.0,94.0,0.2,387.0,3.3,0.0,0.0,0.0,0.0,5.0,3.9,0.0,0.0,6.6,0.0,2.0,3.0,0.0,0.15,0.05,0.6,0.07,31.0,4.0,0.0,0.8,79.0,0.2
12.024,"Salt, herbal",,10.7,https://www.matvaretabellen.no/en/salt-herbal/,47.0,kcal,197.0,kJ,100.0,0.0,0.0,0.0,0.01,0.05,0.0,0.01,0.06,0.08,0.11,0.0,0.0,0.0,0.0,0.0,0.0,0.0,3180.0,0.3,0.0,0.14,0.0,1.7,0.0,0.0,0.0,0.1,1.3,0.11,0.08,139.0,0.2,2040.0,7.6,0.0,75.0,0.1,0.0,30000.0,0.0,0.0,0.0,0.3,0.0,0.0,0.0,0.0,0.0,0.0,0.0,0.0,0.0,0.0,0.0,0.0,90.0,0.0
12.023,"Salt, mineral",,10.7,https://www.matvaretabellen.no/en/salt-mineral/,0.0,kcal,0.0,kJ,100.0,0.0,0.0,0.0,0.0,0.0,0.0,0.0,0.0,0.0,0.0,0.0,0.0,0.0,0.0,0.0,0.0,0.0,43.0,0.0,0.0,0.14,0.0,0.0,0.0,0.9,1000.0,0.0,0.0,0.0,0.0,70.0,0.0,21000.0,0.0,0.0,50.0,0.0,0.0,20000.0,0.0,0.0,0.0,0.0,0.0,0.0,0.0,0.0,0.0,0.0,0.0,0.0,0.0,0.0,0.0,0.0,100.0,0.5
12.026,"Salt, sea",,10.7,https://www.matvaretabellen.no/en/salt-sea/,0.0,kcal,0.0,kJ,100.0,0.0,0.0,0.0,0.0,0.0,0.0,0.0,0.0,0.0,0.0,0.0,0.0,0.0,0.0,0.0,0.0,0.0,51.0,0.0,0.0,0.14,0.0,0.0,20.0,3.0,37.0,0.0,0.0,0.0,0.0,1.0,0.0,56.0,0.0,0.0,94.0,0.0,0.0,37600.0,0.0,0.0,0.0,0.0,0.0,0.0,0.0,0.0,0.0,0.0,0.0,0.0,0.0,0.0,0.0,0.0,100.0,0.1
12.022,"Salt, table",,10.7,https://www.matvaretabellen.no/en/salt-table/,0.0,kcal,0.0,kJ,100.0,0.0,0.0,0.0,0.0,0.0,0.0,0.0,0.0,0.0,0.0,0.0,0.0,0.0,0.0,0.0,0.0,0.0,10.0,0.0,0.0,0.08,0.0,0.0,0.0,0.3,76.0,0.0,0.0,0.0,0.0,1.0,0.0,89.0,0.0,0.0,98.3,0.0,1.0,39300.0,0.0,0.0,0.0,0.0,0.0,0.0,0.0,0.0,0.0,0.0,0.0,0.0,0.0,0.0,0.0,0.0,100.0,0.1
12.025,"Salt, table, iodized",,10.7,https://www.matvaretabellen.no/en/salt-table-iodized/,0.0,kcal,0.0,kJ,100.0,0.0,0.0,0.0,0.0,0.0,0.0,0.0,0.0,0.0,0.0,0.0,0.0,0.0,0.0,0.0,0.0,0.0,10.0,0.0,0.0,0.08,0.0,0.0,500.0,0.3,76.0,0.0,0.0,0.0,0.0,1.0,0.0,89.0,0.0,0.0,98.3,0.0,0.0,39300.0,0.0,0.0,0.0,0.0,0.0,0.0,0.0,0.0,0.0,0.0,0.0,0.0,0.0,0.0,0.0,0.0,100.0,0.1
12.014,Salted sticks,,10.5,https://www.matvaretabellen.no/en/salted-sticks/,384.0,kcal,1623.1,kJ,100.0,0.0,0.0,0.0,0.0,0.3,0.0,0.1,3.6,1.1,0.2,0.0,0.0,0.0,0.0,0.0,0.0,0.0,26.0,68.7,0.0,0.16,6.0,5.7,1.0,1.5,37.0,3.7,3.2,0.2,1.1,160.0,1.2,170.0,11.5,0.0,4.3,0.5,6.0,1700.0,66.4,2.0,3.0,2.3,0.0,0.0,0.0,0.1,0.18,0.05,1.3,0.08,17.0,0.0,0.0,0.7,8.0,1.1
4.332,"Sashimi, halibut, Atlantic","Hippoglossus hippoglossus (Linnaeus, 1758)",4.2,https://www.matvaretabellen.no/en/sashimi-halibut-atlantic/,113.0,kcal,474.0,kJ,100.0,0.0,0.0,0.0,0.13,0.45,0.38,0.11,1.02,0.04,0.02,0.0,0.0,0.02,0.05,0.24,0.05,0.35,5.0,0.0,66.0,0.03,0.0,4.3,14.0,0.2,24.0,1.9,9.9,0.74,0.1,217.0,1.1,458.0,18.5,10.0,0.1,0.8,45.0,54.0,0.0,0.0,0.0,0.0,0.0,10.0,10.0,1.3,0.07,0.1,6.5,0.44,12.0,0.0,6.2,1.3,77.0,0.4
4.331,"Sashimi, salmon","Salmo salar Linnaeus, 1758",4.2,https://www.matvaretabellen.no/en/sashimi-salmon/,223.0,kcal,927.0,kJ,100.0,0.0,0.0,0.0,0.32,1.42,0.39,0.39,6.53,2.21,0.95,0.0,0.03,0.12,0.12,0.45,0.19,0.7,7.0,0.0,80.0,0.04,0.0,15.9,4.0,0.3,26.0,7.8,10.9,2.57,2.54,227.0,5.2,451.0,19.9,26.0,0.1,2.3,19.0,46.0,0.0,0.0,0.0,0.0,0.0,26.0,26.0,5.3,0.12,0.11,7.3,0.51,7.0,0.0,7.0,1.4,64.0,0.4
4.333,"Sashimi, tuna","Thunnus thynnus (Linnaeus, 1758)",4.2,https://www.matvaretabellen.no/en/sashimi-tuna/,105.0,kcal,445.0,kJ,100.0,0.0,0.0,0.0,0.01,0.17,0.02,0.07,0.1,0.01,0.0,0.0,0.0,0.0,0.02,0.04,0.01,0.24,11.0,0.0,41.0,0.1,0.0,1.0,17.0,2.3,39.0,0.2,13.5,0.29,0.06,266.0,0.4,475.0,24.0,372.0,0.1,0.3,200.0,40.0,0.0,0.0,0.0,0.0,0.0,372.0,372.0,4.8,0.16,0.16,9.1,1.0,15.0,0.0,1.6,1.2,75.0,0.6
10.125,"Sauce for dipping, sweet & sour, BBQ sauce, industrially made",,10.11,https://www.matvaretabellen.no/en/sauce-for-dipping-sweet-sour-bbq-sauce-industrially-made/,96.0,kcal,408.0,kJ,100.0,0.0,0.0,0.0,0.0,0.03,0.0,0.01,0.06,0.08,0.03,0.0,0.0,0.0,0.0,0.0,0.0,0.0,8.0,22.6,0.0,0.05,0.0,0.4,,0.3,11.0,0.1,0.3,0.03,0.09,11.0,0.1,172.0,0.5,0.0,1.4,0.1,0.0,561.0,2.0,20.6,20.6,20.6,0.0,0.0,0.0,0.0,0.04,0.0,0.2,0.06,0.9,0.0,0.0,0.2,77.0,0.1
10.015,"Sauce, Bernaise, powder base, prepared",,10.11,https://www.matvaretabellen.no/en/sauce-bernaise-powder-base-prepared/,211.0,kcal,871.0,kJ,100.0,0.0,84.0,1.1,1.1,2.81,0.16,1.79,7.01,1.86,0.69,0.0,0.0,0.0,0.0,0.0,0.0,0.0,52.0,6.3,19.0,0.0,0.0,19.5,5.0,0.1,5.0,7.3,0.5,0.69,1.82,68.0,2.6,144.0,2.5,177.0,1.5,8.2,0.0,584.0,3.0,1.0,1.0,3.3,0.2,184.0,191.0,0.2,0.03,0.07,0.01,0.0,0.4,0.0,2.5,2.0,72.0,0.3
10.171,"Sauce, bernaise, home-made",,10.11,https://www.matvaretabellen.no/en/sauce-bernaise-home-made/,508.0,kcal,2089.215318873354,kJ,100.0,0.0,271.0,1.54,5.15,15.22,1.26,5.6,11.65,1.23,0.24,0.0,0.0,0.0,0.06,0.0,0.0,0.03,36.0,1.0,222.0,0.04,0.3,54.7,23.0,1.0,6.0,13.7,0.7,0.27,0.79,78.0,1.8,74.0,2.8,442.0,1.4,33.5,8.0,559.0,0.2,0.0,0.0,0.8,1.5,464.0,487.0,0.5,0.02,0.07,0.1,0.07,16.0,2.0,7.1,2.5,41.0,0.5
10.025,"Sauce, brown with onion, powder base, prepared",,10.11,https://www.matvaretabellen.no/en/sauce-brown-with-onion-powder-base-prepared/,40.0,kcal,169.0,kJ,100.0,0.0,0.0,0.0,0.0,0.1,0.0,0.05,0.4,0.81,0.01,0.0,0.0,0.0,0.0,0.0,0.0,0.0,,5.7,0.0,,0.2,1.5,,,,0.3,,0.01,0.81,,0.9,50.0,0.9,,0.9,0.2,0.0,368.0,4.6,0.3,0.3,1.1,0.0,,,0.0,,,,,,0.0,0.0,,92.0,0.0
10.016,"Sauce, brown, from cube, prepared",,10.11,https://www.matvaretabellen.no/en/sauce-brown-from-cube-prepared/,69.0,kcal,288.0,kJ,100.0,0.0,0.0,0.0,0.0,0.39,0.03,0.1,2.55,0.3,0.02,0.0,0.0,0.0,0.0,0.0,0.0,0.0,10.0,8.4,0.0,0.0,0.0,3.5,2.0,0.3,2.0,2.5,0.5,0.02,0.3,0.0,0.3,0.0,1.0,0.0,0.0,0.6,0.0,0.0,7.1,0.3,0.0,1.2,0.0,0.0,0.0,0.0,0.01,0.07,0.3,0.0,0.0,0.0,0.0,0.0,87.0,0.0
10.017,"Sauce, brown, powder base, prepared",,10.11,https://www.matvaretabellen.no/en/sauce-brown-powder-base-prepared/,36.0,kcal,150.0,kJ,100.0,0.0,0.0,0.0,0.0,0.13,0.01,0.03,0.84,0.09,0.01,0.0,0.0,0.0,0.0,0.0,0.0,0.0,7.0,5.3,0.0,0.0,0.0,1.1,0.1,0.1,3.0,0.8,0.5,0.01,0.09,0.0,0.1,0.0,1.0,0.0,0.6,0.2,0.0,244.0,5.2,0.2,0.2,0.1,0.0,0.0,0.0,0.0,0.01,0.03,0.3,0.0,0.0,0.0,0.0,0.0,93.0,0.0
10.018,"Sauce, béchamel, powder base, prepared",,10.11,https://www.matvaretabellen.no/en/sauce-bechamel-powder-base-prepared/,61.0,kcal,257.0,kJ,100.0,0.0,2.0,0.02,0.08,0.32,0.02,0.11,0.53,0.11,0.01,0.0,0.0,0.0,0.0,0.0,0.0,0.0,155.0,7.8,10.0,0.0,0.0,1.5,16.0,0.0,7.0,0.6,1.0,0.01,0.11,113.0,0.1,174.0,4.1,6.0,1.0,0.7,1.0,409.0,3.0,0.0,0.0,4.8,0.0,6.0,6.0,0.5,0.03,0.16,0.1,0.02,3.0,0.0,0.3,0.0,87.0,0.2
12.01,"Sauce, caramel",,7.3,https://www.matvaretabellen.no/en/sauce-caramel/,280.0,kcal,1190.0,kJ,100.0,0.0,0.0,0.0,0.0,0.0,0.0,0.0,0.0,0.0,0.0,0.0,0.0,0.0,0.0,0.0,0.0,0.0,0.0,70.0,0.0,0.0,0.0,0.0,,0.0,0.0,0.0,0.0,0.0,0.0,0.0,0.0,0.0,0.0,0.0,0.0,0.0,0.0,0.0,0.0,70.0,70.0,70.0,0.0,0.0,0.0,0.0,0.0,0.0,0.0,0.0,0.0,0.0,0.0,0.0,30.0,0.0
12.011,"Sauce, chocolate, industrially made",,7.3,https://www.matvaretabellen.no/en/sauce-chocolate-industrially-made/,268.0,kcal,1137.5,kJ,100.0,0.0,0.0,0.0,0.0,0.24,0.0,0.27,0.29,0.02,0.0,0.0,0.0,0.0,0.0,0.0,0.0,0.0,23.0,62.0,0.0,0.09,0.0,1.2,,2.1,100.0,0.5,0.4,0.0,0.02,126.0,0.1,668.0,2.3,0.0,0.3,0.6,0.0,103.0,2.4,59.6,59.6,59.6,0.0,0.0,0.0,0.0,0.0,0.0,0.0,0.0,0.0,0.0,0.0,0.0,35.0,1.3
10.001,"Sauce, fruit, powder base, prepared",,7.3,https://www.matvaretabellen.no/en/sauce-fruit-powder-base-prepared/,56.0,kcal,237.0,kJ,100.0,0.0,0.0,0.0,0.0,0.0,0.0,0.0,0.0,0.0,0.0,0.0,0.0,0.0,0.0,0.0,0.0,0.0,1.0,13.9,0.0,0.0,0.0,0.0,0.1,0.0,0.0,0.0,0.0,0.0,0.0,0.0,0.0,0.0,0.0,0.0,0.0,0.0,0.0,0.0,2.6,11.3,11.3,11.3,0.0,0.0,0.0,0.0,0.0,0.0,0.0,0.0,0.0,0.0,0.0,0.0,86.0,0.0
10.019,"Sauce, gravy, powder base, prepared",,10.11,https://www.matvaretabellen.no/en/sauce-gravy-powder-base-prepared/,21.0,kcal,89.0,kJ,100.0,0.0,0.0,0.0,0.0,0.03,0.0,0.01,0.09,0.2,0.0,0.0,0.0,0.0,0.0,0.0,0.0,0.0,1.0,3.9,0.0,0.01,0.2,0.4,0.1,0.1,2.0,0.1,0.1,0.0,0.2,5.0,0.2,9.0,0.5,0.0,1.0,0.0,0.0,383.0,3.6,0.3,0.3,0.3,0.0,0.0,0.0,0.0,0.01,0.0,0.05,0.0,0.7,0.0,0.0,0.2,95.0,0.0
10.007,"Sauce, vanilla, powder base, prepared",,7.3,https://www.matvaretabellen.no/en/sauce-vanilla-powder-base-prepared/,69.0,kcal,294.0,kJ,100.0,0.0,2.0,0.02,0.07,0.19,0.01,0.07,0.14,0.01,0.0,0.0,0.0,0.0,0.0,0.0,0.0,0.0,121.0,12.5,2.0,0.0,0.0,0.7,15.0,0.0,6.0,0.1,0.8,0.0,0.0,103.0,0.0,158.0,3.2,2.0,0.1,0.4,1.0,37.0,2.7,5.8,5.8,9.9,0.0,2.0,2.0,0.5,0.02,0.13,0.05,0.02,2.0,0.0,0.3,0.0,84.0,0.2
10.026,"Sauce, venison, powder base, prepared",,10.11,https://www.matvaretabellen.no/en/sauce-venison-powder-base-prepared/,70.0,kcal,291.0,kJ,100.0,0.0,21.0,0.12,0.38,1.1,0.09,0.4,0.79,0.09,0.02,0.0,0.0,0.0,0.0,0.0,0.0,0.0,77.0,5.8,9.0,0.01,0.2,3.9,10.0,0.1,6.0,0.9,0.7,0.02,0.05,67.0,0.1,108.0,2.7,50.0,0.1,2.4,1.0,23.0,3.2,0.0,0.0,2.6,0.1,52.0,53.0,0.3,0.03,0.09,0.1,0.02,2.0,0.0,0.1,0.1,87.0,0.2
6.078,Sauerkraut,,6.6,https://www.matvaretabellen.no/en/sauerkraut/,29.0,kcal,124.0,kJ,100.0,0.0,18.0,0.0,0.0,0.0,0.0,0.0,0.0,0.0,0.0,0.0,0.0,0.0,0.0,0.0,0.0,0.0,50.0,5.1,0.0,0.05,2.0,0.0,0.7,1.2,10.0,0.0,0.4,0.0,0.0,23.0,0.0,180.0,1.4,0.0,1.5,0.0,0.0,590.0,0.0,5.1,5.1,5.1,0.0,2.0,3.0,0.0,0.04,0.01,0.2,0.15,16.0,10.0,0.0,0.0,92.0,0.3
3.153,"Sausage spread, pork, high fat content",,3.5,https://www.matvaretabellen.no/en/sausage-spread-pork-high-fat-content/,482.0,kcal,1989.20295,kJ,100.0,0.0,5.0,0.07,0.69,10.39,1.25,5.14,20.52,4.99,0.5,0.08,0.02,0.0,0.1,0.0,0.06,0.0,20.0,1.2,59.0,0.06,0.9,48.0,0.1,0.8,21.0,21.8,4.4,0.65,5.39,97.0,6.0,211.0,10.9,23.0,1.8,17.1,12.0,720.0,1.0,0.0,0.0,0.2,0.1,23.0,23.0,0.5,0.25,0.04,3.1,0.17,3.0,0.0,0.6,1.1,39.0,1.2
3.15,"Sausage, Frankfurter/Wiener",,3.5,https://www.matvaretabellen.no/en/sausage-frankfurter-wiener/,211.0,kcal,874.0,kJ,100.0,0.0,25.0,0.0,0.29,4.03,0.55,2.08,7.89,1.94,0.25,0.0,0.01,0.0,0.09,0.0,0.01,0.0,13.0,2.3,42.0,0.04,0.6,17.4,0.8,0.8,13.0,8.6,4.6,0.26,2.11,203.0,2.4,667.0,10.9,7.0,2.0,6.5,9.0,813.0,0.6,0.0,0.0,1.7,,9.0,11.0,0.7,0.18,0.09,2.6,0.1,2.0,29.0,0.0,1.2,69.0,1.3
3.449,"Sausage, Frankfurter/Wiener, Finsbråten",,3.5,https://www.matvaretabellen.no/en/sausage-frankfurter-wiener-finsbraten/,201.0,kcal,832.0,kJ,100.0,0.0,37.0,0.0,0.25,3.54,0.46,1.81,6.97,1.73,0.2,0.0,0.0,0.0,0.08,0.0,0.0,0.0,15.0,2.1,41.0,0.04,0.0,16.1,1.0,0.8,15.0,7.6,5.2,0.2,1.87,210.0,2.1,740.0,11.8,7.0,2.2,5.7,10.0,890.0,0.0,0.0,0.0,2.1,,10.0,13.0,0.8,0.18,0.09,3.0,0.12,2.0,35.0,0.0,2.0,70.0,1.4
3.448,"Sausage, Frankfurter/Wiener, Gilde",,3.5,https://www.matvaretabellen.no/en/sausage-frankfurter-wiener-gilde/,214.0,kcal,889.0,kJ,100.0,0.0,37.0,0.0,0.27,3.91,0.54,2.07,7.7,1.89,0.28,0.0,0.02,0.0,0.1,0.0,0.0,0.0,9.0,2.3,47.0,0.04,0.0,18.0,1.0,0.7,12.0,8.4,4.6,0.28,2.07,220.0,2.4,480.0,10.8,6.0,1.7,6.3,8.0,680.0,0.6,0.0,0.0,1.7,,9.0,12.0,0.7,0.18,0.08,2.6,0.1,2.0,31.0,0.0,0.8,69.0,1.3
3.45,"Sausage, Frankfurter/Wiener, X-tra",,3.5,https://www.matvaretabellen.no/en/sausage-frankfurter-wiener-x-tra/,216.0,kcal,895.0,kJ,100.0,0.0,14.0,0.0,0.36,4.63,0.64,2.36,9.0,2.2,0.26,0.0,0.02,0.0,0.1,0.0,0.03,0.0,14.0,2.4,39.0,0.04,1.0,18.2,0.0,0.7,11.0,9.9,4.1,0.29,2.4,180.0,2.8,780.0,10.1,7.0,2.2,7.5,8.0,870.0,1.1,0.0,0.0,1.3,,8.0,9.0,0.6,0.18,0.1,2.2,0.09,2.0,22.0,0.0,0.9,68.0,1.3
3.198,"Sausage, Frankfurter/Wiener, lean, Gilde",,3.5,https://www.matvaretabellen.no/en/sausage-frankfurter-wiener-lean-gilde/,135.0,kcal,566.0,kJ,100.0,0.0,3.0,0.01,0.12,1.61,0.24,0.86,2.86,0.84,0.11,0.0,0.01,0.0,0.05,0.0,0.02,0.01,11.0,5.5,45.0,0.05,0.6,6.9,2.0,0.7,16.0,3.1,5.7,0.13,0.92,200.0,1.1,510.0,12.5,9.0,1.7,2.7,11.0,680.0,4.9,0.0,0.0,0.6,,9.0,9.0,0.9,0.31,0.11,3.4,0.14,4.0,35.0,0.0,1.0,75.0,1.4
3.451,"Sausage, Frankfurter/Wiener, turkey and chicken, Prior",,3.5,https://www.matvaretabellen.no/en/sausage-frankfurter-wiener-turkey-and-chicken-prior/,144.0,kcal,599.0,kJ,100.0,0.0,0.0,0.01,0.07,2.01,0.47,0.61,3.46,2.03,0.2,0.0,0.01,0.0,0.06,0.0,0.01,0.01,43.0,5.5,60.0,0.04,0.6,8.9,14.0,0.9,16.0,4.0,5.1,0.22,2.14,200.0,2.4,510.0,10.1,14.0,1.7,2.7,11.0,680.0,4.8,0.0,0.0,0.7,,14.0,14.0,1.8,0.06,0.14,3.2,0.13,13.0,36.0,0.0,1.3,75.0,1.2
3.152,"Sausage, Swedish, Falukorv",,3.5,https://www.matvaretabellen.no/en/sausage-swedish-falukorv/,233.0,kcal,965.0,kJ,100.0,0.0,4.0,0.04,0.38,5.06,0.5,2.7,7.78,1.82,0.19,0.02,0.02,0.0,0.05,0.0,0.03,0.0,50.0,4.7,42.0,0.04,0.1,18.7,6.0,0.9,13.0,8.2,3.9,0.24,1.96,109.0,2.1,180.0,11.2,8.0,1.7,7.3,9.0,680.0,3.3,0.0,0.0,1.5,0.1,8.0,8.0,0.5,0.1,0.08,1.8,0.07,3.0,0.0,0.3,0.4,65.0,1.9
3.164,"Sausage, bologna",,3.5,https://www.matvaretabellen.no/en/sausage-bologna/,198.0,kcal,824.0,kJ,100.0,0.0,0.0,0.02,0.28,3.3,0.46,1.69,6.44,1.48,0.17,0.0,0.0,0.0,0.07,0.0,0.02,0.0,11.0,7.1,33.0,0.05,0.0,14.5,2.0,0.7,12.0,7.0,4.3,0.23,1.61,193.0,1.9,510.0,9.9,7.0,2.4,5.4,6.0,960.0,6.0,0.9,0.9,1.1,0.0,7.0,7.0,0.6,0.28,0.11,2.5,0.12,4.0,37.0,0.0,0.3,69.0,1.4
3.423,"Sausage, bologna, Folkets",,3.5,https://www.matvaretabellen.no/en/sausage-bologna-folkets/,197.0,kcal,821.0,kJ,100.0,0.0,0.0,0.02,0.27,3.02,0.41,1.57,5.99,1.35,0.15,0.0,0.0,0.0,0.07,0.0,0.02,0.0,11.0,8.2,36.0,0.06,0.0,14.0,2.0,0.7,12.0,6.5,4.4,0.21,1.47,250.0,1.7,720.0,9.6,9.0,2.8,5.0,6.0,1100.0,6.8,1.3,1.3,1.4,0.0,9.0,9.0,0.5,0.37,0.15,2.6,0.12,3.0,53.0,0.0,0.3,68.0,1.3
3.422,"Sausage, bologna, Nordfjord",,3.5,https://www.matvaretabellen.no/en/sausage-bologna-nordfjord/,181.0,kcal,754.0,kJ,100.0,0.0,0.0,0.02,0.29,3.28,0.47,1.71,6.07,1.26,0.15,0.0,0.0,0.0,0.06,0.0,0.02,0.0,13.0,5.2,34.0,0.04,0.0,13.2,3.0,1.0,12.0,6.7,4.4,0.2,1.37,110.0,1.6,190.0,10.4,6.0,2.0,5.4,6.0,780.0,4.7,0.2,0.2,0.5,0.0,6.0,6.0,0.9,0.22,0.1,2.5,0.13,6.0,14.0,0.0,0.3,71.0,1.8
3.424,"Sausage, bologna, X-tra",,3.5,https://www.matvaretabellen.no/en/sausage-bologna-x-tra/,216.0,kcal,899.0,kJ,100.0,0.0,0.0,0.02,0.28,3.61,0.49,1.8,7.26,1.83,0.21,0.0,0.0,0.0,0.08,0.0,0.02,0.0,10.0,7.9,31.0,0.04,0.0,16.2,1.0,0.6,11.0,7.9,4.3,0.27,1.98,220.0,2.3,620.0,9.7,6.0,2.5,5.8,6.0,1000.0,6.5,1.2,1.2,1.4,0.0,6.0,6.0,0.4,0.24,0.08,2.5,0.12,3.0,44.0,0.0,0.5,66.0,1.0
3.202,"Sausage, bologna, lean, Gilde",,3.5,https://www.matvaretabellen.no/en/sausage-bologna-lean-gilde/,145.0,kcal,603.0,kJ,100.0,0.0,0.0,0.0,0.18,1.79,0.26,1.14,3.03,0.46,0.06,0.0,0.0,0.0,0.04,0.0,0.01,0.0,15.0,4.5,30.0,0.05,0.0,9.0,5.0,1.1,15.0,3.4,5.3,0.1,0.51,150.0,0.6,620.0,11.4,6.0,1.9,3.2,8.0,760.0,4.3,0.0,0.0,0.2,0.0,6.0,6.0,0.9,0.31,0.16,3.2,0.14,3.0,26.0,0.0,0.4,75.0,1.9
3.356,"Sausage, chicken and turkey, lean",,3.5,https://www.matvaretabellen.no/en/sausage-chicken-and-turkey-lean/,219.0,kcal,922.0,kJ,100.0,0.0,23.0,0.0,0.06,1.73,0.4,0.55,2.95,1.55,0.15,0.0,0.01,0.0,0.06,0.0,0.01,0.01,39.0,20.9,58.0,0.04,0.8,7.7,3.0,1.2,25.0,3.4,6.7,0.18,1.65,149.0,1.9,212.0,16.3,15.0,2.0,2.4,11.0,793.0,20.8,0.0,0.0,0.1,0.0,17.0,18.0,0.3,0.08,0.17,3.8,0.21,10.0,3.0,0.2,1.1,54.0,1.3
3.363,"Sausage, chorizo",,3.5,https://www.matvaretabellen.no/en/sausage-chorizo/,360.0,kcal,1494.4,kJ,100.0,0.0,5.0,0.06,0.95,6.51,1.65,4.17,12.36,1.04,0.1,0.0,0.0,0.0,0.0,0.0,0.0,0.0,29.0,3.4,142.0,0.06,1.0,29.1,2.0,1.5,16.0,12.9,9.3,0.1,1.04,313.0,3.2,249.0,20.7,18.0,3.8,11.3,11.0,1537.0,0.4,0.0,0.0,3.0,0.1,18.0,18.0,0.9,0.21,0.12,5.5,0.17,3.0,9.0,0.6,0.4,46.0,2.3
3.149,"Sausage, cocktail",,3.5,https://www.matvaretabellen.no/en/sausage-cocktail/,237.0,kcal,982.0,kJ,100.0,0.0,4.0,0.04,0.46,5.66,0.54,3.19,8.04,1.69,0.18,0.01,0.06,0.0,0.08,0.0,0.04,0.0,52.0,5.0,46.0,0.04,0.1,19.3,6.0,0.7,14.0,8.4,4.0,0.25,1.84,107.0,1.7,193.0,10.6,8.0,1.7,8.7,8.0,680.0,3.5,0.0,0.0,1.5,0.1,8.0,8.0,0.5,0.11,0.08,1.8,0.07,3.0,0.0,0.2,0.4,65.0,1.7
3.159,"Sausage, cured, Morr",,3.5,https://www.matvaretabellen.no/en/sausage-cured-morr/,417.0,kcal,1728.7,kJ,100.0,0.0,0.0,0.04,0.87,7.35,0.8,6.94,11.88,1.17,0.28,0.0,0.0,0.0,0.16,0.04,0.06,0.0,12.0,0.1,142.0,0.37,0.0,34.5,4.0,4.7,28.0,12.9,12.1,0.41,1.35,300.0,1.8,400.0,26.5,9.0,5.0,15.7,25.0,2000.0,0.0,0.0,0.1,0.1,1.1,9.0,9.0,7.1,0.45,0.81,7.2,0.38,16.0,0.0,0.3,1.9,39.0,2.7
3.166,"Sausage, fermented, Stabbur",,3.5,https://www.matvaretabellen.no/en/sausage-fermented-stabbur/,467.0,kcal,1934.89856567695,kJ,100.0,0.0,23.0,0.05,0.52,9.0,1.15,4.35,16.93,4.43,0.79,0.08,0.0,0.0,0.17,0.0,0.05,0.0,12.0,2.7,82.0,0.13,0.2,41.3,2.0,4.9,26.0,17.9,6.9,0.89,4.83,191.0,5.8,311.0,21.2,23.0,4.5,14.7,19.0,1800.0,0.2,2.5,2.5,2.5,0.1,25.0,26.0,2.3,0.07,0.13,3.8,0.33,8.0,0.0,0.3,0.9,35.0,3.0
3.144,"Sausage, grill",,3.5,https://www.matvaretabellen.no/en/sausage-grill/,217.0,kcal,899.0,kJ,100.0,0.0,4.0,0.0,0.3,4.06,0.56,2.09,8.04,2.05,0.23,0.0,0.01,0.0,0.09,0.0,0.0,0.0,17.0,1.9,46.0,0.04,0.6,18.5,2.0,0.6,13.0,8.7,4.2,0.23,2.24,190.0,2.5,517.0,10.4,6.0,2.0,6.5,9.0,793.0,0.6,0.0,0.0,1.3,,6.0,6.0,0.6,0.23,0.11,2.3,0.11,3.0,25.0,0.0,1.6,69.0,1.1
3.444,"Sausage, grill, Gilde",,3.5,https://www.matvaretabellen.no/en/sausage-grill-gilde/,197.0,kcal,816.0,kJ,100.0,0.0,0.0,0.0,0.24,3.73,0.5,1.91,7.44,2.09,0.23,0.0,0.02,0.0,0.1,0.0,0.0,0.0,8.0,0.4,47.0,0.04,0.0,17.0,1.0,0.7,12.0,8.1,4.6,0.23,2.29,160.0,2.6,480.0,10.6,7.0,1.7,5.9,9.0,680.0,0.0,0.0,0.0,0.4,,7.0,7.0,0.6,0.26,0.1,2.7,0.15,2.0,38.0,0.0,0.7,72.0,1.2
3.445,"Sausage, grill, Nordfjord",,3.5,https://www.matvaretabellen.no/en/sausage-grill-nordfjord/,242.0,kcal,1003.1,kJ,100.0,0.0,0.0,0.0,0.41,4.64,0.69,2.43,9.22,2.13,0.24,0.0,0.0,0.0,0.09,0.0,0.0,0.0,28.0,3.2,44.0,0.04,0.0,21.0,4.0,0.5,14.0,10.1,3.9,0.24,2.29,200.0,2.6,360.0,10.1,5.0,2.3,7.6,7.0,900.0,0.6,0.0,0.0,2.6,,5.0,5.0,0.5,0.22,0.15,2.0,0.09,5.0,9.0,0.0,3.2,66.0,1.0
3.443,"Sausage, grill, X-tra",,3.5,https://www.matvaretabellen.no/en/sausage-grill-x-tra/,210.0,kcal,871.0,kJ,100.0,0.0,9.0,0.0,0.25,3.82,0.49,1.94,7.46,1.95,0.23,0.0,0.02,0.0,0.09,0.0,0.0,0.0,14.0,1.9,46.0,0.04,1.0,17.6,2.0,0.7,13.0,8.1,4.1,0.23,2.14,210.0,2.4,710.0,10.5,6.0,2.0,6.1,10.0,800.0,1.1,0.0,0.0,0.8,,7.0,7.0,0.6,0.21,0.09,2.2,0.1,2.0,28.0,0.0,0.8,69.0,1.2
3.199,"Sausage, grill, lean, Gilde",,3.5,https://www.matvaretabellen.no/en/sausage-grill-lean-gilde/,165.0,kcal,686.0,kJ,100.0,0.0,3.0,0.0,0.18,2.38,0.32,1.35,4.54,1.07,0.14,0.0,0.01,0.0,0.07,0.0,0.0,0.0,8.0,5.3,45.0,0.05,0.6,10.1,1.0,0.8,14.0,4.9,4.9,0.14,1.18,180.0,1.4,480.0,12.8,3.0,1.7,4.0,11.0,680.0,4.9,0.0,0.0,0.4,,3.0,3.0,0.8,0.31,0.11,2.6,0.15,2.0,39.0,0.0,0.6,71.0,1.6
3.318,"Sausage, grill, turkey and chicken",,3.5,https://www.matvaretabellen.no/en/sausage-grill-turkey-and-chicken/,175.0,kcal,729.0,kJ,100.0,0.0,29.0,0.0,0.1,2.57,0.63,0.72,4.54,2.08,0.18,0.0,0.01,0.0,0.06,0.0,0.0,0.0,44.0,7.2,69.0,0.04,0.6,10.9,8.0,1.1,16.0,5.2,6.2,0.18,2.16,205.0,2.3,515.0,11.7,26.0,1.8,3.4,9.0,700.0,6.3,0.0,0.0,0.9,,28.0,30.0,1.2,0.06,0.12,4.1,0.13,8.0,32.0,0.0,2.4,70.0,1.1
3.46,"Sausage, grill, turkey and chicken, Prior",,3.5,https://www.matvaretabellen.no/en/sausage-grill-turkey-and-chicken-prior/,162.0,kcal,676.0,kJ,100.0,0.0,29.0,0.0,0.08,2.37,0.59,0.7,4.17,1.99,0.19,0.0,0.01,0.0,0.06,0.0,0.0,0.0,36.0,6.2,72.0,0.04,0.6,10.2,12.0,1.0,16.0,4.8,5.4,0.19,2.07,210.0,2.3,510.0,11.1,31.0,1.7,3.2,10.0,680.0,5.8,0.0,0.0,0.4,,33.0,35.0,1.8,0.06,0.14,3.4,0.14,10.0,44.0,0.0,1.2,72.0,1.2
3.461,"Sausage, grill, turkey and chicken, Solvinge",,3.5,https://www.matvaretabellen.no/en/sausage-grill-turkey-and-chicken-solvinge/,187.0,kcal,781.0,kJ,,0.0,29.0,0.0,0.12,2.78,0.68,0.74,4.91,2.17,0.18,0.0,0.0,0.0,0.06,0.0,0.0,0.0,51.0,8.1,66.0,0.04,0.6,11.6,4.0,1.1,15.0,5.6,7.0,0.18,2.24,200.0,2.4,520.0,12.3,21.0,1.8,3.7,8.0,720.0,6.8,0.0,0.0,1.3,,23.0,25.0,0.5,0.06,0.09,4.7,0.11,6.0,20.0,0.0,3.6,67.0,0.9
3.147,"Sausage, knakkpølse",,3.5,https://www.matvaretabellen.no/en/sausage-knakkpolse/,242.0,kcal,1003.2072561820328,kJ,100.0,0.0,4.0,0.04,0.49,5.94,0.56,3.37,8.29,1.7,0.18,0.0,0.06,0.0,0.09,0.01,0.04,0.0,54.0,5.1,45.0,0.04,0.1,20.1,6.0,0.8,14.0,8.6,4.0,0.25,1.86,103.0,1.7,191.0,10.2,7.0,2.0,9.1,8.0,819.0,3.5,0.0,0.0,1.6,0.2,7.0,7.0,0.5,0.08,0.08,1.8,0.06,3.0,0.0,0.2,0.3,65.0,1.6
3.145,"Sausage, meat",,3.5,https://www.matvaretabellen.no/en/sausage-meat/,201.0,kcal,833.0,kJ,100.0,0.0,0.0,0.0,0.26,3.66,0.52,1.93,7.19,1.74,0.25,0.0,0.0,0.0,0.08,0.0,0.0,0.0,16.0,2.3,44.0,0.04,1.0,16.5,2.0,0.6,13.0,7.8,4.0,0.25,1.86,190.0,2.2,405.0,10.2,6.0,2.2,5.9,7.0,890.0,1.3,0.0,0.0,1.0,,6.0,6.0,0.7,0.18,0.1,2.2,0.11,4.0,17.0,0.0,0.9,70.0,1.0
3.446,"Sausage, meat, Gilde",,3.5,https://www.matvaretabellen.no/en/sausage-meat-gilde/,204.0,kcal,844.0,kJ,100.0,0.0,0.0,0.0,0.26,3.67,0.53,1.95,7.01,1.73,0.28,0.0,0.0,0.0,0.09,0.0,0.0,0.0,9.0,2.3,51.0,0.04,1.0,16.5,2.0,0.7,11.0,7.6,4.3,0.28,1.82,170.0,2.2,420.0,10.8,9.0,1.7,6.0,8.0,680.0,1.3,0.0,0.0,1.0,,9.0,9.0,0.9,0.17,0.09,2.3,0.12,3.0,25.0,0.0,0.7,69.0,1.1
3.447,"Sausage, meat, Nordfjord",,3.5,https://www.matvaretabellen.no/en/sausage-meat-nordfjord/,199.0,kcal,823.0,kJ,100.0,0.0,0.0,0.0,0.26,3.65,0.51,1.91,7.36,1.75,0.22,0.0,0.0,0.0,0.07,0.0,0.0,0.0,23.0,2.3,37.0,0.04,1.0,16.5,2.0,0.5,14.0,8.0,3.8,0.22,1.9,210.0,2.2,390.0,9.6,4.0,2.8,5.9,7.0,1100.0,1.3,0.0,0.0,1.0,,4.0,4.0,0.5,0.19,0.1,2.0,0.09,5.0,9.0,0.0,1.1,70.0,1.0
3.146,"Sausage, meat, lean",,3.5,https://www.matvaretabellen.no/en/sausage-meat-lean/,141.0,kcal,588.0,kJ,100.0,0.0,5.0,0.01,0.14,1.84,0.24,0.9,3.35,0.67,0.08,0.01,0.01,0.0,0.02,0.0,0.01,0.0,8.0,5.5,34.0,0.05,0.3,7.9,0.7,1.1,15.0,3.7,4.7,0.09,0.73,101.0,0.9,221.0,11.7,7.0,1.7,3.0,3.0,699.0,5.4,0.0,0.0,0.1,0.0,7.0,7.0,0.5,0.11,0.02,2.6,0.14,4.0,0.0,0.2,0.3,75.0,1.9
3.154,"Sausage, mutton, smoked",,3.5,https://www.matvaretabellen.no/en/sausage-mutton-smoked/,349.0,kcal,1448.1,kJ,100.0,0.0,0.0,,0.71,6.2,0.75,5.5,10.39,0.84,0.25,0.0,0.0,0.0,0.08,0.0,0.05,0.0,8.0,2.9,80.0,0.15,0.0,27.1,3.0,2.3,22.0,11.4,10.0,0.34,0.95,220.0,1.3,380.0,23.3,9.0,4.8,13.0,13.0,1920.0,0.0,2.9,0.0,2.9,0.9,9.0,9.0,2.6,0.25,0.23,5.7,0.32,4.0,0.0,0.2,1.0,47.0,3.7
3.148,"Sausage, pork, smoked and unsmoked",,3.5,https://www.matvaretabellen.no/en/sausage-pork-smoked-and-unsmoked/,242.0,kcal,1003.0288401922168,kJ,100.0,0.0,3.0,0.03,0.4,4.83,0.56,2.76,8.46,1.7,0.19,0.01,0.06,0.0,0.09,0.01,0.04,0.0,45.0,4.5,47.0,0.04,0.1,20.5,5.0,0.7,12.0,8.9,3.8,0.27,1.86,87.0,1.8,152.0,9.7,9.0,1.7,9.1,8.0,680.0,3.2,0.0,0.0,1.3,0.1,9.0,9.0,0.4,0.09,0.07,1.2,0.05,2.0,0.0,0.3,0.4,65.0,1.3
3.162,"Sausage, reindeer",,3.5,https://www.matvaretabellen.no/en/sausage-reindeer/,393.0,kcal,1628.859131736527,kJ,100.0,0.0,12.0,0.03,0.43,6.74,0.72,4.17,12.66,3.5,0.33,0.04,0.05,0.0,0.47,0.07,0.2,0.02,33.0,1.1,128.0,0.42,0.4,33.2,5.0,9.3,50.0,14.7,11.7,0.66,4.13,308.0,3.6,599.0,22.4,815.0,4.5,12.2,26.0,1781.0,0.2,0.7,0.7,0.9,0.1,816.0,817.0,12.2,0.39,1.01,7.8,0.48,23.0,3.0,0.5,1.0,43.0,5.9
3.163,"Sausage, salami",,3.5,https://www.matvaretabellen.no/en/sausage-salami/,429.0,kcal,1775.575,kJ,100.0,0.0,8.0,0.0,0.56,8.82,1.0,4.82,16.38,4.24,0.44,0.0,0.0,0.0,0.17,0.0,0.05,0.0,10.0,0.9,66.0,0.08,0.0,39.5,2.0,1.2,20.0,17.7,7.3,0.5,4.59,185.0,5.2,283.0,17.6,11.0,4.9,14.4,10.0,1945.0,0.8,0.0,0.0,0.1,0.0,12.0,12.0,1.5,0.34,0.26,4.1,0.24,5.0,10.0,0.0,1.2,42.0,2.8
3.429,"Sausage, salami, Danish, First Price",,3.5,https://www.matvaretabellen.no/en/sausage-salami-danish-first-price/,507.0,kcal,2093.1,kJ,100.0,0.0,0.0,0.0,0.72,10.86,1.27,5.64,20.93,6.09,0.66,0.0,0.0,0.0,0.22,0.0,0.07,0.0,10.0,0.1,56.0,0.11,0.0,50.0,2.0,0.8,12.0,22.5,5.2,0.73,6.52,120.0,7.4,150.0,14.2,13.0,5.3,17.5,9.0,2100.0,0.0,0.0,0.0,0.1,0.0,13.0,13.0,0.8,0.38,0.17,2.6,0.13,7.0,14.0,0.0,1.3,36.0,1.1
3.427,"Sausage, salami, Danish, Tulip",,3.5,https://www.matvaretabellen.no/en/sausage-salami-danish-tulip/,498.0,kcal,2054.8,kJ,100.0,0.0,0.0,0.0,0.61,10.91,1.19,5.91,20.34,5.42,0.53,0.0,0.0,0.0,0.21,0.0,0.06,0.0,8.0,3.3,65.0,0.06,0.0,48.0,2.0,0.8,14.0,21.9,6.0,0.59,5.87,140.0,6.6,210.0,13.1,11.0,4.5,17.7,11.0,1800.0,3.3,0.0,0.0,0.0,0.0,11.0,11.0,1.6,0.37,0.26,3.6,0.21,3.0,0.0,0.0,1.4,36.0,1.5
3.426,"Sausage, salami, Gilde spesialsalami",,3.5,https://www.matvaretabellen.no/en/sausage-salami-gilde-spesialsalami/,298.0,kcal,1240.7,kJ,100.0,0.0,23.0,0.0,0.38,4.7,0.57,2.82,8.73,2.22,0.28,0.0,0.0,0.0,0.11,0.0,0.04,0.0,14.0,0.1,71.0,0.09,0.0,22.0,2.0,1.9,31.0,9.5,10.4,0.37,2.42,270.0,2.9,440.0,25.0,12.0,4.7,8.1,11.0,1880.0,0.0,0.0,0.0,0.1,0.0,14.0,15.0,2.5,0.3,0.4,5.8,0.34,5.0,24.0,0.0,0.8,53.0,5.2
3.425,"Sausage, salami, Grilstad jubelsalami",,3.5,https://www.matvaretabellen.no/en/sausage-salami-grilstad-jubelsalami/,414.0,kcal,1713.7,kJ,100.0,0.0,0.0,0.0,0.52,8.81,0.97,4.91,15.51,3.25,0.29,0.0,0.0,0.0,0.15,0.0,0.04,0.0,7.0,0.1,71.0,0.08,0.0,38.0,2.0,1.4,22.0,16.8,7.7,0.32,3.54,210.0,4.0,330.0,18.0,8.0,5.0,14.5,11.0,2000.0,0.0,0.0,0.0,0.1,0.0,8.0,8.0,1.1,0.32,0.22,4.4,0.29,4.0,1.0,0.0,1.1,44.0,3.4
3.428,"Sausage, salami, lean, Gilde",,3.5,https://www.matvaretabellen.no/en/sausage-salami-lean-gilde/,167.0,kcal,701.0,kJ,100.0,0.0,26.0,0.0,0.16,1.51,0.23,1.02,2.62,0.31,0.05,0.0,0.01,0.0,0.06,0.01,0.02,0.0,11.0,0.1,60.0,0.09,0.0,6.5,2.0,2.0,35.0,2.9,11.8,0.1,0.38,300.0,0.5,480.0,27.0,5.0,4.8,2.8,12.0,1920.0,0.0,0.0,0.0,0.1,0.0,7.0,9.0,2.1,0.36,0.28,6.8,0.4,7.0,22.0,0.0,0.6,66.0,5.0
3.364,"Sausage, salsiccia",,3.5,https://www.matvaretabellen.no/en/sausage-salsiccia/,271.0,kcal,1127.97,kJ,100.0,0.0,2.0,0.0,0.2,3.9,0.4,2.2,7.9,1.8,0.2,0.0,0.0,0.0,0.1,0.0,0.0,0.0,11.0,4.7,61.0,,0.0,18.3,2.0,1.1,24.0,8.7,10.0,0.2,1.8,189.0,2.2,368.0,21.8,13.0,2.7,6.4,14.0,1079.0,4.7,0.0,0.0,0.0,,14.0,13.0,0.7,0.83,0.24,6.0,0.47,12.0,74.0,0.4,0.1,55.0,3.4
6.703,"Sausage, soy, canned",,10.6,https://www.matvaretabellen.no/en/sausage-soy-canned/,201.0,kcal,835.0,kJ,100.0,0.0,0.0,0.0,0.04,1.52,0.04,0.52,3.71,7.37,0.97,0.0,0.0,0.0,0.0,0.0,0.0,0.0,73.0,3.5,0.0,0.24,2.0,15.0,3.0,2.7,44.0,3.6,2.6,0.97,7.37,179.0,8.3,540.0,12.0,0.0,0.0,2.3,1.0,2.0,2.5,0.0,0.0,1.0,0.0,0.0,0.0,0.0,0.2,0.1,0.6,0.27,19.0,0.0,0.0,0.3,68.0,0.3
3.467,"Sausages, with bun",,3.7,https://www.matvaretabellen.no/en/sausages-with-bun/,248.0,kcal,1037.5969301250966,kJ,100.0,0.0,12.0,0.09,0.4,2.34,0.26,0.98,4.62,1.05,0.11,0.0,0.0,0.0,0.03,0.0,0.0,0.0,107.0,25.3,20.0,0.11,2.0,11.1,4.0,0.6,21.0,5.0,3.5,0.11,1.07,169.0,1.2,234.0,10.6,14.0,1.1,4.2,4.0,425.0,24.1,0.5,0.5,1.1,,15.0,16.0,0.4,0.22,0.11,1.4,0.09,26.0,7.0,0.0,1.0,51.0,1.2
6.113,"Scallion, spring onion, raw",Allium  cepa L.,6.2,https://www.matvaretabellen.no/en/scallion-spring-onion-raw/,23.0,kcal,98.0,kJ,96.0,0.0,598.0,0.0,0.0,0.06,0.0,0.01,0.06,0.16,0.01,0.0,0.0,0.0,0.0,0.0,0.0,0.0,72.0,2.3,0.0,0.08,3.0,0.2,2.0,1.5,20.0,0.0,0.8,0.0,0.07,37.0,0.1,276.0,1.8,0.0,0.0,0.0,1.0,16.0,0.0,0.0,0.0,2.3,0.0,50.0,99.0,0.0,0.06,0.08,0.5,0.06,64.0,19.0,0.0,0.6,93.0,0.4
4.264,"Scallop, fried","Pecten maximus (Linnaeus, 1758)",4.3,https://www.matvaretabellen.no/en/scallop-fried/,42.0,kcal,177.0,kJ,,0.0,0.0,0.0,0.0,0.02,0.0,0.01,0.01,0.0,0.0,0.0,0.0,0.0,0.0,0.03,0.0,0.04,5.0,0.0,22.0,0.12,0.0,0.5,4.0,0.2,18.0,0.0,2.3,0.01,0.01,464.0,0.1,106.0,9.3,4.0,1.3,0.0,9.0,539.0,0.0,0.0,0.0,0.0,0.0,4.0,4.0,0.9,0.0,0.01,0.5,0.05,7.0,0.0,0.5,0.9,90.0,0.8
4.114,"Scallop, raw","Pecten maximus (Linnaeus, 1758)",4.3,https://www.matvaretabellen.no/en/scallop-raw/,35.0,kcal,149.0,kJ,,0.0,0.0,0.0,0.0,0.02,0.0,0.01,0.01,0.0,0.0,0.0,0.0,0.0,0.0,0.03,0.0,0.03,4.0,0.0,18.0,0.1,0.0,0.4,3.0,0.2,16.0,0.0,1.8,0.01,0.01,413.0,0.1,100.0,7.8,4.0,1.3,0.0,7.0,508.0,0.0,0.0,0.0,0.0,0.0,4.0,4.0,0.8,0.0,0.01,0.4,0.05,7.0,0.0,0.5,0.8,92.0,0.6
5.489,"Scones, coarse, gluten-free",,5.5.1,https://www.matvaretabellen.no/en/scones-coarse-gluten-free/,290.0,kcal,1220.7469132902906,kJ,100.0,0.0,37.0,0.61,0.64,1.57,0.1,0.97,2.45,0.66,0.22,0.0,0.0,0.0,0.0,0.0,0.0,0.0,75.0,48.0,11.0,0.05,5.0,8.8,11.0,5.2,10.0,2.6,3.1,0.22,0.61,252.0,0.9,70.0,2.3,72.0,0.9,4.5,2.0,367.0,44.7,0.0,0.0,3.3,0.1,75.0,78.0,0.1,0.14,0.35,2.5,0.12,13.0,2.0,1.1,0.6,36.0,0.4
5.413,"Scones, coarse, with milk",,5.5.1,https://www.matvaretabellen.no/en/scones-coarse-with-milk/,298.0,kcal,1252.9452714908844,kJ,100.0,0.0,1.0,0.02,0.05,0.61,0.02,0.17,3.96,1.87,0.53,0.0,0.0,0.0,0.0,0.0,0.0,0.0,92.0,45.1,1.0,0.14,5.0,7.9,7.0,1.3,43.0,4.1,3.0,0.53,1.86,316.0,2.4,222.0,9.0,1.0,1.3,1.0,2.0,506.0,39.4,3.5,3.5,5.7,0.0,1.0,1.0,0.2,0.18,0.09,1.3,0.09,8.0,0.0,0.1,1.7,33.0,1.0
5.414,"Scones, coarse, with yoghurt",,5.5.1,https://www.matvaretabellen.no/en/scones-coarse-with-yoghurt/,258.0,kcal,1088.1798407936249,kJ,100.0,0.0,9.0,0.05,0.16,0.74,0.04,0.21,0.83,1.67,0.28,0.0,0.0,0.0,0.0,0.0,0.0,0.0,134.0,40.7,4.0,0.19,6.0,5.0,8.0,1.6,59.0,0.9,3.6,0.27,1.66,465.0,2.0,329.0,9.6,17.0,1.7,1.4,2.0,667.0,34.8,0.0,0.9,6.0,0.0,18.0,18.0,0.2,0.23,0.12,1.7,0.12,13.0,0.0,0.0,0.5,39.0,1.4
5.485,"Scones, white, gluten free",,5.5.1,https://www.matvaretabellen.no/en/scones-white-gluten-free/,313.0,kcal,1316.4337649863935,kJ,100.0,0.0,37.0,0.61,0.64,1.54,0.1,0.97,2.37,0.5,0.21,0.0,0.0,0.0,0.0,0.0,0.0,0.0,59.0,52.2,11.0,0.03,10.0,8.4,5.0,3.7,9.0,2.6,2.8,0.21,0.46,251.0,0.8,66.0,2.1,72.0,0.9,4.4,0.0,361.0,49.4,1.8,1.8,2.8,0.1,75.0,78.0,0.1,0.19,0.26,2.3,0.2,12.0,0.0,1.1,0.6,27.0,0.4
6.624,"Sea buckthorn, raw",Hippophae rhamnoides,13.1,https://www.matvaretabellen.no/en/sea-buckthorn-raw/,85.0,kcal,352.0,kJ,,0.0,860.0,0.0,0.0,1.02,0.99,0.06,1.02,0.58,0.33,0.0,0.0,0.0,0.0,0.0,0.0,0.0,10.0,6.3,0.0,,6.0,5.0,2.0,0.7,10.0,2.0,0.4,0.33,0.58,12.0,0.9,40.0,0.7,0.0,0.0,1.1,0.0,4.0,0.1,0.0,0.0,6.2,0.0,72.0,143.0,0.0,0.03,0.21,0.3,0.11,24.0,131.0,0.0,3.1,82.0,0.3
6.686,"Seitan, wheat gluten",,10.6,https://www.matvaretabellen.no/en/seitan-wheat-gluten/,205.0,kcal,861.0,kJ,100.0,0.0,18.0,0.0,0.0,0.51,0.0,0.15,3.62,1.85,0.0,0.0,0.0,0.0,0.0,0.0,0.0,0.0,36.0,4.0,0.0,0.28,6.0,7.2,10.0,1.7,25.0,3.6,4.9,0.0,1.85,87.0,1.9,87.0,28.4,0.0,1.6,0.7,32.0,653.0,3.5,0.0,0.0,0.5,0.0,2.0,3.0,0.0,0.0,0.08,0.2,0.03,15.0,,0.0,2.5,55.0,1.4
5.029,"Semolina, wheat meal",Triticum aestivum L.,5.2,https://www.matvaretabellen.no/en/semolina-wheat-meal/,339.0,kcal,1438.7,kJ,100.0,0.0,3.0,0.0,0.0,0.26,0.0,0.03,0.25,0.78,0.07,0.0,0.0,0.0,0.0,0.0,0.0,0.0,17.0,69.1,0.0,0.15,3.0,2.0,0.5,0.8,17.0,0.3,2.6,0.07,0.78,145.0,0.9,136.0,10.0,0.0,0.0,0.2,5.0,1.0,67.5,0.0,0.0,1.6,0.0,0.0,0.0,0.0,0.18,0.03,0.9,0.08,14.0,5.0,0.0,0.8,16.0,1.0
6.702,"Sesame paste, tahini",,10.6,https://www.matvaretabellen.no/en/sesame-paste-tahini/,626.0,kcal,2581.8,kJ,100.0,0.0,6.0,0.0,0.15,5.26,0.18,2.47,21.92,25.3,0.44,0.0,0.0,0.0,0.0,0.0,0.0,0.0,680.0,0.8,0.0,1.48,9.0,58.9,0.2,10.6,380.0,22.0,8.2,0.45,25.3,730.0,25.8,580.0,18.5,0.0,0.1,8.4,34.0,20.0,0.4,0.0,0.0,0.4,0.0,1.0,1.0,0.0,0.94,0.17,5.1,0.76,99.0,0.0,0.0,2.6,13.0,5.4
5.03,"Sesame seeds, with shell",Sesamum indicum L.,14.1,https://www.matvaretabellen.no/en/sesame-seeds-with-shell/,595.0,kcal,2454.51,kJ,100.0,0.0,0.0,0.0,0.0,4.33,0.15,2.75,19.44,20.91,0.17,0.0,0.0,0.0,0.0,0.0,0.0,0.0,960.0,1.4,0.0,1.7,13.0,53.8,0.0,9.0,335.0,19.4,7.9,0.17,20.91,630.0,21.1,505.0,19.6,0.0,0.0,7.4,20.0,1.0,0.2,0.0,0.0,1.2,0.0,0.0,0.0,0.0,0.75,0.22,4.6,0.37,171.0,0.0,0.0,0.0,12.0,5.5
5.147,"Sesame seeds, without shell",Sesamum indicum L.,14.1,https://www.matvaretabellen.no/en/sesame-seeds-without-shell/,633.0,kcal,2612.01,kJ,100.0,0.0,0.0,0.0,0.0,5.27,0.17,3.02,21.23,21.53,0.16,0.0,0.0,0.0,0.0,0.0,0.0,0.0,37.0,1.8,0.0,1.6,9.0,57.4,0.0,5.8,335.0,21.4,9.3,0.16,21.53,640.0,21.7,475.0,22.7,0.0,0.1,8.6,56.0,26.0,0.2,0.0,0.0,1.6,0.0,0.0,0.0,0.0,0.83,0.12,5.5,0.35,115.0,0.0,0.0,0.0,9.0,5.8
6.124,"Shallot, raw",Allium cepa L. var aggregatum G. Don,6.2,https://www.matvaretabellen.no/en/shallot-raw/,24.0,kcal,100.0,kJ,72.0,0.0,3.0,0.0,0.0,0.02,0.0,0.0,0.02,0.05,0.0,0.0,0.0,0.0,0.0,0.0,0.0,0.0,24.0,3.3,0.0,0.05,1.0,0.2,2.0,0.8,4.0,0.0,0.9,0.0,0.05,50.0,0.1,180.0,1.5,0.0,0.0,0.0,1.0,10.0,0.0,0.0,0.0,3.3,0.0,0.0,0.0,0.0,0.04,0.06,0.6,0.2,17.0,13.0,0.0,0.3,94.0,0.4
9.11,Sherbet,,7.3,https://www.matvaretabellen.no/en/sherbet/,180.0,kcal,766.0,kJ,100.0,0.0,18.0,0.0,0.0,0.01,0.0,0.0,0.01,0.01,0.0,0.0,0.0,0.0,0.0,0.0,0.0,0.0,7.0,43.6,0.0,0.02,0.0,0.1,0.7,0.0,6.0,0.0,0.5,0.0,0.01,9.0,0.0,98.0,1.3,0.0,0.1,0.0,1.0,20.0,0.0,39.3,43.7,43.6,0.0,2.0,3.0,0.0,0.15,0.04,0.2,0.02,15.0,16.0,0.0,0.1,55.0,0.0
4.277,"Shrimp, battered, pre-fried, fried in fat",,4.3,https://www.matvaretabellen.no/en/shrimp-battered-pre-fried-fried-in-fat/,270.0,kcal,1127.273180952381,kJ,100.0,0.0,0.0,0.0,0.02,1.88,0.09,0.82,9.76,2.79,0.36,0.0,0.0,0.0,0.0,0.0,0.0,0.0,33.0,17.2,102.0,0.14,0.8,16.4,32.0,0.4,27.0,7.7,3.9,0.37,2.78,62.0,3.7,131.0,13.0,1.0,0.6,4.4,74.0,236.0,17.1,0.0,0.2,0.1,0.0,1.0,1.0,1.7,0.08,0.04,1.2,0.04,2.0,0.0,1.5,1.4,52.0,0.7
4.207,"Shrimp, battered, pre-fried, frozen",,4.3,https://www.matvaretabellen.no/en/shrimp-battered-pre-fried-frozen/,225.0,kcal,945.0,kJ,100.0,0.0,0.0,0.0,0.02,1.41,0.07,0.71,6.56,0.82,0.06,0.0,0.0,0.0,0.0,0.01,0.0,0.01,36.0,18.6,110.0,0.16,0.9,10.0,35.0,0.5,33.0,4.2,4.2,0.07,0.82,75.0,1.4,167.0,14.8,1.0,0.8,4.1,80.0,300.0,18.5,0.0,0.2,0.1,0.0,1.0,1.0,2.0,0.11,0.05,1.5,0.06,3.0,0.0,1.8,1.1,56.0,0.8
4.057,"Shrimps, boiled",Pandalus borealis,4.3,https://www.matvaretabellen.no/en/shrimps-boiled/,83.0,kcal,350.0,kJ,38.0,0.0,0.0,0.0,0.02,0.15,0.05,0.02,0.17,0.01,0.0,0.0,0.0,0.0,0.02,0.18,0.01,0.15,80.0,0.0,157.0,0.2,0.0,1.8,34.0,0.2,45.0,0.3,4.6,0.37,0.04,170.0,0.4,166.0,16.6,0.0,1.1,0.2,31.0,447.0,0.0,0.0,0.0,0.0,0.0,0.0,0.0,2.0,0.0,0.03,0.7,0.96,12.0,0.0,0.4,4.0,82.0,1.2
4.098,"Shrimps, in brine, drained",,4.3,https://www.matvaretabellen.no/en/shrimps-in-brine-drained/,72.0,kcal,303.0,kJ,100.0,0.0,0.0,0.0,0.01,0.13,0.04,0.02,0.13,0.01,0.0,0.0,0.0,0.0,0.01,0.16,0.01,0.13,33.0,0.0,131.0,0.11,0.0,1.4,16.0,0.1,19.0,0.2,3.1,0.31,0.02,117.0,0.3,91.0,14.8,0.0,2.7,0.2,22.0,1086.0,0.0,0.0,0.0,0.0,0.0,0.0,0.0,1.5,0.01,0.02,0.4,0.45,7.0,0.0,0.5,3.1,84.0,0.7
4.387,"Shrimps, raw",Pandalus borealis,4.3,https://www.matvaretabellen.no/en/shrimps-raw/,102.0,kcal,431.0,kJ,38.0,0.0,0.0,0.0,0.02,0.16,0.06,0.02,0.19,0.01,0.0,0.0,0.0,0.0,0.02,0.2,0.01,0.17,76.0,0.0,149.0,0.21,0.0,2.0,36.0,0.2,50.0,0.3,4.8,0.4,0.04,190.0,0.5,210.0,21.0,0.0,1.3,0.2,33.0,500.0,0.0,0.0,0.0,0.0,0.0,0.0,0.0,2.4,0.0,0.04,1.0,1.3,16.0,0.0,0.5,4.2,77.0,1.1
4.119,"Skate (ray), raw","Dipturus batis (Linnaeus, 1758)",4.1.2,https://www.matvaretabellen.no/en/skate-ray-raw/,58.0,kcal,245.0,kJ,,0.0,0.0,0.0,0.0,0.02,0.0,0.0,0.02,0.0,0.0,0.0,0.0,0.0,0.0,0.01,0.0,0.02,83.0,0.0,50.0,0.0,0.0,0.2,20.0,0.2,18.0,0.0,4.6,0.03,0.0,150.0,0.1,232.0,14.0,0.0,0.3,0.1,40.0,118.0,0.0,0.0,0.0,0.0,0.0,0.0,0.0,6.0,0.12,0.2,2.0,0.37,11.0,0.0,0.0,0.7,86.0,0.3
6.249,"Slush, with strawberries",,9.2,https://www.matvaretabellen.no/en/slush-with-strawberries/,43.0,kcal,184.0,kJ,100.0,0.0,10.0,0.0,0.0,0.01,0.0,0.0,0.02,0.05,0.04,0.0,0.0,0.0,0.0,0.0,0.0,0.0,13.0,9.6,0.0,0.03,1.0,0.1,0.7,0.2,9.0,0.0,0.3,0.04,0.05,19.0,0.1,137.0,0.4,0.0,0.0,0.0,0.0,1.0,0.0,4.2,5.9,9.6,0.0,1.0,1.0,0.0,0.05,0.03,0.3,0.05,31.0,42.0,0.0,0.4,89.0,0.1
6.25,"Slush, with water melon",,9.2,https://www.matvaretabellen.no/en/slush-with-water-melon/,53.0,kcal,227.0,kJ,100.0,0.0,80.0,0.0,0.0,0.01,0.0,0.0,0.02,0.03,0.0,0.0,0.0,0.0,0.0,0.0,0.0,0.0,6.0,12.4,0.0,0.02,0.4,0.1,0.2,0.3,7.0,0.0,0.2,0.0,0.03,8.0,0.0,95.0,0.6,0.0,0.0,0.0,0.0,2.0,0.0,4.9,7.2,12.4,0.0,7.0,13.0,0.0,0.04,0.05,0.09,0.1,2.0,6.0,0.0,0.1,87.0,0.1
3.103,"Smoked picnic shoulder, Bayonne",,3.5,https://www.matvaretabellen.no/en/smoked-picnic-shoulder-bayonne/,124.0,kcal,522.0,kJ,100.0,0.0,0.0,0.0,0.06,1.08,0.14,0.51,2.26,0.45,0.05,0.01,0.01,0.0,0.02,0.0,0.01,0.0,4.0,0.3,48.0,0.05,0.0,5.0,0.7,0.6,20.0,2.5,8.1,0.05,0.52,152.0,0.6,280.0,19.5,5.0,2.0,1.7,8.0,791.0,0.0,0.2,0.2,0.3,0.0,5.0,5.0,0.3,0.62,0.04,4.6,0.26,1.0,0.0,0.1,0.4,75.0,1.6
13.107,"Smoothie, blueberries and apple",,9.2,https://www.matvaretabellen.no/en/smoothie-blueberries-and-apple/,50.0,kcal,211.0,kJ,100.0,0.0,25.0,0.0,0.0,0.02,0.0,0.0,0.02,0.05,0.03,0.0,0.0,0.0,0.0,0.0,0.0,0.0,10.0,11.0,0.0,0.04,2.0,0.2,0.8,0.4,9.0,0.0,0.3,0.03,0.05,14.0,0.1,148.0,0.3,0.0,0.0,0.0,0.0,2.0,0.5,0.0,5.6,10.4,0.0,2.0,4.0,0.0,0.02,0.11,0.2,0.07,9.0,10.0,0.0,0.3,87.0,0.1
13.118,"Smoothie, blueberries and raspberries",,9.2,https://www.matvaretabellen.no/en/smoothie-blueberries-and-raspberries/,54.0,kcal,230.0,kJ,100.0,0.0,24.0,0.0,0.0,0.02,0.0,0.0,0.03,0.05,0.01,0.0,0.0,0.0,0.0,0.0,0.0,0.0,9.0,11.5,0.0,0.07,2.0,0.1,0.9,0.2,10.0,0.0,0.3,0.01,0.05,17.0,0.1,191.0,0.5,0.0,0.0,0.0,0.0,1.0,0.6,0.0,0.0,11.0,0.0,2.0,4.0,0.0,0.03,0.02,0.2,0.07,12.0,7.0,0.0,0.3,85.0,0.1
13.062,"Smoothie, fruit juice, banana and berries",,9.2,https://www.matvaretabellen.no/en/smoothie-fruit-juice-banana-and-berries/,64.0,kcal,271.0,kJ,100.0,0.0,45.0,0.0,0.0,0.04,0.01,0.01,0.04,0.06,0.03,0.0,0.0,0.0,0.0,0.0,0.0,0.0,12.0,13.5,0.0,0.08,2.0,0.3,0.5,0.2,21.0,0.0,0.7,0.03,0.06,26.0,0.1,257.0,0.9,0.0,0.0,0.1,0.0,1.0,2.2,0.0,2.0,11.4,0.0,4.0,7.0,0.0,0.09,0.02,0.5,0.18,36.0,22.0,0.0,0.6,83.0,0.2
13.109,"Smoothie, guava and gojiberries",,9.2,https://www.matvaretabellen.no/en/smoothie-guava-and-gojiberries/,54.0,kcal,227.0,kJ,100.0,0.0,103.0,0.0,0.0,0.06,0.01,0.01,0.03,0.06,0.02,0.0,0.0,0.0,0.0,0.0,0.0,0.0,12.0,11.1,0.0,0.08,1.0,0.3,1.0,0.2,15.0,0.1,0.7,0.02,0.06,20.0,0.1,234.0,0.9,0.0,0.0,0.1,0.0,2.0,1.0,0.0,5.4,10.2,0.0,9.0,17.0,0.0,0.2,0.02,0.5,0.11,34.0,51.0,0.0,0.3,86.0,0.1
13.113,"Smoothie, mango and gojiberries",,9.2,https://www.matvaretabellen.no/en/smoothie-mango-and-gojiberries/,49.0,kcal,207.0,kJ,100.0,0.0,94.0,0.0,0.0,0.03,0.01,0.0,0.03,0.03,0.02,0.0,0.0,0.0,0.0,0.0,0.0,0.0,8.0,11.0,0.0,0.04,1.0,0.2,2.0,0.3,9.0,0.0,0.4,0.02,0.03,13.0,0.0,149.0,0.3,0.0,0.0,0.0,0.0,2.0,0.4,0.0,5.9,10.6,0.0,8.0,15.0,0.0,0.07,0.09,0.3,0.06,15.0,12.0,0.0,0.3,88.0,0.1
13.117,"Smoothie, mango and orange",,9.2,https://www.matvaretabellen.no/en/smoothie-mango-and-orange/,50.0,kcal,212.0,kJ,100.0,0.0,102.0,0.0,0.0,0.04,0.02,0.0,0.03,0.02,0.02,0.0,0.0,0.0,0.0,0.0,0.0,0.0,8.0,11.2,0.0,0.05,1.0,0.2,2.0,0.2,10.0,0.0,0.4,0.02,0.02,12.0,0.0,155.0,0.3,0.0,0.0,0.0,0.0,2.0,0.5,0.0,4.0,10.7,0.0,8.0,17.0,0.0,0.04,0.08,0.3,0.07,17.0,12.0,0.0,0.4,87.0,0.1
13.111,"Smoothie, mango and passion fruit",,9.2,https://www.matvaretabellen.no/en/smoothie-mango-and-passion-fruit/,53.0,kcal,225.0,kJ,100.0,0.0,144.0,0.0,0.0,0.04,0.02,0.0,0.03,0.05,0.01,0.0,0.0,0.0,0.0,0.0,0.0,0.0,9.0,11.7,0.0,0.05,1.0,0.2,2.0,0.4,13.0,0.0,0.5,0.01,0.05,18.0,0.0,180.0,0.5,0.0,0.0,0.1,0.0,3.0,0.9,0.0,4.8,10.8,0.0,12.0,24.0,0.0,0.03,0.12,0.4,0.1,17.0,11.0,0.0,0.3,86.0,0.1
13.119,"Smoothie, orange, carrot and ginger",,9.2,https://www.matvaretabellen.no/en/smoothie-orange-carrot-and-ginger/,54.0,kcal,230.0,kJ,100.0,0.0,445.0,0.0,0.0,0.02,0.0,0.0,0.01,0.02,0.01,0.0,0.0,0.0,0.0,0.0,0.0,0.0,10.0,12.0,0.0,0.06,2.0,0.1,1.0,0.2,6.0,0.0,0.3,0.01,0.02,14.0,0.0,154.0,0.3,0.0,0.0,0.0,0.0,2.0,0.2,0.0,0.0,11.8,0.0,37.0,74.0,0.0,0.04,0.02,0.2,0.05,9.0,6.0,0.0,0.2,86.0,0.0
13.106,"Smoothie, pinapple and mango",,9.2,https://www.matvaretabellen.no/en/smoothie-pinapple-and-mango/,46.0,kcal,195.0,kJ,100.0,0.0,103.0,0.0,0.0,0.02,0.01,0.0,0.02,0.03,0.01,0.0,0.0,0.0,0.0,0.0,0.0,0.0,9.0,10.2,0.0,0.05,1.0,0.2,2.0,0.3,9.0,0.0,0.4,0.01,0.03,13.0,0.0,129.0,0.4,0.0,0.0,0.0,0.0,3.0,0.0,0.0,5.8,10.2,0.0,9.0,17.0,0.0,0.08,0.05,0.3,0.06,15.0,13.0,0.0,0.2,88.0,0.1
13.105,"Smoothie, pineapple and coconut",,9.2,https://www.matvaretabellen.no/en/smoothie-pineapple-and-coconut/,69.0,kcal,289.0,kJ,100.0,0.0,11.0,0.76,0.3,0.16,0.0,0.09,0.09,0.04,0.01,0.0,0.0,0.0,0.0,0.0,0.0,0.0,18.0,12.0,0.0,0.08,0.9,1.8,0.3,0.4,14.0,0.1,0.4,0.01,0.04,19.0,0.1,171.0,0.6,0.0,0.0,1.5,0.0,5.0,0.8,0.0,8.2,11.2,0.0,1.0,1.0,0.0,0.05,0.05,0.3,0.12,18.0,8.0,0.0,0.1,85.0,0.1
13.112,"Smoothie, pineapple and ginger",,9.2,https://www.matvaretabellen.no/en/smoothie-pineapple-and-ginger/,56.0,kcal,235.0,kJ,100.0,0.0,83.0,0.0,0.0,0.02,0.0,0.0,0.01,0.02,0.01,0.0,0.0,0.0,0.0,0.0,0.0,0.0,10.0,12.5,0.0,0.07,1.0,0.2,0.5,0.3,14.0,0.0,0.5,0.01,0.02,13.0,0.0,175.0,0.5,0.0,0.0,0.0,0.0,2.0,0.9,0.0,6.6,11.6,0.0,7.0,13.0,0.0,0.04,0.03,0.4,0.13,18.0,8.0,0.0,0.1,86.0,0.1
13.104,"Smoothie, raspberries and strawberries",,9.2,https://www.matvaretabellen.no/en/smoothie-raspberries-and-strawberries/,45.0,kcal,189.0,kJ,100.0,0.0,17.0,0.0,0.0,0.02,0.0,0.0,0.03,0.08,0.04,0.0,0.0,0.0,0.0,0.0,0.0,0.0,13.0,9.2,0.0,0.05,2.0,0.2,0.7,0.3,13.0,0.0,0.4,0.04,0.08,22.0,0.1,175.0,0.5,0.0,0.0,0.0,0.0,2.0,0.5,0.0,4.6,8.7,0.0,1.0,2.0,0.0,0.04,0.09,0.3,0.08,23.0,20.0,0.0,0.6,88.0,0.1
13.061,"Smoothie, yogurt, juice, banana and berries",,9.2,https://www.matvaretabellen.no/en/smoothie-yogurt-juice-banana-and-berries/,60.0,kcal,254.0,kJ,100.0,0.0,23.0,0.03,0.11,0.32,0.03,0.12,0.24,0.05,0.03,0.0,0.0,0.0,0.0,0.0,0.0,0.0,60.0,10.0,3.0,0.04,0.9,1.2,6.0,0.2,15.0,0.3,0.7,0.03,0.04,52.0,0.1,209.0,1.8,12.0,0.0,0.7,1.0,18.0,0.6,1.8,3.7,9.5,0.0,14.0,15.0,0.1,0.09,0.07,0.3,0.08,28.0,31.0,0.0,0.4,86.0,0.2
4.258,"Snails, canned",,4.3,https://www.matvaretabellen.no/en/snails-canned/,77.0,kcal,326.0,kJ,100.0,0.0,0.0,0.0,0.02,0.13,0.07,0.02,0.09,0.04,0.02,0.0,0.0,0.0,0.01,0.16,0.01,0.1,170.0,0.0,50.0,1.7,0.0,1.4,0.0,3.5,250.0,0.3,4.9,0.33,0.06,200.0,0.4,121.0,16.1,90.0,0.2,0.2,50.0,73.0,0.0,0.0,0.0,0.0,0.0,90.0,90.0,5.0,0.13,0.18,1.9,0.05,20.0,0.0,1.1,0.8,83.0,2.0
4.391,"Snow crab, boiled",Chionoecetes opilio,4.3,https://www.matvaretabellen.no/en/snow-crab-boiled/,57.0,kcal,241.0,kJ,,0.0,0.0,0.0,0.0,0.06,0.02,0.01,0.08,0.0,0.0,0.0,0.0,0.0,0.03,0.2,0.01,0.09,57.0,0.0,35.0,0.0,0.0,0.9,83.0,0.4,60.0,0.1,2.8,0.31,0.04,164.0,0.4,254.0,12.2,0.0,1.1,0.1,73.0,440.0,0.0,0.0,0.0,0.0,0.0,0.0,0.0,1.9,0.0,0.06,0.0,0.11,4.0,0.0,0.4,1.7,87.0,2.4
4.39,"Snow crab, raw",Chionoecetes opilio,4.3,https://www.matvaretabellen.no/en/snow-crab-raw/,71.0,kcal,302.0,kJ,,0.0,0.0,0.0,0.0,0.06,0.02,0.01,0.09,0.01,0.0,0.0,0.0,0.0,0.03,0.22,0.01,0.1,55.0,0.0,34.0,0.0,0.0,1.0,88.0,0.4,67.0,0.1,2.9,0.34,0.05,185.0,0.4,325.0,15.6,0.0,1.2,0.1,78.0,497.0,0.0,0.0,0.0,0.0,0.0,0.0,0.0,2.3,,0.08,0.0,0.15,6.0,0.0,0.5,1.8,83.0,2.3
4.392,"Snow crab, roasted",Chionoecetes opilio,4.3,https://www.matvaretabellen.no/en/snow-crab-roasted/,90.0,kcal,381.0,kJ,,0.0,0.0,0.0,0.0,0.08,0.02,0.01,0.11,0.01,0.0,0.0,0.0,0.0,0.04,0.27,0.01,0.12,73.0,0.0,45.0,0.0,0.0,1.2,117.0,0.5,81.0,0.1,3.6,0.42,0.06,222.0,0.5,369.0,19.8,0.0,1.4,0.1,104.0,564.0,0.0,0.0,0.0,0.0,0.0,0.0,0.0,2.8,0.0,0.09,0.0,0.18,7.0,0.0,0.6,2.2,79.0,3.1
9.111,Snowball,,7.2,https://www.matvaretabellen.no/en/snowball/,376.0,kcal,1580.610875,kJ,100.0,0.0,5.0,4.6,1.83,2.05,0.02,1.87,2.08,0.31,0.01,0.0,0.0,0.0,0.0,0.0,0.0,0.0,17.0,55.0,1.0,0.27,2.0,14.8,1.0,1.1,34.0,2.1,1.2,0.01,0.31,57.0,0.3,176.0,4.9,1.0,0.1,11.8,1.0,43.0,0.2,51.7,51.7,54.8,0.0,1.0,1.0,0.1,0.03,0.08,0.3,0.02,3.0,0.0,0.0,0.5,24.0,0.4
13.044,"Soda, Bitter Lemon",,9.4,https://www.matvaretabellen.no/en/soda-bitter-lemon/,44.0,kcal,187.0,kJ,100.0,0.0,0.0,0.0,0.0,0.0,0.0,0.0,0.0,0.0,0.0,0.0,0.0,0.0,0.0,0.0,0.0,0.0,0.0,11.0,0.0,0.0,0.0,0.0,0.0,0.0,1.0,0.0,0.0,0.0,0.0,0.0,0.0,1.0,0.0,0.0,0.0,0.0,0.0,9.0,0.0,10.6,10.6,11.0,0.0,0.0,0.0,0.0,0.0,0.0,0.0,0.0,0.0,1.0,0.0,0.0,89.0,0.0
13.043,"Soda, Tonic Water",,9.4,https://www.matvaretabellen.no/en/soda-tonic-water/,36.0,kcal,153.0,kJ,100.0,0.0,0.0,0.0,0.0,0.0,0.0,0.0,0.0,0.0,0.0,0.0,0.0,0.0,0.0,0.0,0.0,0.0,0.0,9.0,0.0,0.0,0.0,0.0,0.0,0.0,1.0,0.0,0.0,0.0,0.0,0.0,0.0,1.0,0.0,0.0,0.0,0.0,0.0,9.0,0.0,9.0,9.0,9.0,0.0,0.0,0.0,0.0,0.0,0.0,0.0,0.0,0.0,0.0,0.0,0.0,91.0,0.0
13.047,"Soft drinks, cola drinks, artificially sweetened",,9.4,https://www.matvaretabellen.no/en/soft-drinks-cola-drinks-artificially-sweetened/,0.0,kcal,0.0,kJ,100.0,0.0,0.0,0.0,0.0,0.0,0.0,0.0,0.0,0.0,0.0,0.0,0.0,0.0,0.0,0.0,0.0,0.0,3.0,0.0,0.0,0.0,0.0,0.0,0.0,0.0,1.0,0.0,0.0,0.0,0.0,9.0,0.0,2.0,0.0,0.0,0.0,0.0,0.0,8.0,0.0,0.0,0.0,0.0,0.0,0.0,0.0,0.0,0.0,0.0,0.0,0.0,0.0,0.0,0.0,0.0,100.0,0.0
13.045,"Soft drinks, cola, with sugar",,9.4,https://www.matvaretabellen.no/en/soft-drinks-cola-with-sugar/,42.0,kcal,180.0,kJ,100.0,0.0,0.0,0.0,0.0,0.0,0.0,0.0,0.0,0.0,0.0,0.0,0.0,0.0,0.0,0.0,0.0,0.0,2.0,10.6,0.0,0.0,0.0,0.0,0.0,0.0,0.0,0.0,0.0,0.0,0.0,15.0,0.0,0.0,0.0,0.0,0.0,0.0,0.0,2.0,0.0,10.6,10.6,10.6,0.0,0.0,0.0,0.0,0.0,0.0,0.0,0.0,0.0,0.0,0.0,0.0,89.0,0.0
13.048,"Soft drinks, with fruit juice, light, artificially sweetened",,9.4,https://www.matvaretabellen.no/en/soft-drinks-with-fruit-juice-light-artificially-sweetened/,1.0,kcal,3.0,kJ,100.0,0.0,1.0,0.0,0.0,0.0,0.0,0.0,0.0,0.0,0.0,0.0,0.0,0.0,0.0,0.0,0.0,0.0,2.0,0.2,0.0,0.0,0.0,0.0,0.0,0.0,0.0,0.0,0.0,0.0,0.0,0.0,0.0,11.0,0.0,0.0,0.0,0.0,0.0,8.0,0.0,0.0,0.8,0.2,0.0,0.0,0.0,0.0,0.0,0.0,0.0,0.0,0.0,1.0,0.0,0.0,100.0,0.0
13.046,"Soft drinks, with fruit juice, with sugar",,9.4,https://www.matvaretabellen.no/en/soft-drinks-with-fruit-juice-with-sugar/,38.0,kcal,163.0,kJ,100.0,0.0,1.0,0.0,0.0,0.0,0.0,0.0,0.0,0.0,0.0,0.0,0.0,0.0,0.0,0.0,0.0,0.0,2.0,9.6,0.0,0.0,0.0,0.0,0.0,0.0,0.0,0.0,0.0,0.0,0.0,0.0,0.0,8.0,0.0,0.0,0.0,0.0,0.0,0.0,0.0,10.0,10.0,9.6,0.0,0.0,0.0,0.0,0.0,0.0,0.0,0.0,0.0,1.0,0.0,0.0,90.0,0.0
5.224,Sorghum,Sorghum bicolor (L.) Moench,5.2,https://www.matvaretabellen.no/en/sorghum/,359.0,kcal,1521.3,kJ,100.0,0.0,0.0,0.0,0.0,0.48,0.01,0.05,0.97,1.31,0.06,0.0,0.0,0.0,0.0,0.0,0.0,0.0,28.0,69.8,0.0,0.53,3.0,3.3,2.0,4.4,162.0,1.1,2.2,0.06,1.31,287.0,1.4,350.0,11.0,0.0,0.0,0.4,5.0,3.0,69.5,0.0,0.0,0.3,0.0,0.0,0.0,0.0,0.38,0.15,0.4,0.75,27.0,0.0,0.0,0.8,13.0,2.0
13.126,Soy based beverage,,9.5,https://www.matvaretabellen.no/en/soy-based-beverage/,28.0,kcal,119.0,kJ,100.0,0.0,0.0,0.0,0.0,0.19,0.0,0.07,0.36,0.96,0.13,0.0,0.0,0.0,0.0,0.0,0.0,0.0,150.0,1.5,0.0,0.11,0.0,0.9,0.6,0.4,19.0,0.4,0.6,0.14,0.96,140.0,1.1,290.0,3.5,0.0,0.1,0.3,1.0,26.0,0.0,1.4,1.4,1.5,0.0,0.0,0.0,0.3,0.02,0.23,0.0,0.02,19.0,0.0,0.5,0.2,94.0,0.3
13.066,"Soy based beverage, sweetened, with calcium and vitamins (vit B2, vit B12, vit D)",Glycine max (L.) Merr.,9.5,https://www.matvaretabellen.no/en/soy-based-beverage-sweetened-with-calcium-and-vitamins-vit-b2-vit-b12-vit-d/,24.0,kcal,104.0,kJ,100.0,0.0,0.0,0.0,0.0,0.18,0.0,0.07,0.34,0.91,0.13,0.0,0.0,0.0,0.0,0.0,0.0,0.0,150.0,2.8,0.0,,0.0,0.0,0.0,0.4,18.0,0.3,0.6,0.13,0.91,130.0,1.0,290.0,3.3,0.0,0.0,0.3,1.0,18.0,0.0,2.8,2.8,2.8,0.0,0.0,0.0,0.3,0.01,0.24,0.0,0.02,21.0,0.0,0.5,0.2,94.0,0.3
13.067,"Soy based beverage, with calcium og vitamins (vit B2, vit B12, vit D)",Glycine max (L.) Merr.,9.5,https://www.matvaretabellen.no/en/soy-based-beverage-with-calcium-og-vitamins-vit-b2-vit-b12-vit-d/,32.0,kcal,136.0,kJ,100.0,0.0,0.0,0.0,0.0,0.2,0.0,0.07,0.38,1.01,0.14,0.0,0.0,0.0,0.0,0.0,0.0,0.0,150.0,0.3,0.0,,0.0,1.8,1.0,0.4,19.0,0.4,0.6,0.15,1.01,150.0,1.2,290.0,3.7,0.0,0.1,0.3,1.0,33.0,0.0,0.0,0.0,0.3,0.0,0.0,0.0,0.3,0.03,0.22,0.0,0.03,17.0,0.0,,0.2,94.0,0.3
6.087,Soy flour,Glycine max (L.) Merr.,5.1,https://www.matvaretabellen.no/en/soy-flour/,450.0,kcal,1873.8,kJ,100.0,0.0,0.0,0.0,0.05,1.98,0.05,0.67,3.75,10.06,1.34,0.0,0.0,0.0,0.0,0.0,0.0,0.0,182.0,18.7,0.0,1.31,18.0,22.4,2.0,8.4,245.0,3.8,7.6,1.51,11.29,668.0,11.4,1867.0,34.3,0.0,0.0,2.7,7.0,1.0,12.3,0.0,0.0,6.4,0.0,0.0,0.0,0.0,0.38,0.26,1.9,0.4,245.0,0.0,0.0,4.3,7.0,4.1
6.196,"Soy flour, low-fat",Glycine max (L.) Merr.,5.1,https://www.matvaretabellen.no/en/soy-flour-low-fat/,369.0,kcal,1550.57,kJ,100.0,0.0,24.0,0.0,0.0,0.89,0.0,0.36,1.45,3.66,0.56,0.0,0.0,0.0,0.0,0.0,0.0,0.0,285.0,14.5,0.0,1.6,16.0,8.9,,8.2,285.0,1.5,11.3,0.56,3.66,675.0,4.2,2090.0,49.8,0.0,0.0,1.3,59.0,9.0,5.2,0.0,0.0,9.3,0.0,2.0,4.0,0.0,1.09,0.28,3.0,1.05,289.0,0.0,0.0,0.6,11.0,4.1
10.126,Soy sauce,Glycine max (L.) Merr.,10.11,https://www.matvaretabellen.no/en/soy-sauce/,84.0,kcal,355.0,kJ,100.0,0.0,0.0,0.0,0.0,0.0,0.0,0.0,0.0,0.0,0.0,0.0,0.0,0.0,0.0,0.0,0.0,0.0,17.0,17.9,0.0,0.01,0.0,0.0,,2.4,37.0,0.0,3.9,0.0,0.0,47.0,0.0,180.0,3.0,0.0,16.9,0.0,1.0,6760.0,1.5,0.0,0.0,16.4,0.0,0.0,0.0,0.0,0.05,0.13,3.4,0.15,11.0,0.0,0.0,0.0,79.0,0.2
10.217,"Soy sauce, sweet",Glycine max (L.) Merr.,10.11,https://www.matvaretabellen.no/en/soy-sauce-sweet/,190.0,kcal,805.0,kJ,100.0,0.0,8.0,0.1,0.0,0.4,0.0,0.1,0.4,0.3,0.0,0.0,0.0,0.0,0.0,0.0,0.0,0.0,111.0,38.5,0.0,0.01,0.0,2.1,7.0,4.5,141.0,0.4,2.2,0.0,0.3,62.0,0.4,412.0,4.3,4.0,7.0,0.7,8.0,2780.0,4.0,34.0,34.0,34.5,0.0,5.0,5.0,0.1,0.01,0.08,1.5,0.35,31.0,0.0,0.0,0.1,55.0,0.4
6.737,"Soya protein, textured",,10.6,https://www.matvaretabellen.no/en/soya-protein-textured/,273.0,kcal,1152.4,kJ,100.0,0.0,0.0,0.0,0.01,0.49,0.01,0.17,1.01,2.3,0.31,0.0,0.0,0.0,0.0,0.0,0.0,0.0,240.0,10.2,0.0,0.87,6.0,5.4,2.0,9.0,270.0,1.0,9.0,0.31,2.3,570.0,2.6,2160.0,43.2,0.0,11.1,0.7,1.0,4420.0,5.1,0.0,0.0,5.1,0.0,0.0,0.0,0.0,0.54,0.42,1.8,0.51,35.0,1.0,0.0,0.0,36.0,4.4
5.495,Spelt flour,Triticum spelta L. ,5.1,https://www.matvaretabellen.no/en/spelt-flour/,346.0,kcal,1466.545,kJ,100.0,0.0,0.0,0.0,0.0,0.24,0.0,0.0,0.24,0.83,0.04,0.0,0.0,0.0,0.0,0.0,0.0,0.0,21.0,66.2,0.0,0.19,4.0,1.7,0.0,1.3,39.0,0.3,3.7,0.04,0.83,153.0,0.9,188.0,14.3,0.0,0.0,0.3,3.0,0.0,65.9,0.0,0.0,0.3,0.0,0.0,0.0,0.0,0.31,0.04,1.3,0.11,28.0,3.0,0.0,0.5,13.0,1.2
6.211,"Spinach, baby leaf",Spinacia oleracea L.,6.2,https://www.matvaretabellen.no/en/spinach-baby-leaf/,37.0,kcal,150.0,kJ,100.0,0.0,3030.0,0.0,0.0,0.0,0.0,0.0,0.0,0.0,0.0,0.0,0.0,0.0,0.0,0.0,0.0,0.0,70.0,0.0,0.0,0.21,13.0,0.0,0.0,1.5,72.0,0.0,0.7,0.0,0.0,37.0,0.0,705.0,2.5,0.0,0.1,0.0,0.0,31.0,0.0,0.0,0.0,0.0,0.0,253.0,505.0,0.0,0.0,0.17,0.3,0.15,107.0,0.0,0.0,1.8,84.0,0.2
6.254,"Spinach, creamed",,6.6,https://www.matvaretabellen.no/en/spinach-creamed/,131.0,kcal,541.0,kJ,100.0,0.0,2372.0,0.33,1.14,3.15,0.26,1.15,2.26,0.17,0.09,0.0,0.0,0.0,0.0,0.0,0.0,0.0,88.0,1.9,27.0,0.16,5.0,11.3,6.0,1.1,51.0,2.7,0.9,0.09,0.06,58.0,0.3,432.0,2.9,132.0,1.0,7.1,1.0,410.0,0.2,0.0,0.0,1.7,0.3,330.0,527.0,0.1,0.04,0.16,0.3,0.14,66.0,7.0,0.0,1.4,79.0,0.4
6.065,"Spinach, frozen",Spinacia oleracea L.,6.2,https://www.matvaretabellen.no/en/spinach-frozen/,19.0,kcal,80.0,kJ,100.0,0.0,3220.0,0.0,0.0,0.04,0.0,0.0,0.0,0.0,0.08,0.0,0.0,0.0,0.0,0.0,0.0,0.0,112.0,0.2,0.0,0.07,2.0,0.6,0.0,0.9,30.0,0.0,0.6,0.08,0.0,28.0,0.3,308.0,2.2,0.0,0.1,0.1,0.0,32.0,0.1,0.0,0.0,0.1,0.0,268.0,536.0,0.0,0.0,0.09,0.2,0.06,44.0,0.0,0.0,1.5,95.0,0.8
6.064,"Spinach, raw",Spinacia oleracea L.,6.2,https://www.matvaretabellen.no/en/spinach-raw/,22.0,kcal,93.0,kJ,70.0,0.0,4540.0,0.0,0.01,0.05,0.01,0.0,0.01,0.03,0.14,0.0,0.0,0.0,0.0,0.0,0.0,0.0,83.0,0.3,0.0,0.23,2.0,0.4,3.0,2.1,95.0,0.0,1.2,0.14,0.03,45.0,0.3,730.0,3.3,0.0,0.3,0.1,0.0,100.0,0.0,0.0,0.0,0.3,0.0,378.0,756.0,0.0,0.11,0.17,0.6,0.28,202.0,37.0,0.0,1.9,94.0,0.9
6.253,"Spinach, steamed",Spinacia oleracea L.,6.2,https://www.matvaretabellen.no/en/spinach-steamed/,113.0,kcal,465.0,kJ,100.0,0.0,3719.0,0.19,0.65,2.05,0.17,0.73,2.57,0.23,0.11,0.0,0.0,0.0,0.0,0.0,0.0,0.0,88.0,1.6,16.0,0.25,9.0,8.4,4.0,2.1,92.0,2.8,1.1,0.11,0.17,55.0,0.4,784.0,3.4,29.0,1.2,4.4,0.0,465.0,0.6,0.0,0.0,1.0,0.2,339.0,648.0,0.0,0.06,0.18,0.5,0.23,115.0,17.0,0.8,2.1,78.0,0.7
13.012,"Spirits, 40 vol-% alcohol",,9.3,https://www.matvaretabellen.no/en/spirits-40-vol-alcohol/,126.0,kcal,524.0,kJ,100.0,16.8,0.0,0.0,0.0,0.0,0.0,0.0,0.0,0.0,0.0,0.0,0.0,0.0,0.0,0.0,0.0,0.0,0.0,2.1,0.0,0.0,0.0,0.0,0.0,0.0,0.0,0.0,0.0,0.0,0.0,0.0,0.0,0.0,0.0,0.0,0.0,0.0,0.0,0.0,0.0,2.1,2.1,2.1,0.0,0.0,0.0,0.0,0.0,0.0,0.0,0.0,0.0,0.0,0.0,0.0,81.0,0.0
13.011,"Spirits, 60 vol-% alcohol",,9.3,https://www.matvaretabellen.no/en/spirits-60-vol-alcohol/,369.0,kcal,1529.663,kJ,100.0,52.7,0.0,0.0,0.0,0.0,0.0,0.0,0.0,0.0,0.0,0.0,0.0,0.0,0.0,0.0,0.0,0.0,0.0,0.0,0.0,0.0,0.0,0.0,0.0,0.0,0.0,0.0,0.0,0.0,0.0,0.0,0.0,0.0,0.0,0.0,0.0,0.0,0.0,0.0,0.0,0.0,0.0,0.0,0.0,0.0,0.0,0.0,0.0,0.0,0.0,0.0,0.0,0.0,0.0,0.0,47.0,0.0
4.322,"Sprat in oil, drained, canned","Sprattus sprattus (Linnaeus, 1758)",4.4,https://www.matvaretabellen.no/en/sprat-in-oil-drained-canned/,261.0,kcal,1085.165,kJ,100.0,0.0,6.0,0.0,0.92,3.03,0.78,0.64,4.13,3.95,0.1,0.02,0.02,0.08,0.06,1.02,0.12,1.54,293.0,0.0,92.0,0.09,0.0,20.9,9.0,1.7,42.0,10.3,8.5,3.29,4.01,422.0,4.9,263.0,18.3,28.0,0.9,4.7,19.0,341.0,0.0,0.0,0.0,0.0,0.0,29.0,29.0,7.8,0.0,0.29,5.1,0.16,8.0,0.0,8.9,1.9,61.0,1.8
4.321,"Sprat in tomato sauce, canned","Sprattus sprattus (Linnaeus, 1758)",4.4,https://www.matvaretabellen.no/en/sprat-in-tomato-sauce-canned/,203.0,kcal,845.0,kJ,100.0,0.0,661.0,0.0,0.85,2.23,0.79,0.29,2.14,0.53,0.15,0.01,0.01,0.09,0.05,1.0,0.12,1.57,177.0,2.7,93.0,0.08,0.0,14.7,10.0,1.5,29.0,4.9,7.2,3.35,0.61,221.0,4.3,274.0,15.0,81.0,0.7,3.7,13.0,265.0,0.0,2.0,2.0,2.7,0.0,136.0,191.0,7.3,0.0,0.33,4.4,0.2,31.0,0.0,14.5,3.0,68.0,1.6
4.003,"Sprat, raw","Sprattus sprattus (Linnaeus, 1758)",4.1.1,https://www.matvaretabellen.no/en/sprat-raw/,208.0,kcal,862.0,kJ,,0.0,0.0,0.0,0.76,3.28,0.89,0.39,4.69,0.5,0.39,0.0,0.0,0.06,0.1,0.93,0.08,1.63,47.0,0.0,57.0,0.05,0.0,17.6,6.0,0.8,16.0,6.8,7.0,3.36,0.78,120.0,4.1,209.0,12.4,150.0,0.2,4.4,10.0,68.0,0.0,0.0,0.0,0.0,0.0,150.0,150.0,7.0,0.08,0.15,4.7,0.2,9.0,0.0,18.7,1.2,70.0,0.9
5.17,"Squash seeds, pumpkin seeds",Cucurbita pepo L.,14.1,https://www.matvaretabellen.no/en/squash-seeds-pumpkin-seeds/,585.0,kcal,2424.6,kJ,100.0,0.0,0.0,0.0,0.0,4.95,0.05,2.5,13.49,19.83,0.1,0.0,0.0,0.07,0.0,0.0,0.0,0.0,73.0,2.0,0.0,1.2,9.0,45.9,0.0,7.4,460.0,13.5,8.8,0.1,19.83,1040.0,19.9,790.0,36.3,0.0,0.1,7.6,11.0,20.0,0.7,0.0,0.0,1.3,0.0,0.0,0.0,0.0,0.29,0.16,2.7,0.1,129.0,2.0,0.0,2.0,6.0,5.0
6.085,"Squash, zucchini, raw",Cucurbita pepo L.,6.2,https://www.matvaretabellen.no/en/squash-zucchini-raw/,17.0,kcal,73.0,kJ,88.0,0.0,213.0,0.0,0.0,0.02,0.0,0.0,0.01,0.02,0.03,0.0,0.0,0.0,0.0,0.0,0.0,0.0,20.0,2.2,0.0,0.06,1.0,0.1,0.0,0.3,19.0,0.0,0.5,0.03,0.02,38.0,0.0,248.0,1.3,0.0,0.0,0.0,0.0,0.0,0.0,0.0,0.0,2.2,0.0,18.0,35.0,0.0,0.0,0.04,0.3,0.06,17.0,0.0,0.0,0.5,95.0,0.3
4.313,"Squid, battered, pre-fried, fried in fat","Todarodes sagittatus (Lamarck, 1798)",4.3,https://www.matvaretabellen.no/en/squid-battered-pre-fried-fried-in-fat/,301.0,kcal,1260.6169889130265,kJ,100.0,0.0,13.0,0.3,0.27,1.44,0.05,0.76,5.47,5.19,0.35,0.0,0.0,0.0,0.0,0.08,0.0,0.19,41.0,28.8,113.0,0.5,1.0,15.6,25.0,0.5,24.0,5.6,4.1,0.64,5.17,302.0,5.8,167.0,10.8,32.0,2.0,3.3,33.0,809.0,27.4,1.2,1.2,1.4,0.0,33.0,34.0,1.3,0.1,0.07,1.8,0.3,9.0,0.0,0.7,4.7,43.0,0.9
4.208,"Squid, battered, pre-fried, frozen","Todarodes sagittatus (Lamarck, 1798)",4.3,https://www.matvaretabellen.no/en/squid-battered-pre-fried-frozen/,197.0,kcal,829.0,kJ,100.0,0.0,0.0,0.0,0.02,0.5,0.0,0.21,1.66,3.4,0.03,0.0,0.0,0.0,0.0,0.07,0.0,0.17,34.0,24.3,93.0,0.44,1.0,6.6,20.0,0.5,22.0,1.7,3.4,0.29,3.4,283.0,3.7,166.0,9.6,6.0,1.9,0.8,27.0,773.0,23.1,1.0,1.0,1.1,0.0,6.0,6.0,1.2,0.11,0.06,1.7,0.31,10.0,0.0,0.0,4.0,58.0,0.7
4.302,"Squid, boiled","Todarodes sagittatus (Lamarck, 1798)",4.3,https://www.matvaretabellen.no/en/squid-boiled/,117.0,kcal,492.0,kJ,78.0,0.0,0.0,0.0,0.07,0.54,0.02,0.12,0.1,0.0,0.01,0.0,0.0,0.01,0.01,0.3,0.01,0.71,25.0,0.0,441.0,1.73,0.0,2.9,88.0,0.8,47.0,0.3,12.2,1.04,0.01,317.0,1.0,412.0,22.6,24.0,0.5,0.7,116.0,183.0,0.0,0.0,0.0,0.0,0.0,24.0,24.0,4.7,0.15,0.16,4.7,0.95,18.0,0.0,0.0,2.1,75.0,2.2
4.262,"Squid, raw","Todarodes sagittatus (Lamarck, 1798)",4.3,https://www.matvaretabellen.no/en/squid-raw/,77.0,kcal,325.0,kJ,78.0,0.0,0.0,0.0,0.04,0.32,0.01,0.07,0.06,0.0,0.0,0.0,0.0,0.01,0.01,0.18,0.0,0.41,13.0,0.0,225.0,0.98,0.0,1.7,50.0,0.5,28.0,0.2,6.2,0.61,0.01,190.0,0.6,280.0,15.4,15.0,0.3,0.4,66.0,110.0,0.0,0.0,0.0,0.0,0.0,15.0,15.0,3.0,0.1,0.12,3.4,0.69,13.0,0.0,0.0,1.2,83.0,1.1
9.136,"Steamed salmon with herb sauce, carrots and potatoes, Fjordland",,4.2,https://www.matvaretabellen.no/en/steamed-salmon-with-herb-sauce-carrots-and-potatoes-fjordland/,99.0,kcal,413.0,kJ,100.0,0.0,763.0,0.01,0.09,0.41,0.1,0.12,1.69,0.57,0.24,0.0,0.01,0.03,0.03,0.11,0.05,0.17,41.0,8.1,30.0,0.06,0.9,4.2,5.0,0.3,21.0,2.0,4.7,0.63,0.65,113.0,1.3,322.0,6.7,7.0,0.2,0.7,6.0,97.0,5.9,0.0,0.0,2.3,0.0,71.0,134.0,1.6,0.06,0.07,2.4,0.18,9.0,3.0,1.8,0.4,80.0,0.3
12.004,"Stock, meat, from cube, prepared",,10.11,https://www.matvaretabellen.no/en/stock-meat-from-cube-prepared/,3.0,kcal,12.0,kJ,100.0,0.0,0.0,0.0,0.0,0.02,0.0,0.02,0.03,0.0,0.0,0.0,0.0,0.0,0.0,0.0,0.0,0.0,1.0,0.2,0.0,0.0,0.0,0.1,8.0,0.0,2.0,0.0,0.0,0.0,0.0,0.0,0.0,30.0,0.3,0.0,1.1,0.0,0.0,440.0,0.0,0.1,0.1,0.2,0.0,0.0,0.0,0.0,0.0,0.02,0.0,0.0,0.0,0.0,0.0,0.0,99.0,0.0
4.041,"Stockfish, dried fish",,4.1.2,https://www.matvaretabellen.no/en/stockfish-dried-fish/,327.0,kcal,1386.3,kJ,,0.0,0.0,0.0,0.02,0.22,0.02,0.06,0.18,0.01,0.0,0.0,0.0,0.01,0.03,0.14,0.02,0.38,160.0,0.0,152.0,0.18,0.0,1.4,155.0,2.5,8.0,0.2,21.9,0.0,0.04,950.0,0.8,,78.5,0.0,0.1,0.2,25.0,35.0,0.0,0.0,0.0,0.0,0.0,0.0,0.0,10.0,0.01,0.24,7.5,0.02,0.0,0.0,0.4,0.1,20.0,0.4
6.84,"Strawberries, frozen",Fragaria ˣananassa Duchesne,13.1,https://www.matvaretabellen.no/en/strawberries-frozen/,26.0,kcal,110.0,kJ,100.0,0.0,6.0,0.0,0.0,0.0,0.0,0.0,0.0,0.0,0.0,0.0,0.0,0.0,0.0,0.0,0.0,0.0,17.0,5.7,0.0,0.03,2.0,0.0,0.0,0.3,12.0,0.0,0.3,0.0,0.0,19.0,0.0,135.0,0.0,0.0,0.0,0.0,0.0,1.0,0.0,0.0,0.0,5.7,0.0,1.0,1.0,0.0,0.0,0.02,0.3,0.04,9.0,39.0,0.0,0.5,93.0,0.1
6.588,"Strawberries, frozen, 100 g sugar/kg berries",Fragaria ˣananassa Duchesne,13.3,https://www.matvaretabellen.no/en/strawberries-frozen-100-g-sugar-kg-berries/,72.0,kcal,304.0,kJ,100.0,0.0,9.0,0.0,0.0,0.01,0.0,0.0,0.04,0.09,0.06,0.0,0.0,0.0,0.0,0.0,0.0,0.0,20.0,15.9,0.0,0.05,2.0,0.2,0.9,0.3,14.0,0.0,0.5,0.06,0.09,30.0,0.2,183.0,0.5,0.0,0.0,0.0,0.0,1.0,0.0,9.1,9.1,15.9,0.0,1.0,1.0,0.0,0.02,0.02,0.4,0.07,30.0,57.0,0.0,0.8,81.0,0.1
6.505,"Strawberries, frozen, 250 g sugar/kg berries",Fragaria ˣananassa Duchesne,13.3,https://www.matvaretabellen.no/en/strawberries-frozen-250-g-sugar-kg-berries/,111.0,kcal,471.0,kJ,100.0,0.0,8.0,0.0,0.0,0.01,0.0,0.0,0.04,0.08,0.06,0.0,0.0,0.0,0.0,0.0,0.0,0.0,17.0,26.0,0.0,0.04,2.0,0.2,0.8,0.3,13.0,0.0,0.4,0.06,0.08,26.0,0.2,162.0,0.5,0.0,0.0,0.0,0.0,1.0,0.0,20.0,20.0,26.0,0.0,1.0,1.0,0.0,0.01,0.02,0.3,0.06,27.0,50.0,0.0,0.7,72.0,0.1
6.504,"Strawberries, raw",Fragaria ˣananassa Duchesne,13.1,https://www.matvaretabellen.no/en/strawberries-raw/,34.0,kcal,144.0,kJ,98.0,0.0,10.0,0.0,0.0,0.01,0.0,0.0,0.04,0.08,0.06,0.0,0.0,0.0,0.0,0.0,0.0,0.0,20.0,6.6,0.0,0.05,2.0,0.2,0.9,0.3,14.0,0.0,0.5,0.06,0.09,29.0,0.2,197.0,0.5,0.0,0.0,0.0,0.0,1.0,0.0,0.0,0.0,6.6,0.0,1.0,1.0,0.0,0.02,0.02,0.4,0.07,49.0,69.0,0.0,0.7,91.0,0.1
6.808,Strawberry jam,,13.3,https://www.matvaretabellen.no/en/strawberry-jam/,174.0,kcal,738.0,kJ,100.0,0.0,3.0,0.0,0.0,0.0,0.0,0.0,0.02,0.03,0.02,0.0,0.0,0.0,0.0,0.0,0.0,0.0,8.0,42.6,0.0,0.02,0.8,0.1,0.4,0.1,6.0,0.0,0.2,0.02,0.03,12.0,0.1,72.0,0.2,0.0,0.0,0.0,0.0,0.0,0.0,40.0,40.0,42.6,0.0,0.0,0.0,0.0,0.01,0.01,0.1,0.03,12.0,22.0,0.0,0.3,56.0,0.0
6.805,"Strawberry jam, frozen",,13.3,https://www.matvaretabellen.no/en/strawberry-jam-frozen/,107.0,kcal,455.0,kJ,100.0,0.0,8.0,0.0,0.0,0.01,0.0,0.0,0.03,0.07,0.05,0.0,0.0,0.0,0.0,0.0,0.0,0.0,16.0,25.3,0.0,0.04,2.0,0.2,0.7,0.2,11.0,0.0,0.4,0.05,0.07,23.0,0.1,158.0,0.4,0.0,0.0,0.0,0.0,1.0,0.0,20.0,20.0,25.3,0.0,1.0,1.0,0.0,0.02,0.02,0.3,0.06,39.0,55.0,0.0,0.6,73.0,0.1
6.806,"Strawberry jam, with less sugar",,13.3,https://www.matvaretabellen.no/en/strawberry-jam-with-less-sugar/,118.0,kcal,503.0,kJ,100.0,0.0,5.0,0.0,0.0,0.01,0.0,0.0,0.02,0.05,0.03,0.0,0.0,0.0,0.0,0.0,0.0,0.0,10.0,28.6,0.0,0.03,1.0,0.1,0.5,0.2,8.0,0.0,0.3,0.03,0.05,16.0,0.1,96.0,0.3,0.0,0.0,0.0,0.0,1.0,0.0,25.0,25.0,28.6,0.0,0.0,0.0,0.0,0.01,0.01,0.2,0.04,16.0,30.0,0.0,0.4,70.0,0.1
6.807,"Strawberry jam, without added sugar",,13.3,https://www.matvaretabellen.no/en/strawberry-jam-without-added-sugar/,27.0,kcal,115.0,kJ,100.0,0.0,7.0,0.0,0.0,0.01,0.0,0.0,0.03,0.07,0.05,0.0,0.0,0.0,0.0,0.0,0.0,0.0,15.0,5.3,0.0,0.04,2.0,0.2,0.7,0.2,11.0,0.0,0.4,0.05,0.07,23.0,0.1,142.0,0.4,0.0,0.0,0.0,0.0,1.0,0.0,0.0,0.0,5.3,0.0,1.0,1.0,0.0,0.01,0.02,0.3,0.05,24.0,44.0,0.0,0.6,93.0,0.1
10.199,Strawberry mousse,,7.3,https://www.matvaretabellen.no/en/strawberry-mousse/,186.0,kcal,773.0,kJ,100.0,0.0,83.0,0.4,1.33,3.77,0.31,1.38,2.73,0.22,0.08,0.0,0.0,0.0,0.0,0.0,0.0,0.0,47.0,13.6,33.0,0.05,0.9,13.4,5.0,0.2,8.0,3.2,0.7,0.08,0.09,53.0,0.4,107.0,2.3,120.0,0.1,8.4,1.0,21.0,0.0,9.3,9.3,13.6,0.4,127.0,133.0,0.2,0.01,0.1,0.2,0.03,22.0,31.0,0.0,0.3,70.0,0.1
9.001,"Sugar, brown",,7.1,https://www.matvaretabellen.no/en/sugar-brown/,376.0,kcal,1598.0,kJ,100.0,0.0,0.0,0.0,0.0,0.0,0.0,0.0,0.0,0.0,0.0,0.0,0.0,0.0,0.0,0.0,0.0,0.0,185.0,94.0,0.0,0.05,0.0,0.0,0.0,0.7,28.0,0.0,0.0,0.0,0.0,1.0,0.0,320.0,0.0,0.0,0.1,0.0,0.0,55.0,0.0,94.0,94.0,94.0,0.0,0.0,0.0,0.0,0.0,0.03,0.0,0.0,0.0,0.0,0.0,0.0,6.0,0.0
9.002,"Sugar, white, caster sugar, cube sugar",,7.1,https://www.matvaretabellen.no/en/sugar-white-caster-sugar-cube-sugar/,400.0,kcal,1700.0,kJ,100.0,0.0,0.0,0.0,0.0,0.0,0.0,0.0,0.0,0.0,0.0,0.0,0.0,0.0,0.0,0.0,0.0,0.0,0.0,100.0,0.0,0.01,0.0,0.0,0.0,0.0,0.0,0.0,0.0,0.0,0.0,0.0,0.0,2.0,0.0,0.0,0.0,0.0,0.0,0.0,0.0,100.0,100.0,100.0,0.0,0.0,0.0,0.0,0.0,0.0,0.0,0.0,0.0,0.0,0.0,0.0,0.0,0.0
5.126,Sunflower seeds,Helianthus annuus L.,14.1,https://www.matvaretabellen.no/en/sunflower-seeds/,621.0,kcal,2564.89,kJ,100.0,0.0,0.0,0.0,0.0,2.92,0.02,1.88,19.82,23.53,0.0,0.0,0.0,0.0,0.0,0.0,0.0,0.0,88.0,3.6,0.0,1.8,10.0,54.4,0.0,4.9,320.0,19.8,6.9,0.0,23.53,670.0,23.5,755.0,24.2,0.0,0.0,5.4,10.0,0.0,0.2,0.0,0.0,3.4,0.0,0.0,0.0,0.0,1.31,0.2,2.9,0.57,151.0,0.0,0.0,36.9,8.0,4.7
4.366,"Surimi, LobNobs",,4.4,https://www.matvaretabellen.no/en/surimi-lobnobs/,84.0,kcal,358.0,kJ,100.0,0.0,0.0,0.0,0.01,0.07,0.01,0.03,0.14,0.07,0.01,0.0,0.0,0.01,0.0,0.03,0.0,0.08,8.0,9.5,,0.02,0.0,0.5,0.0,0.1,21.0,0.2,1.9,0.13,0.09,590.0,0.2,290.0,10.4,0.0,2.1,0.1,0.0,820.0,7.6,1.9,1.9,1.9,0.0,0.0,0.0,0.1,0.02,0.06,0.0,0.01,4.0,0.0,2.0,0.4,80.0,0.3
4.368,"Sushi, maki, California",,4.2,https://www.matvaretabellen.no/en/sushi-maki-california/,112.0,kcal,474.0,kJ,100.0,0.0,19.0,0.0,0.0,0.28,0.08,0.01,1.08,0.25,0.02,0.0,0.0,0.0,0.0,0.01,0.01,0.03,22.0,19.1,7.0,0.09,0.5,2.0,69.0,0.2,11.0,1.1,1.7,0.07,0.26,57.0,0.4,283.0,4.2,1.0,0.5,0.3,4.0,193.0,18.2,0.6,0.6,0.9,0.0,3.0,4.0,0.4,0.03,0.04,0.7,0.16,7.0,3.0,0.1,0.3,74.0,0.5
6.786,"Sushi, maki, avocado, vegetarian",,10.6,https://www.matvaretabellen.no/en/sushi-maki-avocado-vegetarian/,108.0,kcal,455.0,kJ,100.0,0.0,30.0,0.0,0.0,0.49,0.15,0.01,2.02,0.4,0.03,0.0,0.0,0.0,0.0,0.0,0.0,0.0,22.0,17.0,0.0,0.1,0.8,3.3,46.0,0.2,10.0,2.1,0.9,0.04,0.41,33.0,0.5,293.0,2.2,0.0,0.2,0.6,0.0,64.0,16.6,0.0,0.0,0.5,0.0,3.0,5.0,0.0,0.03,0.03,0.5,0.13,9.0,4.0,0.0,0.4,77.0,0.4
4.338,"Sushi, maki, halibut, Atlantic",,4.2,https://www.matvaretabellen.no/en/sushi-maki-halibut-atlantic/,110.0,kcal,465.0,kJ,100.0,0.0,19.0,0.0,0.02,0.34,0.13,0.03,1.17,0.23,0.02,0.0,0.0,0.0,0.01,0.05,0.01,0.06,20.0,16.9,10.0,0.09,0.5,2.4,48.0,0.2,11.0,1.4,2.3,0.16,0.24,61.0,0.4,304.0,5.0,2.0,0.2,0.4,7.0,72.0,16.6,0.0,0.0,0.3,0.0,3.0,5.0,0.2,0.03,0.04,1.4,0.18,7.0,3.0,1.0,0.4,75.0,0.5
6.785,"Sushi, maki, mango, vegetar",,10.6,https://www.matvaretabellen.no/en/sushi-maki-mango-vegetar/,100.0,kcal,423.0,kJ,100.0,0.0,65.0,0.0,0.0,0.27,0.09,0.01,1.04,0.22,0.03,0.0,0.0,0.0,0.0,0.0,0.0,0.0,21.0,18.6,0.0,0.09,0.8,1.8,47.0,0.2,8.0,1.1,0.8,0.03,0.22,28.0,0.3,255.0,2.0,0.0,0.2,0.3,0.0,63.0,16.6,0.0,0.0,2.0,0.0,5.0,10.0,0.0,0.02,0.03,0.4,0.11,10.0,7.0,0.0,0.3,77.0,0.4
4.337,"Sushi, maki, salmon",,4.2,https://www.matvaretabellen.no/en/sushi-maki-salmon/,128.0,kcal,537.0,kJ,100.0,0.0,19.0,0.0,0.05,0.49,0.14,0.07,2.07,0.57,0.17,0.0,0.01,0.02,0.02,0.08,0.03,0.11,20.0,16.9,13.0,0.09,0.5,4.3,45.0,0.2,11.0,2.3,2.5,0.44,0.63,63.0,1.1,303.0,5.2,4.0,0.2,0.7,3.0,71.0,16.6,0.0,0.0,0.3,0.0,6.0,7.0,0.9,0.04,0.04,1.5,0.19,6.0,3.0,1.1,0.4,73.0,0.4
4.37,"Sushi, maki, scampi",,4.2,https://www.matvaretabellen.no/en/sushi-maki-scampi/,105.0,kcal,445.0,kJ,100.0,0.0,19.0,0.0,0.0,0.29,0.09,0.01,1.06,0.22,0.02,0.0,0.0,0.0,0.0,0.03,0.0,0.02,32.0,16.9,25.0,0.12,0.5,2.0,52.0,0.2,14.0,1.1,1.4,0.08,0.23,54.0,0.3,257.0,4.6,0.0,0.3,0.3,5.0,135.0,16.6,0.0,0.0,0.3,0.0,2.0,3.0,0.3,0.02,0.03,0.4,0.26,7.0,3.0,0.1,0.8,76.0,0.6
4.369,"Sushi, maki, tempura",,4.2,https://www.matvaretabellen.no/en/sushi-maki-tempura/,128.0,kcal,540.0,kJ,100.0,0.0,19.0,0.0,0.0,0.49,0.09,0.12,2.08,0.35,0.03,0.0,0.0,0.0,0.0,0.0,0.0,0.0,25.0,19.9,18.0,0.11,0.6,3.3,52.0,0.3,12.0,1.7,1.4,0.04,0.35,39.0,0.5,258.0,4.4,0.0,0.3,0.9,13.0,111.0,19.5,0.0,0.0,0.4,0.0,2.0,3.0,0.3,0.04,0.03,0.6,0.12,6.0,3.0,0.3,0.4,72.0,0.5
6.787,"Sushi, maki, tofu, vegetarian",,10.6,https://www.matvaretabellen.no/en/sushi-maki-tofu-vegetarian/,103.0,kcal,434.0,kJ,100.0,0.0,20.0,0.0,0.0,0.33,0.08,0.04,1.15,0.52,0.06,0.0,0.0,0.0,0.0,0.0,0.0,0.0,33.0,17.0,0.0,0.11,0.5,2.4,47.0,0.3,27.0,1.2,0.9,0.07,0.53,44.0,0.6,253.0,3.0,0.0,0.2,0.4,1.0,73.0,16.6,0.0,0.0,0.4,0.0,2.0,3.0,0.0,0.03,0.03,0.3,0.11,7.0,3.0,0.0,0.2,77.0,0.5
4.339,"Sushi, maki, tuna",,4.2,https://www.matvaretabellen.no/en/sushi-maki-tuna/,109.0,kcal,460.0,kJ,100.0,0.0,19.0,0.0,0.0,0.29,0.08,0.02,1.05,0.22,0.02,0.0,0.0,0.0,0.0,0.01,0.0,0.04,21.0,16.9,7.0,0.1,0.5,1.9,47.0,0.5,13.0,1.1,2.9,0.07,0.23,69.0,0.3,307.0,5.8,60.0,0.2,0.3,32.0,70.0,16.6,0.0,0.0,0.3,0.0,61.0,63.0,0.8,0.05,0.05,1.8,0.27,7.0,3.0,0.3,0.4,63.0,0.5
4.335,"Sushi, nigiri, halibut, Atlantic",,4.2,https://www.matvaretabellen.no/en/sushi-nigiri-halibut-atlantic/,110.0,kcal,465.0,kJ,100.0,0.0,0.0,0.0,0.04,0.18,0.1,0.04,0.3,0.06,0.01,0.0,0.0,0.01,0.01,0.09,0.02,0.12,4.0,16.8,20.0,0.04,0.1,1.5,7.0,0.1,10.0,0.6,3.5,0.27,0.08,82.0,0.4,157.0,7.3,3.0,0.0,0.3,14.0,17.0,16.6,0.0,0.0,0.2,0.0,3.0,3.0,0.4,0.03,0.04,2.1,0.22,5.0,2.0,1.9,0.4,74.0,0.5
4.334,"Sushi, nigiri, salmon",,4.2,https://www.matvaretabellen.no/en/sushi-nigiri-salmon/,143.0,kcal,603.0,kJ,100.0,0.0,0.0,0.0,0.1,0.47,0.12,0.12,2.04,0.71,0.3,0.0,0.01,0.04,0.04,0.14,0.06,0.21,4.0,16.8,24.0,0.04,0.1,5.0,2.0,0.1,11.0,2.4,3.8,0.79,0.81,85.0,1.6,155.0,7.8,8.0,0.0,0.7,6.0,14.0,16.6,0.0,0.0,0.2,0.0,8.0,8.0,1.6,0.04,0.04,2.4,0.24,4.0,2.0,2.1,0.4,70.0,0.5
4.372,"Sushi, nigiri, scallops",,4.2,https://www.matvaretabellen.no/en/sushi-nigiri-scallops/,86.0,kcal,366.0,kJ,100.0,0.0,0.0,0.0,0.0,0.04,0.0,0.01,0.05,0.04,0.01,0.0,0.0,0.0,0.0,0.01,0.0,0.01,3.0,16.8,5.0,0.06,0.1,0.3,1.0,0.1,8.0,0.1,1.0,0.01,0.04,142.0,0.1,48.0,4.1,1.0,0.4,0.0,2.0,155.0,16.6,0.0,0.0,0.2,0.0,1.0,1.0,0.3,0.01,0.01,0.2,0.1,4.0,2.0,0.2,0.2,79.0,0.5
4.371,"Sushi, nigiri, scampi",,4.2,https://www.matvaretabellen.no/en/sushi-nigiri-scampi/,101.0,kcal,427.0,kJ,100.0,0.0,0.0,0.0,0.01,0.08,0.02,0.01,0.1,0.04,0.01,0.0,0.0,0.0,0.01,0.06,0.0,0.05,27.0,16.8,48.0,0.09,0.1,0.7,11.0,0.1,16.0,0.1,1.8,0.12,0.05,68.0,0.2,68.0,6.8,0.0,0.3,0.1,10.0,137.0,16.6,0.0,0.0,0.2,0.0,0.0,0.0,0.6,0.01,0.01,0.3,0.38,5.0,2.0,0.1,1.2,76.0,0.7
4.336,"Sushi, nigiri, tuna",,4.2,https://www.matvaretabellen.no/en/sushi-nigiri-tuna/,108.0,kcal,456.0,kJ,100.0,0.0,0.0,0.0,0.0,0.09,0.01,0.03,0.07,0.04,0.01,0.0,0.0,0.0,0.01,0.01,0.0,0.08,5.0,16.8,13.0,0.06,0.1,0.5,6.0,0.7,15.0,0.1,4.6,0.1,0.05,97.0,0.2,163.0,9.0,113.0,0.0,0.1,61.0,13.0,16.6,0.0,0.0,0.2,0.0,113.0,113.0,1.5,0.05,0.05,2.9,0.39,6.0,2.0,0.5,0.4,51.0,0.5
3.491,"Svin, bottom round, raw","Sus scrofa Linnaeus, 1758",3.4,https://www.matvaretabellen.no/en/svin-bottom-round-raw/,117.0,kcal,492.0,kJ,100.0,0.0,0.0,0.0,0.04,0.6,0.09,0.26,1.27,0.24,0.03,0.0,0.01,0.0,0.03,0.0,0.01,0.01,4.0,0.2,62.0,0.06,0.0,2.8,0.0,0.6,28.0,1.4,11.5,0.0,0.3,220.0,0.4,395.0,22.8,4.0,0.1,0.9,13.0,53.0,0.0,0.0,0.0,0.2,0.0,4.0,4.0,0.4,0.84,0.05,7.3,0.41,0.9,0.0,0.1,0.5,74.0,1.7
6.041,"Swede, Norwegian, raw",Brassica napus L. ssp. napobrassica (L.) Hanelt,6.2,https://www.matvaretabellen.no/en/swede-norwegian-raw/,36.0,kcal,149.0,kJ,83.0,0.0,143.0,0.0,0.0,0.02,0.0,0.0,0.03,0.04,0.05,0.0,0.0,0.0,0.0,0.0,0.0,0.0,33.0,6.4,0.0,0.02,3.0,0.1,2.0,0.2,12.0,0.0,1.4,0.05,0.04,38.0,0.0,256.0,0.9,0.0,0.0,0.0,0.0,8.0,0.0,0.0,0.0,6.4,0.0,12.0,23.0,0.0,0.06,0.02,1.2,0.12,31.0,35.0,0.0,0.1,90.0,0.1
6.217,"Swede, carrot, celeriac root, onion, parsnip, frozen",,6.6,https://www.matvaretabellen.no/en/swede-carrot-celeriac-root-onion-parsnip-frozen/,32.0,kcal,132.0,kJ,100.0,0.0,2194.0,0.0,0.0,0.03,0.0,0.01,0.05,0.08,0.02,0.0,0.0,0.0,0.0,0.0,0.0,0.0,31.0,4.5,0.0,0.07,4.0,0.2,0.5,0.3,12.0,0.0,0.8,0.02,0.08,40.0,0.1,287.0,1.1,0.0,0.1,0.0,0.0,29.0,0.6,0.0,0.0,3.9,0.0,183.0,365.0,0.0,0.03,0.04,0.6,0.11,40.0,15.0,0.0,0.4,91.0,0.3
6.721,"Swede, cooked",Brassica napus L. ssp. napobrassica (L.) Hanelt,6.2,https://www.matvaretabellen.no/en/swede-cooked/,34.0,kcal,144.0,kJ,83.0,0.0,137.0,0.0,0.0,0.02,0.0,0.0,0.02,0.03,0.05,0.0,0.0,0.0,0.0,0.0,0.0,0.0,33.0,6.1,0.0,0.02,3.0,0.1,2.0,0.2,8.0,0.0,1.4,0.05,0.03,36.0,0.0,123.0,0.9,0.0,0.0,0.0,0.0,5.0,0.0,0.0,0.0,6.1,0.0,11.0,22.0,0.0,0.04,0.01,0.9,0.09,16.0,15.0,0.0,0.1,90.0,0.1
5.536,"Sweet bun flour mix, gluten-free, organic, powder, Det Glutenfrie Verksted",,5.1,https://www.matvaretabellen.no/en/sweet-bun-flour-mix-gluten-free-organic-powder-det-glutenfrie-verksted/,351.0,kcal,1487.0516,kJ,100.0,0.0,0.0,0.0,0.0,0.1,0.0,0.02,0.17,0.2,0.0,0.0,0.0,0.0,0.0,0.0,0.0,0.0,28.0,82.1,0.0,0.15,5.0,0.6,2.0,2.5,32.0,0.2,0.9,0.02,0.2,78.0,0.2,78.0,1.8,0.0,0.1,0.1,,44.0,61.3,20.0,20.0,20.8,0.0,0.0,0.0,0.0,0.07,0.03,0.6,0.07,5.0,0.0,0.0,0.0,11.0,0.9
5.266,"Sweet bun, gluten-free, low-fat milk",,5.10,https://www.matvaretabellen.no/en/sweet-bun-gluten-free-low-fat-milk/,287.0,kcal,1210.1926222488996,kJ,100.0,0.0,28.0,0.34,0.36,1.05,0.09,0.62,2.38,0.78,0.22,0.0,0.0,0.0,0.01,0.0,0.0,0.01,72.0,52.4,24.0,0.03,0.7,7.0,10.0,0.5,10.0,2.6,1.5,0.23,0.77,85.0,1.0,134.0,3.3,62.0,0.9,2.8,2.0,362.0,44.3,6.0,6.0,8.2,0.1,64.0,66.0,0.3,0.11,0.14,0.7,0.05,42.0,0.0,1.0,1.0,37.0,0.8
5.217,"Sweet bun, industrially made",,5.10,https://www.matvaretabellen.no/en/sweet-bun-industrially-made/,353.0,kcal,1482.5717280031745,kJ,100.0,0.0,1.0,1.41,0.57,0.83,0.04,0.23,4.31,2.1,0.51,0.0,0.0,0.0,0.0,0.0,0.0,0.0,15.0,52.8,0.0,0.11,4.0,11.3,0.1,0.9,25.0,4.4,2.7,0.51,2.1,93.0,2.6,151.0,8.1,0.0,0.4,3.5,1.0,167.0,42.5,10.1,10.1,10.3,0.0,0.0,0.0,0.0,0.22,0.08,1.4,0.09,43.0,1.0,0.0,2.5,24.0,1.0
5.202,"Sweet bun, low-fat milk",,5.10,https://www.matvaretabellen.no/en/sweet-bun-low-fat-milk/,317.0,kcal,1334.9174014605842,kJ,100.0,0.0,43.0,0.48,0.5,1.37,0.09,0.79,2.94,1.21,0.32,0.0,0.0,0.0,0.0,0.0,0.0,0.0,64.0,48.8,9.0,0.09,3.0,9.2,7.0,0.8,24.0,3.1,2.9,0.32,1.19,128.0,1.5,202.0,8.4,91.0,0.2,3.8,1.0,67.0,37.1,9.7,9.7,11.6,0.1,94.0,98.0,0.2,0.26,0.14,1.4,0.1,52.0,1.0,1.2,1.4,31.0,1.1
5.286,"Sweet bun, skimmed milk",,5.10,https://www.matvaretabellen.no/en/sweet-bun-skimmed-milk/,315.0,kcal,1324.0426335534214,kJ,100.0,0.0,36.0,0.47,0.48,1.3,0.09,0.77,2.89,1.21,0.32,0.0,0.0,0.0,0.0,0.0,0.0,0.0,63.0,48.8,8.0,0.1,3.0,8.9,7.0,0.8,25.0,3.0,2.9,0.32,1.19,129.0,1.5,201.0,8.3,77.0,0.2,3.6,2.0,67.0,37.1,9.7,9.7,11.6,0.1,80.0,83.0,0.2,0.22,0.14,1.4,0.09,48.0,1.0,1.1,1.1,31.0,1.1
5.095,"Sweet bun, whole milk",,5.10,https://www.matvaretabellen.no/en/sweet-bun-whole-milk/,334.0,kcal,1404.5129097125173,kJ,100.0,0.0,26.0,0.37,0.42,1.45,0.11,0.72,4.35,1.91,0.38,0.0,0.0,0.0,0.0,0.0,0.0,0.0,63.0,48.8,8.0,0.1,3.0,11.1,7.0,0.8,26.0,4.5,2.8,0.38,1.88,128.0,2.2,201.0,8.3,50.0,0.1,3.6,1.0,50.0,37.1,9.7,9.7,11.6,0.1,53.0,54.0,0.2,0.21,0.14,1.3,0.08,47.0,1.0,0.7,1.7,29.0,1.1
5.432,"Sweet bun, with chocolate",,5.10,https://www.matvaretabellen.no/en/sweet-bun-with-chocolate/,370.0,kcal,1555.302185570876,kJ,100.0,0.0,5.0,1.29,0.58,1.55,0.05,1.1,4.77,2.0,0.47,0.0,0.0,0.0,0.0,0.0,0.0,0.01,36.0,52.8,2.0,0.13,4.0,13.2,4.0,0.9,28.0,4.9,2.6,0.48,2.01,114.0,2.5,178.0,8.1,2.0,0.4,5.1,1.0,158.0,38.5,13.4,13.4,14.3,0.0,3.0,2.0,0.1,0.21,0.13,1.3,0.08,40.0,1.0,0.0,2.3,22.0,1.0
5.109,"Sweet bun, with custard, icing and desiccated coconut",,5.10,https://www.matvaretabellen.no/en/sweet-bun-with-custard-icing-and-desiccated-coconut/,322.0,kcal,1355.2893898661798,kJ,100.0,0.0,1.0,2.01,0.8,0.87,0.04,0.26,3.48,1.66,0.39,0.0,0.0,0.0,0.01,0.0,0.0,0.0,32.0,47.2,9.0,0.11,3.0,10.9,3.0,0.8,23.0,3.6,2.4,0.39,1.67,98.0,2.1,167.0,7.3,5.0,0.3,4.6,2.0,137.0,32.9,13.3,13.3,14.3,0.0,5.0,5.0,0.1,0.17,0.09,1.1,0.08,35.0,1.0,0.1,2.0,31.0,0.9
5.207,"Sweet bun, with raisins, industrially made",,5.10,https://www.matvaretabellen.no/en/sweet-bun-with-raisins-industrially-made/,354.0,kcal,1490.1937034626617,kJ,100.0,0.0,1.0,1.28,0.52,0.75,0.04,0.21,3.92,1.91,0.46,0.0,0.0,0.0,0.0,0.0,0.0,0.0,20.0,55.8,0.0,0.13,4.0,10.2,0.1,1.0,26.0,4.0,2.6,0.46,1.91,96.0,2.4,228.0,7.7,0.0,0.4,3.2,3.0,162.0,39.3,9.2,9.2,16.5,0.0,0.0,0.0,0.0,0.21,0.08,1.3,0.1,43.0,1.0,0.0,2.3,22.0,1.0
6.044,"Sweet corn, Norwegian, raw",Zea mays L.,6.2,https://www.matvaretabellen.no/en/sweet-corn-norwegian-raw/,85.0,kcal,357.0,kJ,56.0,0.0,55.0,0.0,0.0,0.31,0.0,0.05,0.5,0.56,0.02,0.0,0.0,0.0,0.0,0.0,0.0,0.0,2.0,12.6,0.0,0.05,3.0,1.7,0.5,0.6,37.0,0.5,2.6,0.02,0.56,112.0,0.8,315.0,3.2,0.0,0.0,0.2,0.0,0.0,7.5,0.0,0.0,5.1,0.0,5.0,9.0,0.0,0.13,0.03,2.3,0.09,54.0,4.0,0.0,0.2,79.0,0.9
6.736,"Sweet corn, canned",Zea mays L.,6.6,https://www.matvaretabellen.no/en/sweet-corn-canned/,88.0,kcal,372.0,kJ,100.0,0.0,23.0,0.0,0.0,0.13,0.01,0.02,0.21,0.4,0.02,0.0,0.0,0.0,0.0,0.0,0.0,0.0,3.0,15.4,0.0,0.04,3.0,1.1,0.5,0.3,16.0,0.2,2.2,0.02,0.4,52.0,0.4,158.0,2.6,0.0,0.4,0.2,0.0,160.0,7.2,0.0,0.0,8.2,0.0,2.0,3.0,0.0,0.26,0.06,1.9,0.13,45.0,2.0,0.0,0.6,78.0,0.4
6.745,"Sweet corn, frozen",Zea mays L.,6.2,https://www.matvaretabellen.no/en/sweet-corn-frozen/,87.0,kcal,366.0,kJ,100.0,0.0,12.0,0.0,0.0,0.24,0.0,0.01,0.48,0.75,0.02,0.0,0.0,0.0,0.0,0.0,0.0,0.0,6.0,11.6,0.0,0.04,5.0,1.9,0.0,0.3,23.0,0.5,1.8,0.03,1.1,65.0,0.8,220.0,3.3,0.0,0.0,0.2,0.0,1.0,5.8,0.0,0.0,5.9,0.0,1.0,2.0,0.0,0.07,0.05,1.5,0.1,40.0,4.0,0.0,0.1,78.0,0.5
6.692,"Sweet pepper and chick pea puree, Plantego",,10.6,https://www.matvaretabellen.no/en/sweet-pepper-and-chick-pea-puree-plantego/,67.0,kcal,283.0,kJ,100.0,0.0,229.0,0.0,0.0,0.14,0.01,0.02,0.29,0.61,0.05,0.0,0.0,0.0,0.0,0.0,0.0,0.0,28.0,6.7,0.0,0.19,4.0,1.4,1.0,0.9,24.0,0.4,1.0,0.05,0.61,61.0,0.6,180.0,5.0,0.0,1.0,0.2,3.0,391.0,4.7,0.0,0.0,2.0,0.0,19.0,38.0,0.0,0.03,0.08,0.3,0.14,39.0,43.0,0.0,1.0,83.0,0.8
6.716,"Sweet pepper, green, cooked",Capsicum annuum L.,6.2,https://www.matvaretabellen.no/en/sweet-pepper-green-cooked/,22.0,kcal,93.0,kJ,83.0,0.0,277.0,0.0,0.0,0.12,0.0,0.02,0.02,0.13,0.02,0.0,0.0,0.0,0.0,0.0,0.0,0.0,9.0,2.9,0.0,0.02,2.0,0.3,3.0,0.3,7.0,0.0,0.3,0.02,0.13,20.0,0.2,70.0,0.8,0.0,0.0,0.1,0.0,3.0,0.1,0.0,0.0,2.8,0.0,23.0,46.0,0.0,0.01,0.01,0.08,0.23,21.0,91.0,0.0,0.9,94.0,0.1
6.047,"Sweet pepper, green, raw",Capsicum annuum L.,6.2,https://www.matvaretabellen.no/en/sweet-pepper-green-raw/,21.0,kcal,88.0,kJ,85.0,0.0,265.0,0.0,0.0,0.12,0.0,0.02,0.02,0.13,0.02,0.0,0.0,0.0,0.0,0.0,0.0,0.0,8.0,2.8,0.0,0.02,2.0,0.3,3.0,0.4,10.0,0.0,0.2,0.02,0.13,19.0,0.2,120.0,0.8,0.0,0.0,0.1,0.0,4.0,0.1,0.0,0.0,2.7,0.0,22.0,44.0,0.0,0.01,0.01,0.1,0.3,36.0,120.0,0.0,0.8,94.0,0.1
6.164,"Sweet pepper, paprika, powder",Capsicum annuum L.,16,https://www.matvaretabellen.no/en/sweet-pepper-paprika-powder/,316.0,kcal,1307.61,kJ,100.0,0.0,26162.0,0.07,0.17,1.47,0.07,0.34,1.6,7.31,0.45,0.0,0.0,0.0,0.0,0.0,0.0,0.0,229.0,18.3,0.0,0.71,35.0,12.9,,21.1,178.0,1.7,12.5,0.45,7.32,314.0,7.8,2280.0,14.1,0.0,0.2,2.1,6.0,68.0,8.0,0.0,0.0,10.3,0.0,2180.0,4360.0,0.0,0.33,1.23,10.1,2.14,49.0,1.0,0.0,29.1,20.0,4.3
6.717,"Sweet pepper, red, cooked",Capsicum annuum L.,6.2,https://www.matvaretabellen.no/en/sweet-pepper-red-cooked/,28.0,kcal,116.0,kJ,89.0,0.0,607.0,0.0,0.0,0.08,0.01,0.01,0.01,0.14,0.08,0.0,0.0,0.0,0.0,0.0,0.0,0.0,8.0,4.4,0.0,0.06,2.0,0.2,3.0,0.3,8.0,0.0,0.7,0.08,0.14,24.0,0.1,126.0,0.8,0.0,0.0,0.1,0.0,1.0,0.0,0.0,0.0,4.4,0.0,51.0,101.0,0.0,0.05,0.05,0.4,0.17,44.0,95.0,0.0,1.1,92.0,0.2
6.048,"Sweet pepper, red, raw",Capsicum annuum L.,6.2,https://www.matvaretabellen.no/en/sweet-pepper-red-raw/,26.0,kcal,110.0,kJ,85.0,0.0,580.0,0.0,0.0,0.08,0.01,0.01,0.01,0.14,0.08,0.0,0.0,0.0,0.0,0.0,0.0,0.0,7.0,4.2,0.0,0.05,2.0,0.2,3.0,0.4,11.0,0.0,0.6,0.08,0.14,23.0,0.1,216.0,0.8,0.0,0.0,0.1,0.0,1.0,0.0,0.0,0.0,4.2,0.0,48.0,96.0,0.0,0.07,0.06,0.5,0.23,75.0,126.0,0.0,1.0,93.0,0.2
6.088,"Sweet pepper, yellow/orange, raw",Capsicum annuum L.,6.2,https://www.matvaretabellen.no/en/sweet-pepper-yellow-orange-raw/,26.0,kcal,110.0,kJ,85.0,0.0,133.0,0.0,0.0,0.03,0.0,0.0,0.0,0.05,0.03,0.0,0.0,0.0,0.0,0.0,0.0,0.0,7.0,5.0,0.0,0.02,1.0,0.2,3.0,0.3,8.0,0.0,0.9,0.03,0.05,16.0,0.0,123.0,0.5,0.0,0.0,0.0,0.0,0.0,0.0,0.0,0.0,5.0,0.0,11.0,22.0,0.0,0.03,0.0,0.8,0.22,41.0,163.0,0.0,2.1,93.0,0.1
6.101,"Sweet potato, cooked without salt",Ipomoea batatas (L.) Poiret,6.2,https://www.matvaretabellen.no/en/sweet-potato-cooked-without-salt/,80.0,kcal,337.0,kJ,100.0,0.0,6678.0,0.0,0.0,0.0,0.0,0.0,0.0,0.0,0.0,0.0,0.0,0.0,0.0,0.0,0.0,0.0,30.0,16.6,0.0,0.14,3.0,0.1,2.0,0.6,24.0,0.0,0.9,0.0,0.0,47.0,0.0,287.0,1.6,0.0,0.1,0.0,1.0,47.0,12.5,0.0,0.0,4.2,0.0,557.0,1113.0,0.0,0.06,0.06,0.5,0.17,7.0,2.0,0.0,0.3,79.0,0.3
6.136,"Sweet potato, raw",Ipomoea batatas (L.) Poiret,6.2,https://www.matvaretabellen.no/en/sweet-potato-raw/,80.0,kcal,338.0,kJ,72.0,0.0,6608.0,0.0,0.0,0.0,0.0,0.0,0.0,0.0,0.0,0.0,0.0,0.0,0.0,0.0,0.0,0.0,30.0,16.8,0.0,0.15,3.0,0.1,2.0,0.6,25.0,0.0,0.9,0.0,0.0,47.0,0.0,337.0,1.6,0.0,0.1,0.0,1.0,55.0,12.6,0.0,0.0,4.2,0.0,551.0,1101.0,0.0,0.08,0.06,0.6,0.21,11.0,2.0,0.0,0.3,79.0,0.3
6.229,"Sweet potato, roasted",Ipomoea batatas (L.) Poiret,6.2,https://www.matvaretabellen.no/en/sweet-potato-roasted/,111.0,kcal,470.0,kJ,100.0,0.0,8719.0,0.0,0.0,0.0,0.0,0.0,0.0,0.0,0.0,0.0,0.0,0.0,0.0,0.0,0.0,0.0,42.0,23.3,0.0,0.21,4.0,0.1,3.0,0.8,35.0,0.0,1.2,0.0,0.0,65.0,0.0,468.0,2.2,0.0,0.2,0.0,1.0,76.0,17.5,0.0,0.0,5.8,0.0,727.0,1453.0,0.0,0.09,0.08,0.8,0.26,12.0,3.0,0.0,0.4,70.0,0.4
9.105,"Sweets mix, chocolate included",,7.2,https://www.matvaretabellen.no/en/sweets-mix-chocolate-included/,458.0,kcal,1918.5011235955044,kJ,100.0,0.0,17.0,1.71,0.98,5.35,0.09,5.86,5.98,0.66,0.04,0.02,0.02,0.02,0.02,0.02,0.02,0.02,175.0,56.7,13.0,0.29,2.0,22.4,3.0,2.2,56.0,6.2,1.5,0.04,0.66,195.0,0.7,365.0,6.5,10.0,0.2,14.3,0.0,84.0,2.7,47.0,47.0,54.0,0.3,11.0,12.0,0.6,0.09,0.46,0.4,0.05,7.0,0.0,0.0,0.6,13.0,1.0
9.107,"Sweets mix, salt liquorice",,7.2,https://www.matvaretabellen.no/en/sweets-mix-salt-liquorice/,286.0,kcal,1217.2333333333331,kJ,100.0,0.0,0.0,0.0,0.0,0.0,0.0,0.0,0.0,0.0,0.0,0.0,0.0,0.0,0.0,0.0,0.0,0.0,123.0,62.9,0.0,0.0,0.5,0.0,0.0,0.3,43.0,0.0,1.4,0.0,0.0,26.0,0.0,279.0,8.5,0.0,0.5,0.0,0.0,214.0,19.0,43.9,43.9,43.9,0.0,0.0,0.0,0.0,0.0,0.0,0.0,0.0,0.0,0.0,0.0,0.0,28.0,0.3
9.106,"Sweets mix, without chocolate",,7.2,https://www.matvaretabellen.no/en/sweets-mix-without-chocolate/,369.0,kcal,1569.6666666666663,kJ,100.0,0.0,0.0,0.0,0.0,0.0,0.0,0.0,0.0,0.0,0.0,0.0,0.0,0.0,0.0,0.0,0.0,0.0,0.0,88.5,0.0,0.0,0.0,0.0,0.0,0.2,7.0,0.0,0.6,0.0,0.0,0.0,0.0,3.0,3.8,0.0,0.1,0.0,0.0,22.0,26.7,61.8,61.8,61.8,0.0,0.0,0.0,0.0,0.0,0.0,0.0,0.0,0.0,0.0,0.0,0.0,8.0,0.0
5.105,"Swiss roll, filling made of margarine",,5.10,https://www.matvaretabellen.no/en/swiss-roll-filling-made-of-margarine/,390.0,kcal,1635.143082241127,kJ,100.0,0.0,68.0,1.77,0.73,1.79,0.09,2.19,6.82,2.42,0.75,0.0,0.01,0.0,0.08,0.0,0.0,0.04,27.0,47.8,126.0,0.05,0.8,19.0,13.0,1.0,10.0,7.1,1.7,0.79,2.52,115.0,3.3,79.0,6.6,227.0,0.5,7.1,8.0,184.0,11.4,36.1,36.1,36.4,0.0,232.0,238.0,0.6,0.06,0.12,0.2,0.06,16.0,0.0,3.0,4.8,26.0,0.7
5.323,"Swiss roll, filling made of margarine jelly, industrially made",,5.10,https://www.matvaretabellen.no/en/swiss-roll-filling-made-of-margarine-jelly-industrially-made/,402.0,kcal,1690.0934434968017,kJ,100.0,0.0,26.0,0.16,0.58,4.14,0.16,0.88,4.6,1.28,0.21,0.0,0.0,0.0,0.02,0.0,0.0,0.01,37.0,63.4,41.0,0.04,0.9,13.9,6.0,0.4,15.0,4.9,1.4,0.22,1.25,88.0,1.6,51.0,5.3,52.0,0.6,6.3,2.0,229.0,14.1,49.2,49.2,49.3,0.2,55.0,56.0,0.1,0.06,0.07,0.3,0.03,4.0,0.0,0.9,2.4,17.0,0.3
5.104,"Swiss roll, jam filling",,5.10,https://www.matvaretabellen.no/en/swiss-roll-jam-filling/,247.0,kcal,1045.4921283247627,kJ,100.0,0.0,3.0,0.0,0.01,0.74,0.08,0.26,1.24,0.7,0.04,0.0,0.01,0.0,0.06,0.0,0.0,0.03,26.0,46.3,103.0,0.06,1.0,3.7,11.0,0.9,13.0,1.3,1.7,0.08,0.78,108.0,0.9,104.0,6.4,45.0,0.2,1.0,7.0,68.0,12.0,33.2,33.2,34.3,0.0,45.0,45.0,0.4,0.06,0.12,0.3,0.06,16.0,5.0,0.8,1.9,42.0,0.6
5.51,"Swiss roll, with chocolate filling",,5.10,https://www.matvaretabellen.no/en/swiss-roll-with-chocolate-filling/,389.0,kcal,1629.3846202192065,kJ,100.0,0.0,66.0,1.61,0.67,2.15,0.09,2.6,6.87,2.27,0.69,0.0,0.01,0.0,0.07,0.0,0.0,0.04,34.0,44.4,114.0,0.38,3.0,19.3,12.0,1.9,57.0,7.1,2.1,0.72,2.36,164.0,3.1,389.0,8.1,206.0,0.4,7.6,8.0,171.0,11.3,32.9,32.9,33.1,0.0,212.0,217.0,0.5,0.06,0.13,0.4,0.06,18.0,0.0,2.7,4.4,25.0,1.5
9.015,Syrup,,7.1,https://www.matvaretabellen.no/en/syrup/,297.0,kcal,1261.4,kJ,100.0,0.0,0.0,0.0,0.0,0.0,0.0,0.0,0.0,0.0,0.0,0.0,0.0,0.0,0.0,0.0,0.0,0.0,74.0,74.1,0.0,0.24,0.0,0.0,0.0,0.3,34.0,0.0,0.0,0.0,0.0,2.0,0.0,220.0,0.1,0.0,0.1,0.0,1.0,50.0,0.0,74.1,74.1,74.1,0.0,0.0,0.0,0.0,0.0,0.01,0.0,0.0,0.0,0.0,0.0,0.0,26.0,0.1
6.632,"Tamarinds, raw",Tamarindus indica L.,13.2,https://www.matvaretabellen.no/en/tamarinds-raw/,256.0,kcal,1086.4,kJ,34.0,0.0,18.0,0.0,0.01,0.17,0.0,0.06,0.18,0.06,0.0,0.0,0.0,0.0,0.0,0.0,0.0,0.0,74.0,57.4,0.0,0.09,5.0,0.6,,2.8,92.0,0.2,2.4,0.0,0.06,113.0,0.1,628.0,2.8,0.0,0.1,0.3,1.0,28.0,18.6,0.0,0.0,38.8,0.0,2.0,3.0,0.0,0.43,0.15,1.9,0.07,14.0,4.0,0.0,0.1,34.0,0.1
6.183,"Tarragon, dried",Artemisia dracunculus L.,16,https://www.matvaretabellen.no/en/tarragon-dried/,342.0,kcal,1442.11,kJ,100.0,0.0,2520.0,0.01,0.12,1.2,0.11,0.41,0.36,0.74,2.96,0.0,0.0,0.0,0.0,0.0,0.0,0.0,1139.0,42.8,0.0,0.68,7.0,7.2,,32.3,347.0,0.5,12.8,2.96,0.74,313.0,3.7,3020.0,22.8,0.0,0.2,1.9,4.0,62.0,,0.0,0.0,0.0,0.0,210.0,420.0,0.0,0.25,1.34,9.0,2.41,274.0,50.0,0.0,,20.0,3.9
13.01,"Tea, black, infusion",,9.1,https://www.matvaretabellen.no/en/tea-black-infusion/,0.0,kcal,2.0,kJ,100.0,0.0,0.0,0.0,0.0,0.0,0.0,0.0,0.0,0.0,0.0,0.0,0.0,0.0,0.0,0.0,0.0,0.0,0.0,0.0,0.0,0.01,0.0,0.0,0.7,0.0,2.0,0.0,0.0,0.0,0.0,2.0,0.0,27.0,0.1,0.0,0.0,0.0,0.0,0.0,0.0,0.0,0.0,0.0,0.0,0.0,0.0,0.0,0.0,0.02,0.0,0.0,3.0,0.0,0.0,0.0,100.0,0.0
13.042,"Tea, green, infusion",,9.1,https://www.matvaretabellen.no/en/tea-green-infusion/,0.0,kcal,2.0,kJ,100.0,0.0,0.0,0.0,0.0,0.0,0.0,0.0,0.0,0.0,0.0,0.0,0.0,0.0,0.0,0.0,0.0,0.0,2.0,0.0,0.0,0.0,0.0,0.0,0.7,0.1,0.0,0.0,0.1,0.0,0.0,1.0,0.0,20.0,0.1,0.0,0.0,0.0,0.0,1.0,0.0,0.0,0.0,0.0,0.0,0.0,0.0,0.0,0.0,0.02,0.1,0.0,0.0,3.0,0.0,0.0,100.0,0.0
5.482,Teff flour,Eragrostis tef (Zuccagni) Trotter,5.1,https://www.matvaretabellen.no/en/teff-flour/,340.0,kcal,1438.59,kJ,100.0,0.0,5.0,0.0,0.0,0.08,0.0,0.02,0.18,0.07,0.14,0.0,0.0,0.0,0.02,0.0,0.0,0.0,145.0,69.1,0.0,0.65,7.0,0.6,0.0,7.1,162.0,0.2,5.2,0.14,0.09,352.0,0.2,356.0,10.8,0.0,0.0,0.1,0.0,2.0,66.3,0.0,0.0,2.8,0.0,0.0,0.0,0.0,0.39,0.27,3.4,0.48,,0.0,0.0,0.1,12.0,2.8
6.685,Tempeh soy bean product,,10.6,https://www.matvaretabellen.no/en/tempeh-soy-bean-product/,209.0,kcal,873.0,kJ,100.0,0.0,0.0,0.0,0.02,1.69,0.0,0.68,3.1,4.05,0.25,0.0,0.0,0.0,0.0,0.0,0.0,0.0,111.0,5.5,0.0,0.56,4.0,10.8,,2.7,81.0,3.2,6.0,0.25,4.05,266.0,4.3,412.0,20.3,0.0,0.0,2.5,0.0,9.0,4.6,0.0,0.0,0.9,0.0,0.0,0.0,0.1,0.08,0.36,2.6,0.22,24.0,0.0,0.0,,59.0,1.1
10.179,Teriyaki sauce,,10.11,https://www.matvaretabellen.no/en/teriyaki-sauce/,112.0,kcal,476.0,kJ,100.0,0.0,4.0,0.0,0.0,0.1,0.0,0.0,0.2,0.3,0.0,0.0,0.0,0.0,0.0,0.0,0.0,0.0,8.0,23.0,0.0,,0.0,0.8,2.0,0.7,17.0,0.2,0.9,0.0,0.3,54.0,0.3,156.0,3.2,0.0,6.2,0.1,3.0,2488.0,0.0,23.0,23.0,23.0,0.0,0.0,0.0,0.0,0.01,0.11,0.4,0.09,16.0,0.0,0.0,0.0,73.0,0.3
6.172,"Thyme, dried",Thymus vulgaris L.,16,https://www.matvaretabellen.no/en/thyme-dried/,285.0,kcal,1183.08,kJ,100.0,0.0,2264.0,0.23,0.15,1.72,0.0,0.28,0.47,0.5,0.69,0.0,0.0,0.0,0.0,0.0,0.0,0.0,1890.0,26.9,0.0,0.86,37.0,7.4,6.0,123.6,220.0,0.5,6.4,0.69,0.5,201.0,1.2,814.0,9.1,0.0,0.1,2.7,5.0,55.0,25.2,0.0,0.0,1.7,0.0,189.0,377.0,0.0,0.51,0.4,4.9,0.55,274.0,50.0,0.0,7.5,20.0,6.2
6.171,"Thyme, raw",Thymus vulgaris L.,16,https://www.matvaretabellen.no/en/thyme-raw/,107.0,kcal,445.0,kJ,68.0,0.0,2851.0,0.04,0.03,0.29,0.0,0.05,0.08,0.09,0.45,0.0,0.0,0.0,0.0,0.0,0.0,0.0,405.0,10.4,0.0,0.56,14.0,1.7,0.7,17.5,160.0,0.1,2.7,0.45,0.09,106.0,0.5,609.0,5.6,0.0,0.0,0.5,,9.0,9.8,0.0,0.0,0.6,0.0,238.0,475.0,0.0,0.05,0.47,1.8,0.35,45.0,160.0,0.0,,68.0,1.8
6.704,"Tofu, soy bean curd",,10.6,https://www.matvaretabellen.no/en/tofu-soy-bean-curd/,67.0,kcal,281.0,kJ,100.0,0.0,2.0,0.0,0.01,0.42,0.0,0.21,0.77,1.9,0.27,0.0,0.0,0.0,0.0,0.0,0.0,0.0,86.0,0.6,0.0,0.15,0.4,4.2,5.0,0.9,130.0,0.8,1.2,0.27,1.9,110.0,2.2,140.0,6.6,0.0,0.1,0.7,4.0,59.0,0.3,0.0,0.0,0.3,0.0,0.0,0.0,0.0,0.07,0.03,0.1,0.05,12.0,0.0,0.0,0.2,88.0,0.6
6.071,Tomato juice,Lycopersicon esculentum Mill.,9.2,https://www.matvaretabellen.no/en/tomato-juice/,18.0,kcal,76.0,kJ,100.0,0.0,200.0,0.0,0.0,0.0,0.0,0.0,0.0,0.0,0.0,0.0,0.0,0.0,0.0,0.0,0.0,0.0,10.0,3.0,0.0,0.06,1.0,0.0,2.0,0.4,10.0,0.0,0.8,0.0,0.0,19.0,0.0,230.0,0.8,0.0,0.6,0.0,1.0,230.0,0.0,0.0,0.0,3.0,0.0,17.0,33.0,0.0,0.02,0.02,0.7,0.06,10.0,8.0,0.0,0.2,95.0,0.1
6.079,Tomato ketchup,,6.6,https://www.matvaretabellen.no/en/tomato-ketchup/,110.0,kcal,464.0,kJ,100.0,0.0,319.0,0.0,0.0,0.04,0.0,0.02,0.06,0.17,0.0,0.0,0.0,0.0,0.0,0.0,0.0,0.0,13.0,23.6,0.0,0.15,4.0,0.4,1.0,0.4,13.0,0.1,1.4,0.0,0.17,22.0,0.2,265.0,1.0,0.0,1.7,0.1,0.0,678.0,4.2,15.2,15.2,19.4,0.0,27.0,53.0,0.0,0.05,0.03,1.2,0.1,27.0,1.0,0.0,1.5,71.0,0.2
6.08,Tomato purée,Lycopersicon esculentum Mill.,6.6,https://www.matvaretabellen.no/en/tomato-puree/,84.0,kcal,354.0,kJ,100.0,0.0,1750.0,0.0,0.0,0.03,0.0,0.01,0.04,0.11,0.01,0.0,0.0,0.0,0.0,0.0,0.0,0.0,45.0,14.5,0.0,0.41,2.0,0.2,2.0,4.5,57.0,0.0,4.4,0.01,0.11,94.0,0.1,1257.0,4.8,0.0,1.0,0.0,1.0,400.0,0.0,0.0,0.0,14.5,0.0,146.0,291.0,0.0,0.98,0.12,3.6,0.28,39.0,45.0,0.0,5.2,73.0,0.6
6.202,Tomato salsa,,6.6,https://www.matvaretabellen.no/en/tomato-salsa/,25.0,kcal,105.0,kJ,100.0,0.0,358.0,0.0,0.0,0.1,0.01,0.03,0.68,0.07,0.01,0.0,0.0,0.0,0.0,0.0,0.0,0.0,15.0,2.6,0.0,0.05,2.0,0.9,0.1,0.3,10.0,0.7,0.4,0.01,0.07,26.0,0.1,242.0,0.6,0.0,0.3,0.1,0.0,116.0,0.1,0.0,0.0,2.5,0.0,30.0,59.0,0.0,0.03,0.04,0.3,0.09,19.0,15.0,0.0,0.7,94.0,0.1
6.069,"Tomato, Norwegian, raw",Lycopersicon esculentum Mill.,6.2,https://www.matvaretabellen.no/en/tomato-norwegian-raw/,12.0,kcal,51.0,kJ,100.0,0.0,266.0,0.0,0.0,0.0,0.0,0.0,0.0,0.0,0.0,0.0,0.0,0.0,0.0,0.0,0.0,0.0,9.0,2.1,0.0,0.03,1.0,0.0,0.0,0.2,7.0,0.0,0.4,0.0,0.0,23.0,0.0,245.0,0.4,0.0,0.0,0.0,0.0,1.0,0.0,0.0,0.0,2.1,0.0,22.0,44.0,0.0,0.02,0.02,0.3,0.07,14.0,15.0,0.0,0.7,96.0,0.1
6.07,"Tomato, canned",Lycopersicon esculentum Mill.,6.6,https://www.matvaretabellen.no/en/tomato-canned/,21.0,kcal,87.0,kJ,100.0,0.0,340.0,0.0,0.0,0.03,0.0,0.01,0.04,0.11,0.01,0.0,0.0,0.0,0.0,0.0,0.0,0.0,11.0,3.3,0.0,0.12,1.0,0.2,2.0,0.7,12.0,0.0,0.9,0.01,0.11,22.0,0.1,290.0,0.8,0.0,0.1,0.0,0.0,24.0,0.0,0.0,0.0,3.3,0.0,28.0,56.0,0.0,0.04,0.0,0.8,0.12,26.0,13.0,0.0,1.4,95.0,0.1
6.081,"Tomato, chopped, tetrapack",Lycopersicon esculentum Mill.,6.6,https://www.matvaretabellen.no/en/tomato-chopped-tetrapack/,24.0,kcal,99.0,kJ,100.0,0.0,344.0,0.0,0.0,0.01,0.0,0.01,0.02,0.06,0.0,0.0,0.0,0.0,0.0,0.0,0.0,0.0,13.0,4.0,0.0,0.11,1.0,0.2,2.0,0.5,13.0,0.0,1.1,0.0,0.06,22.0,0.1,300.0,0.8,0.0,0.0,0.0,0.0,7.0,0.0,0.0,0.0,4.0,0.0,29.0,57.0,0.0,0.04,0.03,1.0,0.14,30.0,17.0,0.0,1.9,94.0,0.2
6.724,"Tomato, cooked",Lycopersicon esculentum Mill.,6.2,https://www.matvaretabellen.no/en/tomato-cooked/,12.0,kcal,50.0,kJ,100.0,0.0,406.0,0.0,0.0,0.0,0.0,0.0,0.0,0.0,0.0,0.0,0.0,0.0,0.0,0.0,0.0,0.0,11.0,2.0,0.0,0.05,1.0,0.0,0.0,0.2,6.0,0.0,0.4,0.0,0.0,23.0,0.0,137.0,0.3,0.0,0.0,0.0,0.0,2.0,0.0,0.0,0.0,2.0,0.0,34.0,67.0,0.0,0.02,0.01,0.2,0.05,8.0,11.0,0.0,0.8,96.0,0.1
6.753,"Tomato, imported, raw",Lycopersicon esculentum Mill.,6.2,https://www.matvaretabellen.no/en/tomato-imported-raw/,13.0,kcal,53.0,kJ,100.0,0.0,530.0,0.0,0.0,0.0,0.0,0.0,0.0,0.0,0.0,0.0,0.0,0.0,0.0,0.0,0.0,0.0,13.0,2.0,0.0,0.06,2.0,0.0,0.0,0.2,11.0,0.0,0.4,0.0,0.0,25.0,0.0,265.0,0.4,0.0,0.0,0.0,0.0,4.0,0.0,0.0,0.0,2.0,0.0,44.0,88.0,0.0,0.04,0.01,0.4,0.08,16.0,16.0,0.0,0.7,96.0,0.1
6.752,"Tomato, small, cherry, imported, raw",Solanum lycopersicum var. cerasiforme (Alef.) Fosberg,6.2,https://www.matvaretabellen.no/en/tomato-small-cherry-imported-raw/,17.0,kcal,71.0,kJ,100.0,0.0,613.0,0.0,0.0,0.02,0.0,0.01,0.03,0.08,0.0,0.0,0.0,0.0,0.0,0.0,0.0,0.0,11.0,2.5,0.0,0.04,1.0,0.2,0.7,0.4,15.0,0.1,0.7,0.0,0.08,27.0,0.1,336.0,0.6,0.0,0.0,0.0,0.0,3.0,0.0,0.0,0.0,2.5,0.0,51.0,102.0,0.0,0.05,0.01,0.6,0.1,20.0,26.0,0.0,1.1,95.0,0.1
6.754,"Tomato, unspecified, raw",Lycopersicon esculentum Mill.,6.2,https://www.matvaretabellen.no/en/tomato-unspecified-raw/,12.0,kcal,52.0,kJ,100.0,0.0,424.0,0.0,0.0,0.0,0.0,0.0,0.0,0.0,0.0,0.0,0.0,0.0,0.0,0.0,0.0,0.0,11.0,2.1,0.0,0.05,1.0,0.0,0.0,0.2,9.0,0.0,0.4,0.0,0.0,24.0,0.0,257.0,0.4,0.0,0.0,0.0,0.0,3.0,0.0,0.0,0.0,2.1,0.0,35.0,70.0,0.0,0.03,0.01,0.3,0.08,15.0,15.0,0.0,0.7,96.0,0.1
6.102,"Tomatoes, sun-dried",Lycopersicon esculentum Mill.,6.6,https://www.matvaretabellen.no/en/tomatoes-sun-dried/,280.0,kcal,1179.16,kJ,100.0,0.0,524.0,0.0,0.0,0.33,0.01,0.1,0.48,1.1,0.01,0.0,0.0,0.0,0.0,0.0,0.0,0.0,110.0,43.0,0.0,1.42,12.0,3.0,0.7,9.1,194.0,0.5,11.5,0.01,1.1,356.0,1.1,3427.0,14.1,0.0,5.2,0.4,6.0,2095.0,0.0,0.0,0.0,43.0,0.0,44.0,87.0,0.0,0.53,0.49,9.1,0.33,68.0,39.0,0.0,0.0,28.0,2.0
6.103,"Tomatoes, sun-dried, in oil, drained",Lycopersicon esculentum Mill.,6.6,https://www.matvaretabellen.no/en/tomatoes-sun-dried-in-oil-drained/,193.0,kcal,797.0,kJ,100.0,0.0,615.0,0.0,0.0,1.48,0.1,0.33,8.18,1.9,0.07,0.0,0.0,0.0,0.0,0.0,0.0,0.0,69.0,8.7,2.0,0.47,13.0,12.5,0.9,3.4,62.0,4.9,3.0,0.08,1.9,103.0,5.8,882.0,5.0,3.0,3.1,1.3,5.0,1238.0,0.0,0.0,0.0,8.7,0.1,54.0,105.0,0.0,0.05,0.06,2.2,0.2,29.0,12.0,0.0,9.1,61.0,0.6
12.017,Tortilla chips,,10.5,https://www.matvaretabellen.no/en/tortilla-chips/,475.0,kcal,1986.65,kJ,100.0,0.0,136.0,0.06,0.04,0.97,0.03,0.59,14.1,3.4,0.14,0.0,0.0,0.0,0.0,0.0,0.0,0.0,84.0,57.4,5.0,0.12,7.0,22.5,3.0,1.2,75.0,14.3,2.3,0.17,3.4,190.0,3.6,250.0,7.4,0.0,1.4,2.0,3.0,545.0,55.5,0.0,0.0,1.9,0.0,11.0,22.0,0.0,0.5,0.09,1.1,0.37,19.0,2.0,0.0,7.0,6.0,1.3
13.085,"Tortilla chips, nacho chips, Maarud",,10.5,https://www.matvaretabellen.no/en/tortilla-chips-nacho-chips-maarud/,491.0,kcal,2051.0,kJ,100.0,0.0,244.0,0.11,0.06,1.09,0.04,0.73,18.1,2.79,0.12,0.0,0.0,0.0,0.0,0.0,0.0,0.0,120.0,51.5,6.0,0.13,6.0,27.0,5.0,1.1,76.0,18.3,2.0,0.18,2.79,200.0,3.0,250.0,7.7,0.0,2.0,2.5,2.0,810.0,49.0,0.0,0.0,2.5,0.0,20.0,40.0,0.0,0.29,0.11,0.7,0.27,23.0,2.0,0.0,9.1,8.0,1.3
13.086,"Tortilla chips, nacho chips, Santa Maria",,10.5,https://www.matvaretabellen.no/en/tortilla-chips-nacho-chips-santa-maria/,459.0,kcal,1922.3,kJ,100.0,0.0,29.0,0.0,0.01,0.84,0.03,0.46,10.1,4.0,0.16,0.0,0.0,0.0,0.0,0.0,0.0,0.0,48.0,63.3,4.0,0.11,8.0,17.9,0.0,1.3,73.0,10.3,2.6,0.17,4.0,180.0,4.2,250.0,7.1,0.0,0.7,1.5,3.0,280.0,62.0,0.0,0.0,1.3,0.0,2.0,4.0,0.0,0.7,0.07,1.4,0.46,15.0,1.0,0.0,4.9,4.0,1.2
5.248,"Tortilla, corn flour, soft",,5.6.1,https://www.matvaretabellen.no/en/tortilla-corn-flour-soft/,305.0,kcal,1289.1912059573192,kJ,100.0,0.0,80.0,0.0,0.0,0.36,0.01,0.08,1.45,1.3,0.1,0.0,0.0,0.0,0.0,0.0,0.0,0.0,12.0,60.9,0.0,0.09,5.0,3.7,0.0,1.2,43.0,1.5,1.3,0.1,1.3,184.0,1.4,145.0,4.8,0.0,1.4,0.4,0.0,578.0,60.2,0.0,0.0,0.7,0.0,7.0,13.0,0.0,0.09,0.04,0.8,0.07,5.0,0.0,0.0,1.2,26.0,0.8
5.381,"Tortilla, wheat flour",,5.6.1,https://www.matvaretabellen.no/en/tortilla-wheat-flour/,260.0,kcal,1096.505,kJ,100.0,0.0,0.0,0.0,0.02,1.02,0.01,0.3,2.1,0.98,0.22,0.0,0.0,0.0,0.0,0.0,0.0,0.0,15.0,44.8,,0.13,2.0,4.8,0.0,0.9,22.0,2.0,2.3,0.24,0.99,156.0,1.2,150.0,8.5,0.0,1.8,1.3,2.0,720.0,43.0,0.0,0.0,1.9,0.0,0.0,0.0,0.0,0.12,0.02,0.9,0.08,8.0,0.0,0.0,0.4,40.0,0.6
5.372,"Tortilla, wheat flour, Old El Paso",,5.6.1,https://www.matvaretabellen.no/en/tortilla-wheat-flour-old-el-paso/,254.0,kcal,1074.16,kJ,100.0,0.0,0.0,0.01,0.04,1.72,0.01,0.3,2.13,0.94,0.12,0.0,0.0,0.0,0.0,0.0,0.0,0.0,15.0,42.2,,0.13,1.0,5.4,0.0,0.9,23.0,2.1,2.2,0.17,0.94,230.0,1.1,180.0,8.6,0.0,1.7,2.0,4.0,670.0,40.0,0.0,0.0,2.2,0.0,0.0,0.0,0.0,0.09,0.02,0.8,0.08,8.0,0.0,0.0,0.7,43.0,0.6
5.371,"Tortilla, wheat flour, Santa Maria",,5.6.1,https://www.matvaretabellen.no/en/tortilla-wheat-flour-santa-maria/,265.0,kcal,1118.85,kJ,100.0,0.0,0.0,0.0,0.0,0.33,0.01,0.29,2.06,1.03,0.31,0.0,0.0,0.0,0.0,0.0,0.0,0.0,15.0,47.4,,0.12,2.0,4.2,0.0,0.8,21.0,2.0,2.4,0.31,1.03,82.0,1.3,120.0,8.3,0.0,1.9,0.6,0.0,770.0,45.9,0.0,0.0,1.5,0.0,0.0,0.0,0.0,0.14,0.02,1.0,0.08,9.0,0.0,0.0,0.2,38.0,0.6
6.627,Tropical juice,,9.2,https://www.matvaretabellen.no/en/tropical-juice/,43.0,kcal,183.0,kJ,100.0,0.0,54.0,0.0,0.0,0.0,0.0,0.0,0.0,0.0,0.0,0.0,0.0,0.0,0.0,0.0,0.0,0.0,11.0,10.5,0.0,0.02,0.0,0.0,0.9,0.1,7.0,0.0,0.3,0.0,0.0,8.0,0.0,91.0,0.3,0.0,0.0,0.0,0.0,4.0,1.2,0.0,9.3,9.3,0.0,5.0,9.0,0.0,0.02,0.0,0.2,0.05,8.0,5.0,0.0,0.1,89.0,0.1
4.26,"Trout fillet, smoked","Salmo trutta Linnaeus, 1758",4.1.1,https://www.matvaretabellen.no/en/trout-fillet-smoked/,142.0,kcal,597.0,kJ,90.0,0.0,0.0,0.0,0.27,0.83,0.31,0.15,1.15,0.29,0.09,0.0,0.01,0.07,0.04,0.4,0.14,0.77,15.0,0.0,64.0,0.05,0.0,6.9,14.0,0.8,29.0,2.3,9.9,1.61,0.36,260.0,2.1,430.0,20.1,23.0,0.1,1.3,25.0,52.0,0.0,0.0,0.0,0.0,0.0,23.0,23.0,5.1,0.16,0.17,6.2,0.53,7.0,0.0,8.2,0.9,73.0,0.5
4.256,"Trout, farmed, raw","Salmo trutta Linnaeus, 1758",4.1.1,https://www.matvaretabellen.no/en/trout-farmed-raw/,166.0,kcal,693.0,kJ,,0.0,0.0,0.0,0.42,1.28,0.48,0.24,1.78,0.44,0.14,0.0,0.02,0.11,0.06,0.62,0.22,1.19,10.0,0.0,73.0,0.05,0.0,10.0,7.0,0.3,27.0,3.5,10.4,2.47,0.55,216.0,3.2,420.0,19.0,32.0,0.1,2.0,30.0,48.0,0.0,0.0,0.0,0.0,0.0,32.0,32.0,4.8,0.21,0.13,6.9,0.49,5.0,0.0,6.9,1.1,71.0,0.5
4.257,"Trout, farmed, simmered","Salmo trutta Linnaeus, 1758",4.1.1,https://www.matvaretabellen.no/en/trout-farmed-simmered/,143.0,kcal,597.0,kJ,,0.0,0.0,0.0,0.35,1.07,0.4,0.2,1.48,0.37,0.11,0.0,0.02,0.09,0.05,0.52,0.18,0.99,12.0,0.0,87.0,0.05,0.0,8.3,8.0,0.3,27.0,2.9,12.4,2.06,0.46,219.0,2.6,375.0,17.0,27.0,0.1,1.7,32.0,49.0,0.0,0.0,0.0,0.0,0.0,27.0,27.0,4.6,0.19,0.11,5.8,0.41,4.0,0.0,5.8,0.9,75.0,0.6
4.267,"Trout, farmed, slices, rolled in flour, fried in fat","Salmo trutta Linnaeus, 1758",4.1.1,https://www.matvaretabellen.no/en/trout-farmed-slices-rolled-in-flour-fried-in-fat/,207.0,kcal,865.0,kJ,,0.0,6.0,0.14,0.49,1.53,0.44,0.46,3.27,1.05,0.27,0.0,0.02,0.1,0.06,0.54,0.19,1.03,12.0,3.2,81.0,0.06,0.2,12.6,8.0,0.3,28.0,4.8,11.4,2.3,1.14,216.0,3.5,396.0,20.1,40.0,0.1,2.9,33.0,59.0,3.2,0.0,0.0,0.0,0.0,40.0,41.0,4.7,0.19,0.13,6.8,0.43,5.0,0.0,6.3,1.1,64.0,0.6
4.047,"Trout, ocean, raw","Salmo trutta Linnaeus, 1758",4.1.1,https://www.matvaretabellen.no/en/trout-ocean-raw/,110.0,kcal,462.0,kJ,55.0,0.0,0.0,0.0,0.11,0.32,0.12,0.06,0.45,0.11,0.03,0.0,0.0,0.03,0.02,0.16,0.06,0.3,20.0,0.0,50.0,0.04,0.0,3.3,20.0,1.2,30.0,0.9,8.9,0.63,0.14,290.0,0.9,414.0,20.0,12.0,0.1,0.5,19.0,53.0,0.0,0.0,0.0,0.0,0.0,12.0,12.0,5.0,0.1,0.21,5.2,0.54,9.0,0.0,9.0,0.7,77.0,0.4
4.259,"Trout, sea, rolled in flour, fried in fat","Salmo trutta Linnaeus, 1758",4.1.1,https://www.matvaretabellen.no/en/trout-sea-rolled-in-flour-fried-in-fat/,165.0,kcal,691.0,kJ,,0.0,7.0,0.17,0.24,0.77,0.13,0.35,2.45,0.89,0.21,0.0,0.0,0.02,0.01,0.14,0.05,0.26,23.0,3.2,56.0,0.05,0.2,7.5,22.0,1.1,31.0,2.8,9.7,0.72,0.91,286.0,1.7,387.0,21.0,25.0,0.2,1.8,20.0,66.0,3.2,0.0,0.0,0.0,0.0,25.0,26.0,4.8,0.1,0.21,5.1,0.47,8.0,0.0,8.1,0.8,68.0,0.5
4.317,"Trout, sea, simmered","Salmo trutta Linnaeus, 1758",4.1.1,https://www.matvaretabellen.no/en/trout-sea-simmered/,135.0,kcal,567.0,kJ,,0.0,0.0,0.0,0.12,0.38,0.14,0.07,0.52,0.13,0.04,0.0,0.01,0.03,0.02,0.18,0.06,0.35,33.0,0.0,83.0,0.06,0.0,3.9,30.0,1.6,43.0,1.0,14.8,0.73,0.16,411.0,1.0,518.0,25.0,14.0,0.2,0.6,28.0,75.0,0.0,0.0,0.0,0.0,0.0,14.0,14.0,6.7,0.13,0.25,6.1,0.63,11.0,0.0,10.5,0.8,71.0,0.7
4.108,"Tuna in water, drained, canned","Thunnus thynnus (Linnaeus, 1758)",4.4,https://www.matvaretabellen.no/en/tuna-in-water-drained-canned/,105.0,kcal,447.0,kJ,100.0,0.0,0.0,0.0,0.01,0.13,0.02,0.06,0.07,0.01,0.0,0.0,0.0,0.0,0.02,0.03,0.01,0.18,15.0,0.0,56.0,0.06,0.0,1.0,9.0,1.3,28.0,0.1,16.5,0.22,0.05,206.0,0.3,220.0,24.1,8.0,1.0,0.2,77.0,384.0,0.0,0.0,0.0,0.0,0.0,8.0,8.0,2.5,0.01,0.08,12.1,0.49,5.0,0.0,4.2,0.4,75.0,0.9
4.106,"Tuna, in jelly, canned","Thunnus thynnus (Linnaeus, 1758)",4.4,https://www.matvaretabellen.no/en/tuna-in-jelly-canned/,70.0,kcal,296.0,kJ,100.0,0.0,0.0,0.0,0.0,0.04,0.01,0.02,0.02,0.0,0.0,0.0,0.0,0.0,0.01,0.01,0.0,0.06,6.0,0.0,30.0,0.04,0.0,0.4,8.0,1.2,19.0,0.1,11.7,0.07,0.02,164.0,0.1,288.0,16.5,0.0,1.0,0.1,75.0,401.0,0.0,0.0,0.0,0.0,0.0,0.0,0.0,1.8,0.0,0.06,8.7,0.24,3.0,0.0,4.2,0.3,83.0,0.6
4.285,"Tuna, in oil, canned","Thunnus thynnus (Linnaeus, 1758)",4.4,https://www.matvaretabellen.no/en/tuna-in-oil-canned/,211.0,kcal,878.0,kJ,100.0,0.0,0.0,0.0,0.03,0.95,0.04,0.49,3.38,7.1,0.04,0.0,0.0,0.0,0.03,0.04,0.01,0.32,8.0,0.0,45.0,0.06,0.0,13.5,9.0,1.0,33.0,3.7,18.2,0.43,7.16,255.0,7.4,247.0,22.3,0.0,0.8,1.8,100.0,335.0,0.0,0.0,0.0,0.0,0.0,0.0,0.0,4.7,0.0,0.09,14.1,0.25,4.0,0.0,4.4,4.9,64.0,0.7
4.107,"Tuna, in oil, drained, canned","Thunnus thynnus (Linnaeus, 1758)",4.4,https://www.matvaretabellen.no/en/tuna-in-oil-drained-canned/,128.0,kcal,541.0,kJ,100.0,0.0,0.0,0.0,0.02,0.35,0.02,0.16,0.73,1.08,0.05,0.0,0.0,0.01,0.05,0.05,0.01,0.33,10.0,0.0,54.0,0.06,0.0,3.3,10.0,1.1,31.0,0.8,19.7,0.45,1.13,253.0,1.6,235.0,24.6,346.0,0.9,0.6,122.0,363.0,0.0,0.0,0.0,0.0,0.0,346.0,346.0,5.1,0.15,0.15,15.2,0.29,4.0,0.0,1.5,1.3,72.0,0.9
4.043,"Tuna, raw","Thunnus thynnus (Linnaeus, 1758)",4.1.2,https://www.matvaretabellen.no/en/tuna-raw/,105.0,kcal,445.0,kJ,58.0,0.0,0.0,0.0,0.01,0.17,0.02,0.07,0.1,0.01,0.0,0.0,0.0,0.0,0.02,0.04,0.01,0.25,11.0,0.0,41.0,0.1,0.0,1.0,17.0,2.3,39.0,0.2,13.5,0.3,0.06,266.0,0.4,475.0,24.0,372.0,0.1,0.3,200.0,40.0,0.0,0.0,0.0,0.0,0.0,372.0,372.0,4.8,0.16,0.16,9.1,1.0,15.0,0.0,1.6,1.2,75.0,0.6
4.112,"Turbot, raw","Psetta maxima (Linnaeus, 1758)",4.1.2,https://www.matvaretabellen.no/en/turbot-raw/,85.0,kcal,359.0,kJ,50.0,0.0,0.0,0.0,0.08,0.28,0.24,0.06,0.31,0.02,0.01,0.0,0.0,0.02,0.04,0.27,0.09,0.22,16.0,0.0,54.0,0.0,0.0,2.4,35.0,0.2,19.0,0.7,9.0,0.66,0.07,160.0,0.9,290.0,15.9,4.0,0.2,0.5,30.0,73.0,0.0,0.0,0.0,0.0,0.0,4.0,4.0,0.8,0.04,0.08,6.1,0.3,16.0,0.0,1.7,0.6,82.0,0.6
3.241,"Turkey breast, without skin, roasted","Meleagris Linnaeus, 1758",3.1,https://www.matvaretabellen.no/en/turkey-breast-without-skin-roasted/,151.0,kcal,641.0,kJ,100.0,0.0,0.0,0.01,0.02,0.29,0.06,0.13,0.41,0.2,0.01,0.0,0.0,0.0,0.02,0.0,0.01,0.02,3.0,0.0,62.0,0.04,0.0,1.4,0.6,0.6,30.0,0.5,20.0,0.04,0.23,261.0,0.3,247.0,34.8,6.0,0.2,0.4,7.0,68.0,0.0,0.0,0.0,0.0,0.0,6.0,6.0,3.0,0.12,0.23,11.4,0.6,7.0,0.0,0.3,0.2,64.0,1.1
3.204,"Turkey, breast, without skin, raw","Meleagris Linnaeus, 1758",3.1,https://www.matvaretabellen.no/en/turkey-breast-without-skin-raw/,114.0,kcal,484.0,kJ,100.0,0.0,0.0,0.01,0.02,0.31,0.07,0.13,0.44,0.22,0.01,0.0,0.0,0.0,0.03,0.0,0.01,0.02,3.0,0.0,49.0,0.05,0.0,1.4,0.5,0.5,30.0,0.5,16.0,0.04,0.25,261.0,0.3,329.0,25.3,7.0,0.2,0.5,6.0,64.0,0.0,0.0,0.0,0.0,0.0,7.0,7.0,3.6,0.16,0.22,11.4,0.81,9.0,0.0,0.3,0.2,73.0,0.9
3.004,"Turkey, meat and skin, raw","Meleagris Linnaeus, 1758",3.1,https://www.matvaretabellen.no/en/turkey-meat-and-skin-raw/,133.0,kcal,560.0,kJ,100.0,0.0,0.0,0.01,0.06,1.16,0.25,0.49,1.62,0.8,0.04,0.0,0.01,0.0,0.09,0.02,0.02,0.08,6.0,0.0,78.0,0.03,0.0,5.2,6.0,0.6,23.0,1.9,11.5,0.16,0.91,210.0,1.2,320.0,21.6,7.0,0.2,1.7,12.0,70.0,0.0,0.0,0.0,0.0,0.0,7.0,7.0,1.0,0.07,0.2,7.5,0.55,16.0,0.0,0.4,0.5,73.0,1.8
3.005,"Turkey, with skin, roasted","Meleagris Linnaeus, 1758",3.1,https://www.matvaretabellen.no/en/turkey-with-skin-roasted/,163.0,kcal,685.0,kJ,100.0,0.0,0.0,0.01,0.06,1.08,0.24,0.46,1.52,0.75,0.04,0.0,0.01,0.0,0.09,0.02,0.02,0.07,7.0,0.0,98.0,0.02,0.0,4.9,8.0,0.7,23.0,1.8,14.3,0.15,0.85,210.0,1.1,240.0,29.7,7.0,0.2,1.6,15.0,74.0,0.0,0.0,0.0,0.0,0.0,7.0,7.0,0.8,0.05,0.21,7.5,0.41,12.0,0.0,0.4,0.5,65.0,2.3
3.239,"Turkey, without skin, raw","Meleagris Linnaeus, 1758",3.1,https://www.matvaretabellen.no/en/turkey-without-skin-raw/,105.0,kcal,443.0,kJ,100.0,0.0,0.0,0.01,0.02,0.36,0.08,0.15,0.51,0.25,0.01,0.0,0.0,0.0,0.03,0.01,0.01,0.02,5.0,0.0,70.0,0.02,0.0,1.6,0.5,0.6,25.0,0.6,12.1,0.05,0.28,220.0,0.4,340.0,22.6,7.0,0.2,0.5,13.0,68.0,0.0,0.0,0.0,0.0,0.0,7.0,7.0,2.0,0.07,0.22,8.0,0.61,17.0,0.0,0.3,0.2,76.0,1.9
3.24,"Turkey, without skin, roasted","Meleagris Linnaeus, 1758",3.1,https://www.matvaretabellen.no/en/turkey-without-skin-roasted/,138.0,kcal,584.0,kJ,100.0,0.0,0.0,0.01,0.02,0.34,0.07,0.14,0.47,0.23,0.01,0.0,0.0,0.0,0.03,0.0,0.01,0.02,6.0,0.0,88.0,0.02,0.0,1.5,0.6,0.7,25.0,0.6,15.2,0.05,0.27,220.0,0.4,255.0,31.1,7.0,0.2,0.5,16.0,72.0,0.0,0.0,0.0,0.0,0.0,7.0,7.0,1.6,0.05,0.23,8.0,0.46,13.0,0.0,0.3,0.2,67.0,2.4
6.153,"Turmeric, ground",Curcuma longa L.,16,https://www.matvaretabellen.no/en/turmeric-ground/,291.0,kcal,1221.21,kJ,100.0,0.0,0.0,0.0,0.39,0.16,0.0,0.0,0.08,0.67,0.0,0.0,0.0,0.0,0.0,0.0,0.0,0.0,168.0,44.4,0.0,1.3,23.0,3.3,0.5,55.0,208.0,0.4,3.0,0.0,0.75,299.0,0.8,2080.0,9.7,0.0,0.1,1.8,6.0,27.0,41.2,0.0,0.0,3.2,0.1,0.0,0.0,0.0,0.06,0.15,1.4,0.11,20.0,1.0,0.0,4.4,20.0,4.5
6.046,"Turnip, Norwegian, raw",Brassica rapa L. ssp. rapa,6.2,https://www.matvaretabellen.no/en/turnip-norwegian-raw/,29.0,kcal,122.0,kJ,77.0,0.0,20.0,0.0,0.0,0.01,0.0,0.0,0.01,0.01,0.04,0.0,0.0,0.0,0.0,0.0,0.0,0.0,40.0,4.7,0.0,0.04,2.0,0.3,0.2,0.2,10.0,0.0,1.4,0.04,0.01,36.0,0.1,279.0,0.9,0.0,0.0,0.1,0.0,17.0,0.1,0.0,0.0,4.6,0.0,2.0,3.0,0.0,0.02,0.01,1.2,0.07,36.0,31.0,0.0,0.1,92.0,0.2
6.673,Tzatziki,,6.6,https://www.matvaretabellen.no/en/tzatziki/,37.0,kcal,155.0,kJ,100.0,0.0,53.0,0.04,0.15,0.44,0.04,0.16,0.31,0.04,0.01,0.0,0.0,0.0,0.0,0.0,0.0,0.0,81.0,3.3,4.0,0.01,0.5,1.6,9.0,0.2,15.0,0.4,0.6,0.01,0.02,65.0,0.0,205.0,2.2,17.0,0.5,1.0,1.0,206.0,0.2,0.0,0.1,3.1,0.0,22.0,25.0,0.2,0.04,0.09,0.2,0.04,8.0,6.0,0.0,0.1,92.0,0.3
1.023,"Vanilla sauce, Piano",,7.3,https://www.matvaretabellen.no/en/vanilla-sauce-piano/,148.0,kcal,618.0,kJ,100.0,0.0,6.0,0.25,0.84,2.38,0.19,0.87,1.7,0.12,0.03,0.0,0.0,0.0,0.0,0.0,0.0,0.0,106.0,15.4,21.0,0.02,0.2,8.3,13.0,0.1,10.0,2.0,0.8,0.03,0.03,92.0,0.2,142.0,2.8,110.0,0.1,5.3,2.0,40.0,1.8,11.2,11.2,13.6,0.2,111.0,111.0,0.2,0.04,0.13,0.1,0.03,4.0,0.0,0.0,0.2,73.0,0.4
9.108,Vanilla sugar,,7.1,https://www.matvaretabellen.no/en/vanilla-sugar/,364.0,kcal,1548.7,kJ,100.0,0.0,0.0,0.0,0.0,0.0,0.0,0.0,0.0,0.0,0.0,0.0,0.0,0.0,0.0,0.0,0.0,0.0,0.0,91.1,0.0,0.0,0.0,0.0,0.0,0.0,0.0,0.0,0.0,0.0,0.0,0.0,0.0,0.0,0.0,0.0,0.0,0.0,0.0,1.0,0.0,91.0,91.0,91.1,0.0,0.0,0.0,0.0,0.0,0.0,0.0,0.0,0.0,0.0,0.0,0.0,9.0,0.0
3.039,"Veal, chops, raw","Bos taurus Linnaeus, 1758",3.3,https://www.matvaretabellen.no/en/veal-chops-raw/,117.0,kcal,494.0,kJ,73.0,0.0,0.0,0.0,0.07,0.68,0.07,0.46,0.94,0.06,0.02,0.0,0.0,0.0,0.01,0.0,0.01,0.0,12.0,0.0,38.0,0.11,0.0,3.0,2.0,1.7,20.0,1.1,9.2,0.04,0.08,198.0,0.1,320.0,22.5,2.0,0.2,1.3,6.0,68.0,0.0,0.0,0.0,0.0,0.0,2.0,2.0,1.3,0.09,0.22,5.1,0.4,5.0,0.0,0.0,0.2,75.0,4.3
3.037,"Veal, for roast, raw","Bos taurus Linnaeus, 1758",3.3,https://www.matvaretabellen.no/en/veal-for-roast-raw/,107.0,kcal,453.0,kJ,79.0,0.0,0.0,0.0,0.06,0.57,0.06,0.39,0.79,0.05,0.01,0.0,0.0,0.0,0.01,0.0,0.01,0.0,13.0,0.0,38.0,0.11,0.0,2.4,2.0,2.2,20.0,0.9,9.3,0.03,0.06,268.0,0.1,460.0,21.4,1.0,0.1,1.1,6.0,55.0,0.0,0.0,0.0,0.0,0.0,1.0,1.0,1.3,0.11,0.22,5.4,0.4,5.0,0.0,0.0,0.2,76.0,3.4
3.155,"Veal, roll",,3.5,https://www.matvaretabellen.no/en/veal-roll/,196.0,kcal,817.0,kJ,100.0,0.0,3.0,0.02,0.21,2.96,0.36,1.48,5.64,1.27,0.14,0.02,0.01,0.0,0.03,0.0,0.02,0.0,10.0,7.4,33.0,0.06,0.3,13.3,0.7,0.9,15.0,6.1,5.1,0.18,1.37,128.0,1.6,239.0,11.6,8.0,1.9,4.8,5.0,760.0,7.3,0.0,0.0,0.1,0.0,9.0,8.0,0.6,0.15,0.08,3.1,0.21,2.0,0.0,0.2,0.4,67.0,1.6
6.789,"Vegetable spread, Vita hjertego",,10.6,https://www.matvaretabellen.no/en/vegetable-spread-vita-hjertego/,193.0,kcal,797.0,kJ,100.0,0.0,594.0,0.0,0.0,0.77,0.03,0.35,7.08,5.44,0.62,0.0,0.0,0.0,0.0,0.0,0.0,0.0,29.0,7.9,0.0,0.13,5.0,15.0,0.1,1.1,33.0,7.3,1.2,0.62,5.46,82.0,6.1,268.0,4.0,0.0,1.2,1.3,2.0,460.0,5.6,0.0,0.0,2.3,0.0,49.0,99.0,0.0,0.07,0.04,0.3,0.11,39.0,3.0,0.0,5.8,68.0,0.7
12.027,"Vinegar, 7 %",,10.7,https://www.matvaretabellen.no/en/vinegar-7/,4.0,kcal,17.0,kJ,100.0,0.0,0.0,0.0,0.0,0.0,0.0,0.0,0.0,0.0,0.0,0.0,0.0,0.0,0.0,0.0,0.0,0.0,3.0,0.6,0.0,0.07,0.0,0.0,,0.1,4.0,0.0,0.1,0.0,0.0,10.0,0.0,34.0,0.4,0.0,0.0,0.0,1.0,5.0,0.0,0.0,0.0,0.6,0.0,0.0,0.0,0.0,0.0,0.0,0.0,0.0,0.0,0.0,0.0,0.0,99.0,0.1
10.178,"Vinegar, apple cider",,10.7,https://www.matvaretabellen.no/en/vinegar-apple-cider/,4.0,kcal,17.0,kJ,100.0,0.0,0.0,0.0,0.0,0.0,0.0,0.0,0.0,0.0,0.0,0.0,0.0,0.0,0.0,0.0,0.0,0.0,9.0,0.6,0.0,,0.0,0.0,0.0,0.2,3.0,0.0,0.1,0.0,0.0,5.0,0.0,17.0,0.4,0.0,0.0,0.0,0.0,7.0,0.0,0.0,0.0,0.6,0.0,0.0,0.0,0.0,0.0,0.0,0.0,0.0,0.0,0.0,0.0,0.0,99.0,0.1
12.115,"Vitamin Bears, Collett",,10.10,https://www.matvaretabellen.no/en/vitamin-bears-collett/,,kcal,,,100.0,0.0,,0.0,0.0,0.0,0.0,0.0,0.0,0.0,0.0,0.0,0.0,0.0,0.0,0.0,0.0,0.0,,26.0,0.0,,0.0,0.0,0.0,,,0.0,381.0,0.0,0.0,,0.0,,0.0,,,0.0,,,,0.0,0.0,,0.0,9524.0,,59.5,,,381.0,33.33,4762.0,1429.0,238.1,285.7,74.0,
12.114,"Vitamineral, Vitaplex",,10.10,https://www.matvaretabellen.no/en/vitamineral-vitaplex/,3.0,kcal,13.0,kJ,100.0,0.0,,0.0,0.0,0.0,0.0,0.0,0.0,0.0,0.0,0.0,0.0,0.0,0.0,0.0,0.0,0.0,,0.0,,181.82,0.0,0.4,27273.0,,,,2909.1,0.0,0.0,,,,0.0,,,0.4,10000.0,,0.0,0.0,0.0,0.0,,145455.0,,454.5,200.0,254.55,2909.1,,36364.0,14545.0,909.1,2181.8,100.0,1818.2
5.481,"Waffle flour mix, gluten-free, Toro",,5.1,https://www.matvaretabellen.no/en/waffle-flour-mix-gluten-free-toro/,367.0,kcal,1557.5,kJ,100.0,0.0,0.0,0.0,0.01,0.28,0.03,0.12,0.42,0.2,0.01,0.0,0.0,0.0,0.02,0.0,0.0,0.01,119.0,83.2,101.0,0.05,0.4,1.3,15.0,0.6,15.0,0.5,1.4,0.02,0.23,268.0,0.3,168.0,5.4,31.0,1.2,0.4,0.0,469.0,65.2,15.0,15.0,18.0,0.0,31.0,31.0,0.6,0.07,0.21,0.5,0.13,15.0,6.0,0.2,0.4,10.0,0.6
5.387,"Waffles, coarse",,5.9,https://www.matvaretabellen.no/en/waffles-coarse/,224.0,kcal,941.0,kJ,100.0,0.0,14.0,0.19,0.19,1.25,0.1,0.56,3.27,1.51,0.22,0.0,0.0,0.0,0.05,0.0,0.0,0.03,108.0,26.8,85.0,0.09,2.0,8.5,18.0,1.1,28.0,3.4,2.5,0.25,1.57,227.0,1.8,218.0,8.9,63.0,1.0,2.5,6.0,386.0,18.2,5.8,5.8,8.7,0.0,64.0,65.0,0.6,0.12,0.18,0.6,0.08,13.0,0.0,1.3,2.2,54.0,1.0
5.35,"Waffles, gluten free, prepared from powder, Toro",,5.9,https://www.matvaretabellen.no/en/waffles-gluten-free-prepared-from-powder-toro/,395.0,kcal,1658.4415584415583,kJ,100.0,0.0,62.0,0.02,0.03,0.89,0.02,0.53,9.9,3.1,1.33,0.0,0.0,0.0,0.01,0.0,0.0,0.01,80.0,55.7,68.0,0.03,0.3,17.4,10.0,0.4,10.0,10.1,1.0,1.34,3.12,179.0,4.5,113.0,3.7,173.0,1.0,1.7,0.0,397.0,43.6,10.0,10.0,12.1,0.0,178.0,183.0,0.4,0.04,0.14,0.3,0.08,7.0,3.0,2.2,3.2,23.0,0.4
5.349,"Waffles, prepared from powder, Toro",,5.9,https://www.matvaretabellen.no/en/waffles-prepared-from-powder-toro/,254.0,kcal,1062.818166633357,kJ,100.0,0.0,31.0,0.42,0.36,1.42,0.09,0.8,5.39,2.2,0.47,0.0,0.0,0.0,0.01,0.0,0.0,0.01,53.0,29.1,40.0,0.05,1.0,12.6,5.0,0.5,15.0,5.5,1.4,0.48,2.19,90.0,2.6,94.0,5.4,71.0,0.6,3.7,4.0,244.0,21.1,6.8,6.8,8.0,0.1,73.0,76.0,0.1,0.08,0.07,0.4,0.04,6.0,1.0,1.0,2.0,52.0,0.4
5.247,"Waffles, with egg",,5.9,https://www.matvaretabellen.no/en/waffles-with-egg/,212.0,kcal,892.0,kJ,100.0,0.0,18.0,0.23,0.25,1.19,0.08,0.57,3.32,1.43,0.25,0.0,0.0,0.0,0.03,0.0,0.0,0.02,93.0,26.0,53.0,0.06,1.0,8.5,15.0,0.7,17.0,3.4,1.9,0.27,1.46,155.0,1.7,175.0,7.3,54.0,0.5,2.7,4.0,181.0,19.1,4.2,4.2,6.9,0.0,56.0,57.0,0.5,0.08,0.14,0.4,0.06,9.0,0.0,1.0,1.8,57.0,0.6
5.288,"Waffles, with egg, no fat added",,5.9,https://www.matvaretabellen.no/en/waffles-with-egg-no-fat-added/,192.0,kcal,812.0,kJ,100.0,0.0,2.0,0.02,0.07,0.59,0.05,0.19,0.74,0.56,0.03,0.0,0.0,0.0,0.03,0.0,0.0,0.01,92.0,32.5,49.0,0.08,2.0,2.8,14.0,0.8,20.0,0.8,2.2,0.05,0.59,163.0,0.6,189.0,8.3,23.0,0.4,1.0,4.0,157.0,25.8,4.1,4.1,6.7,0.0,23.0,23.0,0.5,0.1,0.14,0.5,0.07,10.0,1.0,0.5,1.0,55.0,0.7
5.086,"Waffles, with sour cream, without eggs",,5.9,https://www.matvaretabellen.no/en/waffles-with-sour-cream-without-eggs/,271.0,kcal,1129.4674875,kJ,100.0,0.0,91.0,0.47,1.55,4.48,0.36,1.62,3.22,0.5,0.08,0.0,0.0,0.0,0.0,0.0,0.0,0.0,47.0,25.6,38.0,0.06,2.0,16.0,6.0,0.4,15.0,3.8,1.4,0.08,0.34,101.0,0.6,110.0,5.2,217.0,0.4,9.9,1.0,178.0,24.2,0.0,0.0,1.4,0.4,224.0,232.0,0.1,0.08,0.08,0.5,0.05,5.0,0.0,0.1,0.5,52.0,0.4
6.56,Walnuts,Juglans regia L.,14.2,https://www.matvaretabellen.no/en/walnuts/,680.0,kcal,2804.6,kJ,45.0,0.0,0.0,0.0,0.0,3.39,0.06,1.31,9.59,30.5,6.7,0.0,0.0,0.0,0.0,0.0,0.0,0.0,84.0,2.8,0.0,1.1,7.0,66.5,0.0,2.9,130.0,9.8,3.0,6.42,30.79,310.0,37.2,380.0,14.1,0.0,0.0,4.7,1.0,0.0,0.2,0.0,0.0,2.6,0.0,0.0,0.0,0.0,0.25,0.18,0.6,0.19,123.0,1.0,0.0,0.9,10.0,2.7
6.192,"Wasabi, root, raw",Wasabia japonica (Miq.) Matsum,6.2,https://www.matvaretabellen.no/en/wasabi-root-raw/,103.0,kcal,435.0,kJ,77.0,0.0,21.0,0.0,0.0,0.06,0.0,0.02,0.13,0.29,0.05,0.0,0.0,0.0,0.0,0.0,0.0,0.0,128.0,15.7,0.0,0.16,8.0,0.6,1.0,1.0,69.0,0.1,1.5,0.05,0.29,80.0,0.4,568.0,4.8,0.0,0.0,0.1,,17.0,,0.0,0.0,,0.0,2.0,3.0,0.0,0.13,0.11,0.7,0.27,18.0,42.0,0.0,,71.0,1.6
6.147,"Water chestnut, raw",Eleocharis dulcis (Burman f.) Trin. ex Henschel,6.2,https://www.matvaretabellen.no/en/water-chestnut-raw/,52.0,kcal,220.0,kJ,73.0,0.0,0.0,0.0,0.0,0.03,0.0,0.0,0.06,0.06,0.01,0.0,0.0,0.0,0.0,0.0,0.0,0.0,8.0,10.4,0.0,,2.0,0.2,0.5,0.7,14.0,0.1,1.2,0.01,0.07,70.0,0.1,530.0,1.4,0.0,0.0,0.0,,12.0,5.6,0.0,0.0,4.8,0.0,0.0,0.0,0.0,0.09,0.11,1.0,0.1,,5.0,0.0,,87.0,
6.135,"Water chestnuts, chinese, canned, drained",Eleocharis dulcis (Burman f.) Trin. ex Henschel,6.6,https://www.matvaretabellen.no/en/water-chestnuts-chinese-canned-drained/,38.0,kcal,161.0,kJ,63.0,0.0,0.0,0.0,0.0,0.0,0.0,0.0,0.0,0.0,0.0,0.0,0.0,0.0,0.0,0.0,0.0,0.0,11.0,7.4,0.0,0.1,3.0,0.0,0.5,0.7,5.0,0.0,0.5,0.0,0.0,45.0,0.0,140.0,0.9,0.0,0.0,0.0,1.0,11.0,4.0,0.0,0.0,3.4,0.0,0.0,0.0,0.0,0.01,0.03,0.3,0.16,6.0,1.0,0.0,0.5,89.0,0.4
13.033,"Water, tap",,9.6,https://www.matvaretabellen.no/en/water-tap/,0.0,kcal,0.0,kJ,100.0,0.0,0.0,0.0,0.0,0.0,0.0,0.0,0.0,0.0,0.0,0.0,0.0,0.0,0.0,0.0,0.0,0.0,0.0,0.0,0.0,0.0,0.0,0.0,0.1,0.0,0.0,0.0,0.0,0.0,0.0,0.0,0.0,0.0,0.0,0.0,0.0,0.0,0.0,0.0,0.0,0.0,0.0,0.0,0.0,0.0,0.0,0.0,0.0,0.0,0.0,0.0,0.0,0.0,0.0,0.0,100.0,0.0
6.174,"Water-cress, raw",Nasturtium  officinale,6.2,https://www.matvaretabellen.no/en/water-cress-raw/,12.0,kcal,48.0,kJ,13.0,0.0,1589.0,0.0,0.0,0.02,0.0,0.0,0.01,0.01,0.02,0.0,0.0,0.0,0.0,0.0,0.0,0.0,138.0,0.0,0.0,0.05,2.0,0.1,7.0,0.7,16.0,0.0,0.6,0.02,0.01,61.0,0.0,300.0,1.9,0.0,0.1,0.0,2.0,37.0,0.0,0.0,0.0,0.0,0.0,132.0,264.0,0.0,0.16,0.06,0.3,0.23,43.0,3.0,0.0,1.5,97.0,0.5
3.033,"Whale, raw","Balaenopteridae Gray, 1864",3.10,https://www.matvaretabellen.no/en/whale-raw/,120.0,kcal,506.0,kJ,100.0,0.0,0.0,0.0,0.08,0.24,0.56,0.07,0.68,0.01,0.01,0.0,0.0,0.0,0.0,0.02,0.01,0.03,4.0,0.0,57.0,0.07,0.0,2.1,35.0,6.8,28.0,0.8,6.4,0.07,0.02,242.0,0.5,220.0,25.2,90.0,0.2,0.5,21.0,60.0,0.0,0.0,0.0,0.0,0.0,90.0,90.0,2.6,0.1,0.22,1.8,0.05,4.0,0.0,3.8,0.3,73.0,1.1
5.008,"Wheat bran, Møllerens",Triticum aestivum L.,5.1,https://www.matvaretabellen.no/en/wheat-bran-mollerens/,244.0,kcal,1006.795,kJ,100.0,0.0,0.0,0.0,0.0,0.49,0.01,0.0,0.53,1.72,0.14,0.0,0.0,0.0,0.0,0.0,0.0,0.0,104.0,11.3,0.0,1.0,51.0,3.5,0.0,13.0,535.0,0.5,24.7,0.14,1.72,1300.0,1.9,1550.0,16.3,0.0,0.0,0.5,3.0,0.0,9.3,0.0,0.0,2.0,0.0,0.0,0.0,0.0,0.88,0.23,22.0,0.9,88.0,0.0,0.0,0.5,18.0,7.8
5.494,"Wheat bran, Regal",Triticum aestivum L.,5.1,https://www.matvaretabellen.no/en/wheat-bran-regal/,253.0,kcal,1048.015,kJ,100.0,0.0,0.0,0.0,0.0,0.6,0.01,0.0,0.61,2.03,0.17,0.0,0.0,0.0,0.0,0.0,0.0,0.0,90.0,15.8,0.0,1.1,47.0,3.7,0.0,11.5,475.0,0.6,21.1,0.17,2.03,1200.0,2.2,1500.0,15.6,0.0,0.0,0.6,2.0,0.0,13.6,0.0,0.0,2.3,0.0,0.0,0.0,0.0,0.93,0.24,18.5,0.89,95.0,1.0,0.0,1.2,18.0,7.5
5.241,"Wheat bran, roasted, sweetened, All-Bran Plus",Triticum aestivum L.,5.3,https://www.matvaretabellen.no/en/wheat-bran-roasted-sweetened-all-bran-plus/,349.0,kcal,1472.94,kJ,100.0,0.0,0.0,0.0,0.0,0.56,0.01,0.08,0.54,1.68,0.13,0.0,0.0,0.0,0.0,0.0,0.0,0.0,35.0,61.9,0.0,0.4,14.0,3.6,2.0,5.3,120.0,0.6,18.5,0.13,1.68,310.0,1.8,440.0,10.3,0.0,0.6,0.7,0.0,230.0,49.1,12.5,12.5,12.8,0.0,0.0,0.0,0.0,0.72,0.54,16.8,0.91,98.0,0.0,0.0,1.5,10.0,2.4
5.156,"Wheat flakes, roasted, All-Bran Regular",Triticum aestivum L.,5.3,https://www.matvaretabellen.no/en/wheat-flakes-roasted-all-bran-regular/,336.0,kcal,1418.5,kJ,100.0,0.0,0.0,0.0,0.0,0.38,0.0,0.02,0.31,1.04,0.08,0.0,0.0,0.0,0.0,0.0,0.0,0.0,43.0,62.3,0.0,0.49,15.0,1.8,2.0,4.1,130.0,0.3,8.7,0.08,1.04,370.0,1.1,520.0,10.4,0.0,0.7,0.4,4.0,270.0,49.0,13.3,13.3,13.3,0.0,0.0,0.0,0.0,0.17,0.12,7.0,0.23,27.0,,0.0,0.7,11.0,2.6
5.01,"Wheat flour, 80 % extraction",Triticum aestivum L.,5.1,https://www.matvaretabellen.no/en/wheat-flour-80-extraction/,343.0,kcal,1451.6425,kJ,100.0,0.0,0.0,0.0,0.0,0.22,0.0,0.0,0.15,0.79,0.06,0.0,0.0,0.0,0.0,0.0,0.0,0.0,21.0,68.1,0.0,0.16,5.0,1.4,0.0,1.2,35.0,0.2,3.3,0.05,0.79,123.0,0.8,188.0,12.1,0.0,0.0,0.2,1.0,0.0,67.8,0.0,0.0,0.3,0.0,0.0,0.0,0.0,0.27,0.04,1.3,0.12,16.0,2.0,0.0,0.5,14.0,0.8
5.496,"Wheat flour, organic",Triticum aestivum L.,5.1,https://www.matvaretabellen.no/en/wheat-flour-organic/,343.0,kcal,1453.53,kJ,100.0,0.0,0.0,0.0,0.0,0.22,0.0,0.0,0.17,0.8,0.05,0.0,0.0,0.0,0.0,0.0,0.0,0.0,25.0,66.3,0.0,0.25,5.0,1.5,0.0,1.5,47.0,0.2,3.8,0.05,0.8,148.0,0.8,205.0,13.7,0.0,0.0,0.2,3.0,0.0,65.9,0.0,0.0,0.4,0.0,0.0,0.0,0.0,0.27,0.04,1.5,0.12,18.0,0.0,0.0,0.5,14.0,1.2
5.006,"Wheat flour, wholemeal",Triticum aestivum L.,5.1,https://www.matvaretabellen.no/en/wheat-flour-wholemeal/,330.0,kcal,1392.21,kJ,100.0,0.0,0.0,0.0,0.0,0.32,0.0,0.0,0.26,1.13,0.09,0.0,0.0,0.0,0.0,0.0,0.0,0.0,36.0,57.9,0.0,0.32,13.0,2.1,0.0,3.3,110.0,0.3,6.8,0.09,1.13,303.0,1.2,420.0,13.4,0.0,0.0,0.3,1.0,0.0,57.2,0.0,0.0,0.8,0.0,0.0,0.0,0.0,0.6,0.09,4.6,0.25,35.0,0.0,0.0,0.8,14.0,2.3
5.009,"Wheat, grain",Triticum aestivum L.,5.2,https://www.matvaretabellen.no/en/wheat-grain/,315.0,kcal,1331.155,kJ,100.0,0.0,3.0,0.0,0.0,0.27,0.0,0.02,0.03,0.86,0.06,0.0,0.0,0.0,0.0,0.0,0.0,0.0,31.0,54.4,0.0,0.35,12.0,2.4,2.0,4.1,116.0,0.4,8.6,0.06,0.86,371.0,1.1,414.0,13.0,0.0,0.0,0.3,10.0,2.0,52.4,0.0,0.0,2.0,0.0,0.0,0.0,0.0,0.52,0.08,6.4,0.19,40.0,0.0,0.0,0.9,18.0,2.7
5.007,Wheatgerm,Triticum aestivum L.,5.1,https://www.matvaretabellen.no/en/wheatgerm/,331.0,kcal,1383.8,kJ,100.0,0.0,62.0,0.0,0.01,1.51,0.03,0.05,1.27,5.03,0.69,0.0,0.0,0.0,0.0,0.0,0.0,0.0,60.0,25.1,0.0,1.1,18.0,9.3,0.3,8.2,290.0,1.4,11.4,0.72,5.29,1000.0,5.6,1060.0,27.4,0.0,0.0,1.6,3.0,3.0,11.8,0.0,0.0,13.3,0.0,5.0,10.0,0.0,2.13,0.44,6.8,1.82,330.0,0.0,0.0,16.0,20.0,17.8
10.198,"White sauce, home-made",,10.11,https://www.matvaretabellen.no/en/white-sauce-home-made/,114.0,kcal,477.0,kJ,100.0,0.0,31.0,0.21,0.71,1.98,0.16,0.72,1.43,0.15,0.03,0.0,0.0,0.0,0.0,0.0,0.0,0.0,129.0,8.3,17.0,0.02,0.3,7.1,17.0,0.1,10.0,1.7,1.1,0.03,0.08,117.0,0.2,180.0,4.2,48.0,0.8,4.4,1.0,332.0,4.0,0.0,0.0,4.4,0.2,50.0,53.0,0.5,0.04,0.14,0.1,0.03,3.0,0.0,0.9,0.1,80.0,0.3
6.838,Whitecurrant jam,,13.3,https://www.matvaretabellen.no/en/whitecurrant-jam/,174.0,kcal,738.0,kJ,100.0,0.0,0.0,0.0,0.0,0.0,0.0,0.0,0.0,0.0,0.0,0.0,0.0,0.0,0.0,0.0,0.0,0.0,9.0,42.2,0.0,0.05,1.0,0.0,0.3,0.4,5.0,0.0,0.1,0.0,0.0,11.0,0.0,105.0,0.5,0.0,0.0,0.0,0.0,1.0,0.0,40.0,40.0,42.2,0.0,0.0,0.0,0.0,0.01,0.02,0.04,0.02,2.0,13.0,0.0,0.0,56.0,0.1
6.849,"Whitecurrants, raw",Ribes rubrum L.,13.1,https://www.matvaretabellen.no/en/whitecurrants-raw/,34.0,kcal,145.0,kJ,100.0,0.0,0.0,0.0,0.0,0.0,0.0,0.0,0.0,0.0,0.0,0.0,0.0,0.0,0.0,0.0,0.0,0.0,22.0,5.6,0.0,0.14,3.0,0.0,0.8,0.9,13.0,0.0,0.3,0.0,0.0,28.0,0.0,290.0,1.3,0.0,0.0,0.0,0.0,2.0,0.0,0.0,0.0,5.6,0.0,0.0,0.0,0.0,0.04,0.06,0.1,0.05,7.0,40.0,0.0,0.1,90.0,0.2
4.009,"Whiting, raw","Merlangius merlangus (Linnaeus, 1758)",4.1.2,https://www.matvaretabellen.no/en/whiting-raw/,79.0,kcal,333.0,kJ,,0.0,0.0,0.0,0.01,0.09,0.01,0.02,0.06,0.0,0.0,0.0,0.0,0.0,0.01,0.08,0.01,0.18,50.0,0.0,50.0,,0.0,0.6,278.0,0.3,24.0,0.2,5.4,0.27,0.02,183.0,0.2,370.0,18.3,3.0,0.1,0.1,25.0,50.0,0.0,0.0,0.0,0.0,0.0,3.0,3.0,0.8,0.05,0.05,2.0,0.18,12.0,0.0,0.7,0.2,81.0,0.5
3.252,"Wienerschnitzel, raw",,3.5,https://www.matvaretabellen.no/en/wienerschnitzel-raw/,276.0,kcal,1156.615189243028,kJ,100.0,0.0,0.0,0.0,0.03,1.1,0.08,0.51,5.62,4.68,0.42,0.02,0.0,0.0,0.01,0.0,0.0,0.0,7.0,24.9,35.0,0.06,0.8,13.4,0.0,0.7,21.0,5.8,6.5,0.47,4.73,141.0,5.2,245.0,13.7,4.0,1.4,1.8,5.0,578.0,24.7,0.0,0.0,0.2,0.0,4.0,4.0,0.2,0.5,0.04,4.0,0.22,4.0,0.0,0.1,5.3,47.0,1.2
3.365,"Wild boar, meat, raw","Sus scrofa, Linnaeus 1758",3.10,https://www.matvaretabellen.no/en/wild-boar-meat-raw/,105.0,kcal,446.0,kJ,100.0,0.0,0.0,0.0,0.02,0.28,0.04,0.15,0.46,0.19,0.03,0.0,0.0,0.0,0.04,0.01,0.01,0.0,4.0,0.0,65.0,,0.0,1.5,3.0,1.8,26.0,0.5,10.8,0.05,0.19,220.0,0.3,367.0,23.0,2.0,0.2,0.5,13.0,66.0,0.0,0.0,0.0,0.0,0.0,2.0,2.0,1.4,1.48,0.39,6.6,0.54,2.0,0.0,0.0,0.6,76.0,2.7
13.018,"Wine, fortified, dry, 15 vol-% alcohol",,9.3,https://www.matvaretabellen.no/en/wine-fortified-dry-15-vol-alcohol/,96.0,kcal,401.0,kJ,100.0,12.0,0.0,0.0,0.0,0.0,0.0,0.0,0.0,0.0,0.0,0.0,0.0,0.0,0.0,0.0,0.0,0.0,7.0,3.0,0.0,0.03,0.0,0.0,2.0,0.3,6.0,0.0,0.0,0.0,0.0,6.0,0.0,34.0,0.1,0.0,0.0,0.0,0.0,11.0,0.0,0.0,0.0,3.0,0.0,0.0,0.0,0.0,0.0,0.0,0.0,0.01,0.0,0.0,0.0,0.0,85.0,0.0
13.015,"Wine, fortified, sweet, 17 vol-% alcohol",,9.3,https://www.matvaretabellen.no/en/wine-fortified-sweet-17-vol-alcohol/,138.0,kcal,578.0,kJ,100.0,14.0,0.0,0.0,0.0,0.0,0.0,0.0,0.0,0.0,0.0,0.0,0.0,0.0,0.0,0.0,0.0,0.0,7.0,9.8,0.0,0.11,0.0,0.0,2.0,0.4,11.0,0.0,0.2,0.0,0.0,10.0,0.0,110.0,0.3,0.0,0.0,0.0,0.0,13.0,0.0,9.8,9.8,9.8,0.0,0.0,0.0,0.0,0.0,0.01,0.1,0.01,0.0,0.0,0.0,0.0,76.0,0.0
13.007,"Wine, non-alcoholic",,9.3,https://www.matvaretabellen.no/en/wine-non-alcoholic/,17.0,kcal,71.0,kJ,100.0,0.0,0.0,0.0,0.0,0.0,0.0,0.0,0.0,0.0,0.0,0.0,0.0,0.0,0.0,0.0,0.0,0.0,44.0,4.0,0.0,0.0,0.0,0.0,1.0,0.6,3.0,0.0,0.0,0.0,0.0,20.0,0.0,70.0,0.2,0.0,0.0,0.0,0.0,3.0,0.0,0.0,4.0,4.0,0.0,0.0,0.0,0.0,0.0,0.0,0.0,0.0,0.0,0.0,0.0,0.0,96.0,0.0
13.017,"Wine, red, 12 vol-% alcohol",,9.3,https://www.matvaretabellen.no/en/wine-red-12-vol-alcohol/,74.0,kcal,308.0,kJ,100.0,10.2,0.0,0.0,0.0,0.0,0.0,0.0,0.0,0.0,0.0,0.0,0.0,0.0,0.0,0.0,0.0,0.0,7.0,0.7,0.0,0.06,0.0,0.0,1.0,0.9,11.0,0.0,0.1,0.0,0.0,13.0,0.0,110.0,0.1,0.0,0.0,0.0,0.0,7.0,0.0,0.0,0.0,0.7,0.0,0.0,0.0,0.0,0.0,0.02,0.1,0.03,1.0,0.0,0.0,0.0,89.0,0.1
13.059,"Wine, red, dry",,9.3,https://www.matvaretabellen.no/en/wine-red-dry/,64.0,kcal,266.0,kJ,100.0,9.0,0.0,0.0,0.0,0.0,0.0,0.0,0.0,0.0,0.0,0.0,0.0,0.0,0.0,0.0,0.0,0.0,7.0,0.2,0.0,0.06,0.0,0.0,1.0,0.9,11.0,0.0,0.1,0.0,0.0,13.0,0.0,110.0,0.1,0.0,0.0,0.0,0.0,7.0,0.0,0.0,0.0,0.2,0.0,0.0,0.0,0.0,0.0,0.02,0.1,0.03,1.0,0.0,0.0,0.0,91.0,0.1
13.06,"Wine, red, unspecified",,9.3,https://www.matvaretabellen.no/en/wine-red-unspecified/,70.0,kcal,289.0,kJ,100.0,9.6,0.0,0.0,0.0,0.0,0.0,0.0,0.0,0.0,0.0,0.0,0.0,0.0,0.0,0.0,0.0,0.0,7.0,0.5,0.0,0.06,0.0,0.0,1.0,0.9,11.0,0.0,0.1,0.0,0.0,13.0,0.0,110.0,0.1,0.0,0.0,0.0,0.0,7.0,0.0,0.0,0.5,0.5,0.0,0.0,0.0,0.0,0.0,0.02,0.1,0.03,1.0,0.0,0.0,0.0,90.0,0.1
13.03,"Wine, reduced alcohol",,9.3,https://www.matvaretabellen.no/en/wine-reduced-alcohol/,36.0,kcal,150.0,kJ,100.0,1.6,0.0,0.0,0.0,0.0,0.0,0.0,0.0,0.0,0.0,0.0,0.0,0.0,0.0,0.0,0.0,0.0,0.0,6.1,0.0,0.0,0.0,0.0,0.0,0.0,0.0,0.0,0.0,0.0,0.0,0.0,0.0,,0.0,0.0,,0.0,0.0,,0.0,6.1,6.1,6.1,0.0,0.0,0.0,0.0,0.0,0.0,0.0,0.0,0.0,0.0,0.0,0.0,92.0,0.0
13.031,"Wine, white, dry, 10 vol-% alcohol",,9.3,https://www.matvaretabellen.no/en/wine-white-dry-10-vol-alcohol/,72.0,kcal,299.0,kJ,100.0,9.9,0.0,0.0,0.0,0.0,0.0,0.0,0.0,0.0,0.0,0.0,0.0,0.0,0.0,0.0,0.0,0.0,12.0,0.6,0.0,0.0,0.0,0.0,2.0,0.8,8.0,0.0,0.1,0.0,0.0,8.0,0.0,81.0,0.1,0.0,0.0,0.0,0.0,11.0,0.0,0.0,0.0,0.6,0.0,0.0,0.0,0.0,0.0,0.0,0.1,0.01,0.0,0.0,0.0,0.0,89.0,0.0
13.032,"Wine, white, dry, 12 vol-% alcohol",,9.3,https://www.matvaretabellen.no/en/wine-white-dry-12-vol-alcohol/,69.0,kcal,287.0,kJ,100.0,9.5,0.0,0.0,0.0,0.0,0.0,0.0,0.0,0.0,0.0,0.0,0.0,0.0,0.0,0.0,0.0,0.0,9.0,0.6,0.0,0.01,0.0,0.0,2.0,0.5,8.0,0.0,0.1,0.0,0.0,6.0,0.0,61.0,0.1,0.0,0.0,0.0,0.0,4.0,0.0,0.0,0.0,0.6,0.0,0.0,0.0,0.0,0.0,0.01,0.1,0.02,0.0,0.0,0.0,0.0,90.0,0.0
13.056,"Wine, white, half sweet/sweet, including sparkling",,9.3,https://www.matvaretabellen.no/en/wine-white-half-sweet-sweet-including-sparkling/,72.0,kcal,298.0,kJ,100.0,8.2,0.0,0.0,0.0,0.0,0.0,0.0,0.0,0.0,0.0,0.0,0.0,0.0,0.0,0.0,0.0,0.0,14.0,3.4,0.0,0.05,0.0,0.0,2.0,0.6,11.0,0.0,0.1,0.0,0.0,13.0,0.0,110.0,0.2,0.0,0.0,0.0,0.0,13.0,0.0,0.0,3.4,3.4,0.0,0.0,0.0,0.0,0.0,0.01,0.1,0.01,0.0,0.0,0.0,0.0,88.0,0.0
13.058,"Wine, white, rosé, sparkling, unspecified",,9.3,https://www.matvaretabellen.no/en/wine-white-rose-sparkling-unspecified/,104.0,kcal,435.0,kJ,100.0,11.4,0.0,0.0,0.0,0.0,0.0,0.0,0.0,0.0,0.0,0.0,0.0,0.0,0.0,0.0,0.0,0.0,10.0,6.0,0.0,0.07,0.0,0.0,2.0,0.5,11.0,0.0,0.1,0.0,0.0,13.0,0.0,105.0,0.2,0.0,0.0,0.0,0.0,9.0,0.0,5.8,6.0,6.0,0.0,0.0,0.0,0.0,0.0,0.01,0.1,0.01,0.0,0.0,0.0,0.0,82.0,0.1
6.675,"Wok mix, Chinese style",,6.6,https://www.matvaretabellen.no/en/wok-mix-chinese-style/,27.0,kcal,115.0,kJ,100.0,0.0,1047.0,0.0,0.0,0.02,0.0,0.0,0.02,0.06,0.01,0.0,0.0,0.0,0.0,0.0,0.0,0.0,28.0,3.5,0.0,0.07,2.0,0.1,0.7,0.7,12.0,0.0,0.7,0.01,0.06,40.0,0.1,300.0,2.0,0.0,0.1,0.0,0.0,34.0,0.8,0.0,0.0,2.7,0.0,87.0,174.0,0.0,0.06,0.06,0.4,0.1,33.0,14.0,0.0,0.5,92.0,0.4
6.674,"Wok mix, Indian style",,6.6,https://www.matvaretabellen.no/en/wok-mix-indian-style/,44.0,kcal,185.0,kJ,100.0,0.0,1761.0,0.0,0.0,0.11,0.0,0.04,1.17,0.43,0.17,0.0,0.0,0.0,0.0,0.0,0.0,0.0,25.0,4.1,0.0,0.04,2.0,2.1,0.9,0.5,14.0,1.2,0.7,0.17,0.43,33.0,0.6,220.0,1.2,0.0,0.1,0.2,1.0,34.0,0.8,0.0,0.0,3.3,0.0,147.0,293.0,0.0,0.04,0.05,0.5,0.11,47.0,31.0,0.0,1.1,90.0,0.3
6.676,"Wok mix, Thai style",,6.6,https://www.matvaretabellen.no/en/wok-mix-thai-style/,51.0,kcal,214.0,kJ,100.0,0.0,119.0,0.0,0.0,0.11,0.02,0.04,1.19,0.42,0.17,0.0,0.0,0.0,0.0,0.0,0.0,0.0,30.0,5.3,0.0,0.06,3.0,2.1,2.0,0.6,16.0,1.2,0.6,0.17,0.42,39.0,0.6,245.0,1.4,0.0,0.0,0.2,1.0,7.0,0.8,0.0,0.0,4.5,0.0,10.0,19.0,0.0,0.03,0.08,0.4,0.12,49.0,12.0,0.0,1.1,88.0,0.3
6.106,"Wok mix, classic ",,6.2,https://www.matvaretabellen.no/en/wok-mix-classic/,31.0,kcal,129.0,kJ,100.0,0.0,1776.0,0.0,0.0,0.02,0.0,0.0,0.04,0.04,0.0,0.0,0.0,0.0,0.0,0.0,0.0,0.0,32.0,4.7,0.0,0.05,2.0,0.1,0.5,0.6,15.0,0.0,0.6,0.0,0.04,41.0,0.1,290.0,1.6,0.0,0.1,0.0,0.0,33.0,1.2,0.0,0.0,3.4,0.0,148.0,296.0,0.0,0.03,0.07,0.4,0.11,46.0,10.0,0.0,0.5,91.0,0.3
10.139,Wonton pastry,,10.7,https://www.matvaretabellen.no/en/wonton-pastry/,281.0,kcal,1191.9,kJ,100.0,0.0,0.0,0.0,0.0,0.22,0.01,0.03,0.18,0.57,0.04,0.0,0.0,0.0,0.0,0.0,0.0,0.0,47.0,56.2,0.0,0.15,2.0,1.5,,3.4,20.0,0.2,7.0,0.04,0.57,81.0,0.6,82.0,9.8,4.0,1.4,0.3,28.0,572.0,55.5,0.0,0.0,0.7,0.0,4.0,4.0,0.0,0.52,0.38,5.4,0.03,,0.0,0.0,,31.0,0.7
10.218,Worcestershire sauce,,10.11,https://www.matvaretabellen.no/en/worcestershire-sauce/,120.0,kcal,509.0,kJ,100.0,0.0,8.0,0.0,0.0,0.0,0.0,0.0,0.0,0.0,0.0,0.0,0.0,0.0,0.0,0.0,0.0,0.0,190.0,28.3,0.0,0.21,0.0,0.1,1.0,10.1,73.0,0.0,0.6,0.0,0.0,31.0,0.0,600.0,1.4,0.0,3.8,0.0,1.0,1500.0,6.8,,,21.5,0.0,1.0,1.0,0.0,0.0,0.01,0.4,,1.0,0.0,0.0,,70.0,0.4
6.193,"Yam, raw",Dioscorea L.,6.2,https://www.matvaretabellen.no/en/yam-raw/,111.0,kcal,470.0,kJ,86.0,0.0,83.0,0.0,0.0,0.03,0.0,0.0,0.01,0.06,0.01,0.0,0.0,0.0,0.0,0.0,0.0,0.0,17.0,23.8,0.0,0.18,4.0,0.2,,0.5,21.0,0.0,0.9,0.01,0.06,55.0,0.1,816.0,1.5,0.0,0.0,0.0,1.0,9.0,23.3,0.0,0.0,0.5,0.0,7.0,13.0,0.0,0.11,0.03,0.6,0.29,23.0,17.0,0.0,0.4,70.0,0.2
6.187,"Yardlong beans, raw",,12,https://www.matvaretabellen.no/en/yardlong-beans-raw/,45.0,kcal,192.0,kJ,95.0,0.0,480.0,0.0,0.0,0.08,0.0,0.01,0.02,0.1,0.07,0.0,0.0,0.0,0.0,0.0,0.0,0.0,50.0,7.0,0.0,0.05,1.0,0.4,,0.5,44.0,0.0,0.9,0.07,0.1,59.0,0.2,240.0,2.8,0.0,0.0,0.1,2.0,4.0,7.0,0.0,0.0,0.0,0.0,40.0,80.0,0.0,0.11,0.11,0.4,0.02,62.0,19.0,0.0,0.2,89.0,0.4
5.1,"Yeast ring, sweet, with dried fruit",,5.10,https://www.matvaretabellen.no/en/yeast-ring-sweet-with-dried-fruit/,348.0,kcal,1464.8331539911562,kJ,100.0,0.0,34.0,0.45,0.46,1.35,0.09,0.77,2.89,1.19,0.31,0.0,0.0,0.0,0.01,0.0,0.0,0.0,52.0,57.2,21.0,0.11,3.0,9.0,6.0,1.0,26.0,3.1,2.6,0.31,1.18,119.0,1.5,234.0,7.9,78.0,0.5,3.6,4.0,190.0,34.3,15.6,15.6,22.8,0.1,81.0,83.0,0.2,0.19,0.11,1.2,0.09,37.0,1.0,1.2,1.3,23.0,0.9
1.299,"Yoghurt, blueberries, 0 % fat, Yoplait",,1.2,https://www.matvaretabellen.no/en/yoghurt-blueberries-0-fat-yoplait/,45.0,kcal,192.0,kJ,100.0,0.0,4.0,0.0,0.01,0.03,0.0,0.01,0.02,0.0,0.0,0.0,0.0,0.0,0.0,0.0,0.0,0.0,135.0,6.0,0.0,0.0,2.0,0.1,15.0,0.1,13.0,0.0,1.0,0.0,0.0,98.0,0.0,190.0,4.0,2.0,0.1,0.1,2.0,40.0,0.5,0.0,0.0,5.5,0.0,2.0,2.0,0.4,0.04,0.15,0.1,0.03,4.0,1.0,0.0,0.0,88.0,0.5
1.335,"Yoghurt, plain, 10 % fat, Greek/Turkish",,1.2,https://www.matvaretabellen.no/en/yoghurt-plain-10-fat-greek-turkish/,107.0,kcal,445.0,kJ,100.0,0.0,0.0,0.2,0.62,2.44,0.09,0.75,1.46,0.1,0.02,0.0,0.0,0.0,0.0,0.0,0.0,0.0,114.0,3.8,28.0,0.0,0.0,8.0,14.0,0.0,10.0,1.6,1.3,0.02,0.1,109.0,0.1,150.0,5.0,59.0,0.2,4.7,2.0,82.0,0.0,0.0,0.0,3.8,0.6,59.0,59.0,0.3,0.03,0.16,0.09,0.05,0.0,0.0,0.1,0.4,83.0,0.4
1.334,"Yoghurt, plain, 2 % fat, Greek/Turkish",,1.2,https://www.matvaretabellen.no/en/yoghurt-plain-2-fat-greek-turkish/,69.0,kcal,292.0,kJ,100.0,0.0,0.0,0.06,0.2,0.58,0.03,0.19,0.4,0.04,0.01,0.0,0.0,0.0,0.0,0.0,0.0,0.0,141.0,3.4,9.0,0.02,0.0,2.1,16.0,0.0,12.0,0.5,2.2,0.01,0.04,143.0,0.1,153.0,9.2,18.0,0.2,1.3,4.0,63.0,0.0,0.0,0.0,3.4,0.0,18.0,18.0,0.5,0.04,0.2,0.1,0.05,0.0,0.0,0.1,0.1,85.0,0.6
1.304,"Yoghurt, strawberry, Q-meieriene",,1.2,https://www.matvaretabellen.no/en/yoghurt-strawberry-q-meieriene/,72.0,kcal,302.0,kJ,100.0,0.0,18.0,0.1,0.29,0.8,0.04,0.31,0.58,0.04,0.01,0.0,0.0,0.0,0.0,0.0,0.0,0.0,117.0,7.5,7.0,0.01,0.0,2.7,17.0,0.1,14.0,0.7,1.1,0.01,0.06,102.0,0.1,198.0,4.4,35.0,0.1,1.8,2.0,40.0,0.4,2.9,2.9,7.1,0.1,37.0,38.0,0.4,0.05,0.14,0.1,0.04,3.0,0.0,0.0,0.1,85.0,0.5
1.305,"Yoghurt, vanilla",,1.2,https://www.matvaretabellen.no/en/yoghurt-vanilla/,71.0,kcal,300.0,kJ,100.0,0.0,20.0,0.09,0.28,0.77,0.04,0.3,0.56,0.04,0.01,0.0,0.0,0.0,0.0,0.0,0.0,0.0,119.0,7.5,7.0,0.0,0.0,2.6,16.0,0.1,16.0,0.7,1.2,0.01,0.05,114.0,0.1,221.0,4.5,39.0,0.1,1.8,2.0,40.0,0.4,2.9,2.9,7.1,0.1,41.0,42.0,0.4,0.05,0.14,0.1,0.04,4.0,0.0,0.0,0.1,85.0,0.6
1.298,"Yoghurt, vanilla, 0 % fat, Yoplait",,1.2,https://www.matvaretabellen.no/en/yoghurt-vanilla-0-fat-yoplait/,45.0,kcal,191.0,kJ,100.0,0.0,4.0,0.0,0.01,0.03,0.0,0.01,0.02,0.0,0.0,0.0,0.0,0.0,0.0,0.0,0.0,0.0,150.0,6.0,0.0,0.0,1.0,0.1,17.0,0.1,15.0,0.0,1.2,0.0,0.0,111.0,0.0,214.0,4.5,2.0,0.1,0.1,2.0,50.0,0.2,0.0,0.0,5.8,0.0,2.0,2.0,0.5,0.05,0.16,0.1,0.04,5.0,1.0,0.0,0.0,88.0,0.6
1.279,"Yoghurt, vanilla, lactose free",,1.2,https://www.matvaretabellen.no/en/yoghurt-vanilla-lactose-free/,82.0,kcal,344.0,kJ,100.0,0.0,17.0,0.09,0.31,0.86,0.07,0.32,0.62,0.04,0.01,0.0,0.0,0.0,0.0,0.0,0.0,0.0,140.0,9.7,8.0,0.0,0.0,3.0,16.0,0.1,13.0,0.7,1.0,0.01,0.01,101.0,0.1,187.0,4.0,35.0,0.1,1.9,2.0,40.0,0.0,4.6,4.6,9.7,0.1,36.0,37.0,0.4,0.04,0.15,0.1,0.03,3.0,0.0,0.0,0.1,83.0,0.5
1.011,"Yoghurt, whole milk, plain",,1.2,https://www.matvaretabellen.no/en/yoghurt-whole-milk-plain/,69.0,kcal,289.0,kJ,100.0,0.0,20.0,0.1,0.34,0.97,0.08,0.36,0.7,0.05,0.01,0.0,0.0,0.0,0.0,0.0,0.0,0.0,160.0,5.6,8.0,0.0,0.0,3.4,16.0,0.1,16.0,0.8,1.0,0.01,0.01,114.0,0.1,221.0,4.0,39.0,0.1,2.2,2.0,50.0,0.0,0.0,0.0,5.6,0.1,41.0,42.0,0.5,0.05,0.17,0.1,0.04,4.0,0.0,0.0,0.1,87.0,0.6
1.275,"Yoghurt, whole milk, plain, lactose free",,1.2,https://www.matvaretabellen.no/en/yoghurt-whole-milk-plain-lactose-free/,68.0,kcal,284.0,kJ,100.0,0.0,20.0,0.1,0.34,0.97,0.08,0.36,0.7,0.05,0.01,0.0,0.0,0.0,0.0,0.0,0.0,0.0,160.0,5.3,8.0,0.0,0.0,3.4,16.0,0.1,13.0,0.8,1.0,0.01,0.01,114.0,0.1,191.0,4.0,39.0,0.1,2.2,1.0,50.0,0.0,0.0,0.0,5.3,0.1,41.0,42.0,0.5,0.05,0.17,0.1,0.04,4.0,0.0,0.0,0.1,87.0,0.5
1.29,"Yoghurt, whole milk, plain, organic",,1.2,https://www.matvaretabellen.no/en/yoghurt-whole-milk-plain-organic/,69.0,kcal,289.0,kJ,100.0,0.0,19.0,0.12,0.39,0.99,0.07,0.32,0.59,0.06,0.02,0.0,0.0,0.0,0.0,0.0,0.0,0.0,160.0,5.6,9.0,0.0,0.0,3.4,19.0,0.1,16.0,0.7,1.0,0.02,0.02,114.0,0.1,221.0,4.0,13.0,0.1,2.3,2.0,50.0,0.0,0.0,0.0,5.6,0.1,15.0,16.0,0.5,0.05,0.17,0.1,0.04,4.0,0.0,0.0,0.1,87.0,0.6
1.222,"Yoghurt, with muesli and berries",,1.2,https://www.matvaretabellen.no/en/yoghurt-with-muesli-and-berries/,117.0,kcal,493.0,kJ,100.0,0.0,20.0,0.1,0.34,0.96,0.08,0.35,0.69,0.05,0.01,0.0,0.0,0.0,0.0,0.0,0.0,0.0,125.0,17.1,8.0,0.01,1.0,3.4,15.0,0.1,12.0,0.8,1.0,0.01,0.01,91.0,0.1,175.0,4.0,31.0,0.1,2.2,2.0,40.0,6.1,5.2,5.2,11.0,0.1,33.0,34.0,0.4,0.04,0.14,0.1,0.03,3.0,0.0,0.0,0.1,75.0,0.5
1.096,"Yoghurt, with strawberry, Tine",,1.2,https://www.matvaretabellen.no/en/yoghurt-with-strawberry-tine/,86.0,kcal,361.0,kJ,100.0,0.0,18.0,0.09,0.31,0.87,0.07,0.32,0.62,0.04,0.01,0.0,0.0,0.0,0.0,0.0,0.0,0.0,140.0,10.5,8.0,0.01,0.0,3.1,17.0,0.1,14.0,0.7,1.0,0.01,0.01,102.0,0.1,198.0,4.0,35.0,0.1,1.9,2.0,47.0,0.2,5.0,5.6,10.3,0.1,37.0,38.0,0.4,0.05,0.15,0.1,0.03,3.0,0.0,0.0,0.1,82.0,0.5
